<author lang="en">
	<documents>
		<document><![CDATA[in the time of chimpanzees I was a monkey]]></document>
		<document><![CDATA[How on earth is that not a foul]]></document>
		<document><![CDATA[We're back! Tonight we operate on Trump.
https://t.co/PCn6L51Q6g https://t.co/ywO1zPk4wt]]></document>
		<document><![CDATA[you already know, this is the year of @unofficialTHEY]]></document>
		<document><![CDATA[@Jp3ilson @2GGaming bottom left colorway is my fav tbh!]]></document>
		<document><![CDATA[time for a late night grind fest]]></document>
		<document><![CDATA[We're still going, come chill.

https://t.co/5pGnkGhF92]]></document>
		<document><![CDATA[1 Surgery Down, more to come.

https://t.co/PCn6L51Q6g https://t.co/Juk4ZHDepq]]></document>
		<document><![CDATA[Come watch my roommate play Surgeon Simulator in scrubs

https://t.co/5pGnkGhF92]]></document>
		<document><![CDATA[@claytonfinney yea that's not possible]]></document>
		<document><![CDATA[@claytonfinney how do you even get higher than that]]></document>
		<document><![CDATA[when you take a social media class in uni https://t.co/PuD6dPhVsJ]]></document>
		<document><![CDATA[@SynergyPeach @Krabzillas this is dope]]></document>
		<document><![CDATA[@vapourwaver @SynergyPeach this guy hit it on the head,  history in western civilization has always been heavily dominated by the white]]></document>
		<document><![CDATA[I like how Cole Sprouse still looks 12]]></document>
		<document><![CDATA[new nickleback is interesting to say the least]]></document>
		<document><![CDATA[Check out my boy @shewmusic's dope remix of All Time Low! 
https://t.co/PkivAz5H2a]]></document>
		<document><![CDATA[@BeccaaCraft I have a course called Century of Genocide and we have leaders coming in to speak about residential schools]]></document>
		<document><![CDATA[Wait what,  Rihannas in the new season of bates motel???]]></document>
		<document><![CDATA[@AvisDesigns dope always cool to see designs go to print/merch :)]]></document>
		<document><![CDATA[@BeccaaCraft about to do a smudge, feel like i'm back in high school]]></document>
		<document><![CDATA[@Jp3ilson if anything comes up I'll be sure to send it your way!]]></document>
		<document><![CDATA[@Jp3ilson it's not that bad anymore just have to tread cautiously]]></document>
		<document><![CDATA[@Jp3ilson actually a lot of backlash from industry professionals came out of that]]></document>
		<document><![CDATA[@Jp3ilson no idea just got huge community backlash at the time for basically being spec work]]></document>
		<document><![CDATA[@KerrDesigns @bengreydesign @designastory yea cause you're a liability]]></document>
		<document><![CDATA[@bengreydesign @KerrDesigns @designastory Ben knows]]></document>
		<document><![CDATA[So... who won all the precious internet fame?!
https://t.co/IH0xMHgJPk]]></document>
		<document><![CDATA[@KerrDesigns @bengreydesign @designastory no you're just a pussy and you delete it after you tweet it]]></document>
		<document><![CDATA[@MyNameIsMachine hey you still want this header? https://t.co/Q2IcIQpuQj]]></document>
		<document><![CDATA[@bengreydesign @KerrDesigns @designastory you're famous ben]]></document>
		<document><![CDATA[Omg the Pegasus event is back]]></document>
		<document><![CDATA[@nancyyttran exactly]]></document>
		<document><![CDATA[@nancyyttran why not StarCraft]]></document>
		<document><![CDATA[@bengreydesign so you're comparing the low point of a non-cod Champs event to the peak viewership of the cs major?]]></document>
		<document><![CDATA[@bengreydesign are you comparing Gfinity to the Major? If I remember CoD Champs hit ~80,000 during OpTic/FaZe matches. Still a huge gap.]]></document>
		<document><![CDATA[@Buuyyaakkaa @BreezeAG @ESL he means yes would not be a grammatically correct response to the question]]></document>
		<document><![CDATA[@epengu it's actually $9 and I bought it]]></document>
		<document><![CDATA[@Haen Couple months ago now, thanks man]]></document>
		<document><![CDATA[@Haen @bengreydesign They bought out VeriSign as a company entirely, in part to adopt their branding. https://t.co/nhb3lc1kp1]]></document>
		<document><![CDATA[@bengreydesign @Haen that's not true. Symantec bought out VeriSign for 1.28 billion dollars and then adopted their logo.]]></document>
		<document><![CDATA[@nathaniastv @Rif_kingz crunchy master race]]></document>
		<document><![CDATA[@bengreydesign I feel like if the hand was that muted greyish tone like the trees this would look dope af.]]></document>
		<document><![CDATA[@epengu should I https://t.co/0YbtnT2bAu]]></document>
		<document><![CDATA[Need a logo whiz to help me with shading pls]]></document>
		<document><![CDATA[Woo Astralis!!!]]></document>
		<document><![CDATA[In America https://t.co/JitbRJRuJr]]></document>
		<document><![CDATA[@MaxEnvisions @Migos @1YoungTakeoff @QuavoStuntin @OffsetYRN this is dope]]></document>
		<document><![CDATA[@KerrDesigns how much is shipping I'm sure @deweyinc will reimburse you]]></document>
		<document><![CDATA[@KerrDesigns did you buy that astralis jersey yet]]></document>
		<document><![CDATA[@AvisDesigns means that your family overcame the odds to give you an opportunity they might not have had, bit of both I guess]]></document>
		<document><![CDATA[Think it's finally time to listen to kaytra's album front to back, avoided it for too long]]></document>
		<document><![CDATA[.@astralisgg #ToTheStars #ELEAGUEMajor https://t.co/TD9OgeL4ri]]></document>
		<document><![CDATA[Thanks for all the support everyone]]></document>
		<document><![CDATA[@ElevateTechno @ElevateGG @CavThinks Was a pleasure working with you techno!]]></document>
		<document><![CDATA[@GFE_Lambzy two weeks shy of two years haha]]></document>
		<document><![CDATA[I should have more to announce about my new plans in the coming days and also probably put out a twitlongr or vlog about everything :)]]></document>
		<document><![CDATA[Formally announcing that I have left @ElevateGG but my position is being filled by the extremely capable @CavThinks!
https://t.co/LMHIZmOaPP]]></document>
		<document><![CDATA[@BrouderMedia having glasses/cups without lids on stage seems like a huge liability though haha]]></document>
		<document><![CDATA[@BrouderMedia They have non-plastic shakers? IEM uses plastic ones too. Also this observation was from my brother who is completely neutral.]]></document>
		<document><![CDATA[@BrouderMedia Actually think it lowers production value because the plastic shakers look real cheap on the broadcast]]></document>
		<document><![CDATA[@Jaan yea thats what I mean everything literally was set up for xyp perfectly]]></document>
		<document><![CDATA[@Jaan honestly even if he just killed flamie first since Edward was probably running with his pistol out.]]></document>
		<document><![CDATA[Does anyone know a thing about this weird org that picked up the Kungarna OW team?]]></document>
		<document><![CDATA[@Jaan literally he couldn't have asked for a better set up for that clutch]]></document>
		<document><![CDATA[man device is so sick]]></document>
		<document><![CDATA[@KerrDesigns @adumon_ @astralisgg @SKGaming hope your wallet is ready]]></document>
		<document><![CDATA[let a _____ nut, only way i'll go to sleep. pce]]></document>
		<document><![CDATA[All I get out of the Katowice qualifiers is that Blizzard has just lost all sense of what they are doing.]]></document>
		<document><![CDATA[@MaxEnvisions just make sure you're conscious of it and focus on balancing weight distribution when you lift]]></document>
		<document><![CDATA[@zesteus @GFuelEnergy this is actually a dope ass pic]]></document>
		<document><![CDATA[@MaxEnvisions if you're right handed you're probably putting extra strain on your right sided muscles inadvertently]]></document>
		<document><![CDATA[@KerrDesigns this seems pretty safe]]></document>
		<document><![CDATA[@LynnieNoquez @FroZnRay what's wrong with the dog filter]]></document>
		<document><![CDATA[@Grayit they donate 5c to mental health for every use of the #]]></document>
		<document><![CDATA[@ElevateCEO @EVO smash is not a traditional fighting game and not a staple evo title like most others]]></document>
		<document><![CDATA[Apparently Fox is just a God at dust 2]]></document>
		<document><![CDATA[so many dope games at this major already]]></document>
		<document><![CDATA[@Arejano96 see my follow up tweet]]></document>
		<document><![CDATA[Thanks for your prayers twitter, success https://t.co/oi5IYTbQFP]]></document>
		<document><![CDATA[@shiroiusagi_ that's pre-slow cooked, think I got like 40 more minutes in the slow cooker till its done]]></document>
		<document><![CDATA[Everyone please pray for my paella https://t.co/W4SrMgc7DN]]></document>
		<document><![CDATA[@KerrDesigns man to potentially 0-3 the major having to face VP, Astralis, North. Feel so bad for them]]></document>
		<document><![CDATA[@FirstFloris are you made of money floris]]></document>
		<document><![CDATA[@Jp3ilson @smashgg Damn this is tight dude]]></document>
		<document><![CDATA[@shewmusic shit..  Suitcase got soaked?]]></document>
		<document><![CDATA[@shewmusic @Uber_Support @Uber this is some bs]]></document>
		<document><![CDATA[jesus, Optic cant catch a break. Astralis as their Low match]]></document>
		<document><![CDATA[clarity elige 8)]]></document>
		<document><![CDATA[Let's fucking go,  fuck off Burnley]]></document>
		<document><![CDATA[Two penalties in added time? Lmao]]></document>
		<document><![CDATA[What a shitty start to the day]]></document>
		<document><![CDATA[I want to create meaningful visuals that invoke a real response and makes a real impact.

This is what will drive me forward.]]></document>
		<document><![CDATA[It's back to the drawing board tomorrow.]]></document>
		<document><![CDATA[Always remember to save your work, cause I just lost an hour of it cause my pc crashed.]]></document>
		<document><![CDATA[@ObeyBren he got it!!]]></document>
		<document><![CDATA[@AliGingee @bengreydesign i mean he has a point]]></document>
		<document><![CDATA[@alamirmirza hit my DMs]]></document>
		<document><![CDATA[@alamirmirza i thought you were dead]]></document>
		<document><![CDATA[Picked my group! Thanks to everyone who reached out :)
https://t.co/BDEu5QRGNZ]]></document>
	</documents>
</author>