<author lang="en">
	<documents>
		<document><![CDATA[#ThrowbackThursday
Why was the BC government not interested in taxing absentee/foreign real estate investors?… https://t.co/GjcKXD7JSZ]]></document>
		<document><![CDATA[#ThrowbackThursday
Is Christy Clark excited about more special needs teachers / class size changes in public school… https://t.co/clfWFGGAbT]]></document>
		<document><![CDATA[Clark diversifies economy; Real Estate Speculation, Money-laundering &amp; BC Liberal fundraisers
#bcpoli #kelowna… https://t.co/DHvRl351Cx]]></document>
		<document><![CDATA[#ThrowbackThursday
Christy Clark attempt to force First Nations approval for LNG by tying children welfare to accep… https://t.co/hhugt5iMnU]]></document>
		<document><![CDATA[Clark accepts 100s thousands in bribes, er stipends
Must show tax returns
#bcpoli #kelowna
#corruption… https://t.co/kS3LwCvI5A]]></document>
		<document><![CDATA[#ThrowbackThursday
BC Liberals sell off BC Rail for Half-Billion below market value for bribes - Clark suppresses i… https://t.co/qTSMqmD6Dk]]></document>
		<document><![CDATA[#ThrowbackThursday
BCLIberals inherit $1.5 Billion SURPLUS from NDP, lied about it and now DEBT $67 Billion
#bcpoli… https://t.co/datDHxBwvo]]></document>
		<document><![CDATA[#ThrowBackThursday
BC Hydro debt only $7 Billion before BC Liberals began siphoning off Billions to ex Libs
#bcpoli… https://t.co/pYfwAFmGwC]]></document>
		<document><![CDATA[Did BC Liberals bribe @JustinTrudeau to squash lawsuit against Corp / BC Gov?
#bcpoli #cdnpoli #kelowna
#corruption… https://t.co/S9bC9EjRGl]]></document>
		<document><![CDATA[#ThrowbackThursday
#BCLiberals lost 40,000 forestry jobs, while log exports increased 1,200%
#bcpoli #kamloops… https://t.co/GVHophTe2z]]></document>
		<document><![CDATA[BC Libs ignore marketplace and embraced Soviet model for LNG dev - public money to foreign corps
#kelowna #bcpoli… https://t.co/YFLmuw0NEX]]></document>
		<document><![CDATA[Log exports up 567% under Clark.
But log values/jobs less than half now!
#bcpoli #kelowna
#corruption #notrealworld… https://t.co/r3tCqjztKs]]></document>
		<document><![CDATA[#ThrowbackThursday
BC Liberals take $4M bribe, allow mining corps to leave $1.5B cleanup for public
#bcpoli… https://t.co/yn9kykINML]]></document>
		<document><![CDATA[#ThrowbackThursday
#lululemon threaten to move office if they can't hire Temporary Foreign Workers - Clark agrees… https://t.co/XhErLQPkMC]]></document>
		<document><![CDATA[How rich elites took over BC and the Liberals welcomed them
#bcpoli #kelowna
#corruption #teambc2017 #notrealworld… https://t.co/Xpqj630iZI]]></document>
		<document><![CDATA[#ThrowbackThursday
Remember #BCLiberals Debt free lie?
Now BC Debt $67B, Hydro Debt $76B - to pay off bribes… https://t.co/f4djtWA0LU]]></document>
		<document><![CDATA[#ThrowBackThursday
BC Liberals gut BC Parks down to just 7 Rangers responsible for 14 million hectares
Now 'promise… https://t.co/neKQfthsZk]]></document>
		<document><![CDATA[Liberal pals plundering BC Hydro for tens of Billions
#bcpoli #cdnpoli #kelowna
#corruption #notrealworld… https://t.co/bHfqc0tQGM]]></document>
		<document><![CDATA[#ThrowbackThursday
BC Liberals ignore safety practices and open new mines endangering lives - because bribes… https://t.co/ZIATtZnQ7e]]></document>
		<document><![CDATA[#ThrowbackThursday
Christy Clark #notrealworld because Lululemon bribes, mocks public opposed to Burrard St Bridge… https://t.co/tnWjIK04A4]]></document>
		<document><![CDATA[Don’t Follow a Funnel, Create Content for an Engine [Research] by @tchere https://t.co/mPuVOVL8mq https://t.co/l7VP4HcMeC]]></document>
		<document><![CDATA[#ThrowbackThursday
BC LIb, Rich Coleman, accepts bribes - changes BC tax law to benefit brewery $10 Million
#bcpoli… https://t.co/yplhMOqNZt]]></document>
		<document><![CDATA[#ThrowbackThursday Gordon Campbell took 10 years to lose 13,000 forestry jobs. Christy Clark lost more than 15,000… https://t.co/aVF8xDQ6cv]]></document>
		<document><![CDATA[7 Tips for Marketing a ‘Boring’ Brand on Social Media via @hootsuite https://t.co/Y7mF30Es5v  #socialmediamarketing https://t.co/wyzk7bBi46]]></document>
		<document><![CDATA[Free Local SEO Education for Businesses on a Shoestring Budget
https://t.co/MgHZdwpGUK https://t.co/xIJm4Tuco1]]></document>
		<document><![CDATA[#ThrowbackThursday
Remember when @christyclarkbc rehired triple delete expert while planning for coming election?… https://t.co/cmPbFHlR2g]]></document>
		<document><![CDATA[#ThrowbackThursday
Clark says legislature “sick culture, all they can think about is government” - works less than… https://t.co/Bg1Xj56lz7]]></document>
		<document><![CDATA[13 Ways that Content Is Monetized Online
https://t.co/pVJUXlxsAb https://t.co/JQqGHqkI1R]]></document>
		<document><![CDATA[Stephen Harper's consulting firm behind shadowy new group linked to BC Liberals https://t.co/OO028f67z3
#bcpoli… https://t.co/RQvxPsV122]]></document>
		<document><![CDATA[#ThrowbackThursday
BC Liberals sell foreign corp Nestle BC water for $2.25 per million litres… https://t.co/dbHXfVoIk4]]></document>
		<document><![CDATA[#ThrowbackThursday
Christy Clark/Mike de Jong give insider information to Bob Rennie
#bcpoli #cdnpoli… https://t.co/SnhhBGRlMi]]></document>
		<document><![CDATA[107 Mind-Blowing #Sales Statistics That Will Help You Sell Smarter https://t.co/brkECgwc2F  #socialselling… https://t.co/1UeAjT0TyC]]></document>
		<document><![CDATA[#ThrowbackThursday
Christy Clark/#BCLiberals bald-faced lies about First Nation support for LNG project #bcpoli… https://t.co/pEOsGin6Zj]]></document>
		<document><![CDATA[What New Data Tells Us About Blog Advertising via @Mediakix https://t.co/sNcUA1c5PP https://t.co/ub39OFG54u]]></document>
		<document><![CDATA[#ThrowbackThursday
Was Campbell more caring and less corrupt than Christy Clark?
#bcpoli #cdnpoli
#corruption… https://t.co/LUh3cMfI4U]]></document>
		<document><![CDATA[How to Draw Inspiration From the Most Unlikely Places by @bardofboston https://t.co/ImWePIoJqm https://t.co/AtUH3JEBEb]]></document>
		<document><![CDATA[#ThrowbackThursday
Christy Clark / BC Liberals steal Billions from Public
#bcpoli #cdnpoli
#corruption… https://t.co/Xww8z9TEmm]]></document>
		<document><![CDATA[Clark accepts 100s thousands in bribes, er stipends
Must show tax returns
#bcpoli #kelowna
#corruption… https://t.co/y9IIqCZfpJ]]></document>
		<document><![CDATA[#ThrowbackThursday
Clark bribes  Chief Ken Rea $150k to sway band to help her brother
#bcpoli
#notrealworld… https://t.co/Jwe8en0DGx]]></document>
		<document><![CDATA[BC Liberals taking heavy fire, but NDP need to pour on the gasoline #bcpoli #cdnpoli  https://t.co/7ScbRBXGiR https://t.co/M780DZyTCI]]></document>
		<document><![CDATA[Daily #flipboard edition of Living in Beautiful British Columbia is now available - please RT… https://t.co/i7l4estVp6]]></document>
		<document><![CDATA[Clark thinks she is Messiah - tells story of turning 50 BC Jobs into 75,000 person-years of work!
#bcpoli #kelowna… https://t.co/N2J6Vc1jSH]]></document>
		<document><![CDATA[BC Liberals - Empty promises from empty heads
#bcpoli #bced #cdnpoli 
#notrealworld 
https://t.co/WqVa7HtZAC https://t.co/zCAWh5Jqjb]]></document>
		<document><![CDATA[#ThrowbackThursday
BC Liberals paid California $750 Million - by not fighting for BC public
#bcpoli #notrealworld… https://t.co/KFNSSyriKh]]></document>
		<document><![CDATA[BC Liberals gut BC Parks down to just 7 Rangers responsible for 14 million hectares
Now 'promise' change. I call BS… https://t.co/uc2yqOz1IP]]></document>
		<document><![CDATA[Log exports up 567% under Clark.
But log values/jobs less than half now!
#bcpoli #cdnpoli
#kelowna #notrealworld… https://t.co/OO1OukZWFK]]></document>
		<document><![CDATA[How did Clark turn 50 BC Jobs into 75,000 person-years of work from exactly the same pipeline?
By lying.
#bcpoli… https://t.co/dhktsUloHJ]]></document>
		<document><![CDATA[Christy Clark / BC Liberals to raise ICBC, BC Hydro, Trankslink and MSP in 2017
#notrealworld #bcpoli #kelowna… https://t.co/GxASUA8rfh]]></document>
		<document><![CDATA[BC Liberals raised #ICBC rates 32% since 2011, will increase 42% more over the next five years
#bcpoli #kelowna… https://t.co/aNXAAL2LsI]]></document>
		<document><![CDATA[Even Sarah Palin's Alaska says #teambc2017 enviro assessment for mining industry is a #corrupt joke
#bcpoli… https://t.co/YnLO9yjM9i]]></document>
		<document><![CDATA[Stephen Harper's consulting firm behind shadowy new group linked to BC Liberals https://t.co/OO028fnIXD
#bcpoli… https://t.co/GMmjkbdtuB]]></document>
		<document><![CDATA[Ontario creates 5 jobs for every 1 BC Liberals create in forest industry #kelowna #cdnpoli #notrealworld #bcpoli… https://t.co/x0PmeMeXkh]]></document>
		<document><![CDATA[STATS CAN Oct 2015 - 2016
41,300 Part-Time jobs / 14,300 Full-Time jobs
BC Liberals turn to low-wage, temp jobs for… https://t.co/sQRQ2rMuSL]]></document>
		<document><![CDATA[Economist links #SiteC dam to NAFTA and bulk water exports
#bcpoli #cdnpoli
#notrealworld #corruption #kelowna… https://t.co/7JBohXfKqY]]></document>
		<document><![CDATA[Christy Clark / BC Liberals steal Billions from BC Public
#bcpoli #cdnpoli #kelowna 
#corruption #notrealworld… https://t.co/c1EOCnoJV0]]></document>
		<document><![CDATA[BC Liberals unfit to govern as they take money and make policy from Foreign Gov Agenda
#bcpoli #cdnpoli #kelowna… https://t.co/a660rF1CWm]]></document>
		<document><![CDATA[How rich elites took over BC and the Liberals welcomed them
#bcpoli #cdnpoli #kelowna
#corruption  #notrealworld… https://t.co/3etAqfFgTa]]></document>
		<document><![CDATA[BC Liberals ignore marketplace and embraced Soviet model of LNG dev - give public money to foreign corps
#kelowna… https://t.co/SpypMVgxUq]]></document>
		<document><![CDATA[Christy Clark doesn't want you to know - she will raise the average ICBC rate $400/yr
#bcpoli #kelowna… https://t.co/up07IIs1Ec]]></document>
		<document><![CDATA[Christy's 100 LNG jobs to cost taxpayers $138,000 annually per job
#bcpoli #teamBC2017 #LNG #Kelowna #notrealworld… https://t.co/0EPzMw22u4]]></document>
		<document><![CDATA[Christy Clark / BC Liberals so inept, they now pay gas producers to remove and sell BC Gas
#bcpoli #cdnpoli… https://t.co/kxAF1l6C7z]]></document>
		<document><![CDATA[Nine Steps to Guest Postinghttp://ow.ly/Z7nY3080GD7 https://t.co/Lq5kU3STUG]]></document>
		<document><![CDATA[STUDY: CDN workers productivity rises 10x higher than salaries.
BC Liberals fight higher min wage
#bcpoli #kelowna… https://t.co/fnhuOyhAR7]]></document>
		<document><![CDATA[The PERFECT 6-Figure Email Sales Sequence for 2017
https://t.co/9E1qpj8OxR https://t.co/wVaSvOJbwr]]></document>
		<document><![CDATA[Christy Clark / BC Liberals shred legal advice post-it notes for Billion Dollar Contract
#bcpoli #cdnpoli #kelowna… https://t.co/Ll2DpcPoKf]]></document>
		<document><![CDATA[4 in 10 Adults Say They’ve Bought Something They Saw on Social Media https://t.co/WAQdygOpfa https://t.co/TSJ7JpGz44]]></document>
		<document><![CDATA[Christy Clark making stuff up again.
Now claims BC pot laced with fentanyl
#bcpoli #cdnpoli #kelowna #notrealworld… https://t.co/sBYFwy92k1]]></document>
		<document><![CDATA[12 Sneaky Psychological Biases That Affect How You Sell https://t.co/geGPFxRqNP https://t.co/ETV39WyrIo]]></document>
		<document><![CDATA[Christy Clark / BC Liberals to raise ICBC, BC Hydro, Trankslink and MSP in 2017
#notrealworld #bcpoli #kelowna… https://t.co/m7kIZCh1dX]]></document>
		<document><![CDATA[Daily #flipboard edition of Living in Beautiful British Columbia is now available - please RT… https://t.co/q2qZArB3lE]]></document>
		<document><![CDATA[Christy Clark pre-election lies to win votes in her riding
#bcpoli #cdnpoli
#corrupt #notrealworld #kelowna… https://t.co/CkzCPZppLe]]></document>
		<document><![CDATA[5 #DigitalMarketing Trends That Will Disrupt Your Business https://t.co/3ARtVBpyCI  #contentmarketing #socialmedia https://t.co/49FBQ453hF]]></document>
		<document><![CDATA[.@JustinTrudeau tries to squash lawsuit against Corp and BC Gov - was he bribed by BC Libs?
#bcpoli 
#kelowna… https://t.co/NugQf2Rgjj]]></document>
		<document><![CDATA[Dictator appointed by Christy Clark has penetrating recommendations after just 2 weeks on the job?
Bullshit
#bcpoli… https://t.co/xNjT2fFeZO]]></document>
		<document><![CDATA[5 Brilliant Talks on how Psychology Affects Design, UX, Branding, Marketing and Advertising  https://t.co/JxuTVHfR4R https://t.co/t1tiAzom7M]]></document>
		<document><![CDATA[BC Liberals have stolen Billions from our BC Hydro to repay bribes-
https://t.co/mwfr1El8ql
#bcpoli #kelowna… https://t.co/nEU4wN7ls8]]></document>
		<document><![CDATA[$2300 for 625 sq ft.
BC Liberals keep boot on necks of Public with Min Wage and High Costs
#bcpoli #cdnpoli… https://t.co/h02VJMXw5r]]></document>
		<document><![CDATA[#ContentMarketing Vs. #InboundMarketing: Great post by @jayca416  https://t.co/U1xgnVNzv3 https://t.co/v6ph1OJ4VP]]></document>
		<document><![CDATA[Clark diversifies economy; Real Estate Speculation, Money-laundering &amp; BC Liberal fundraisers
#bcpoli #notrealworld… https://t.co/UuLT6eMAQA]]></document>
		<document><![CDATA[BC Liberals ignore marketplace and embraced Soviet model of LNG dev - give public money to foreign corps
#bcpoli… https://t.co/vV3TZGza1z]]></document>
		<document><![CDATA[BC Liberal Forests Minister Steve Thomson says we lost post-it notes, but trust me it's true
#bcpoli #cdnpoli… https://t.co/tznFN66vJC]]></document>
		<document><![CDATA[Small Business Owners: Use These Tips to Increase Website Traffic from Social Mediahttp://ow.ly/cQoC3081p7r https://t.co/uJ6NFwjQO7]]></document>
		<document><![CDATA[More lies from @BCGovNews
Same BS as 20 Billion spent on LNG
Trans Mountain said 50 jobs in BC
#bcpoli #cdnpoli… https://t.co/uwIptvdxKj]]></document>
		<document><![CDATA[Log exports up 567% under Clark.
But log values/jobs less than half now!
#bcpoli #cdnpoli
#kelowna #notrealworld… https://t.co/yFbBKfmH9r]]></document>
		<document><![CDATA[BC Liberals and Fed Liberals give Lululemon what they want with temporary foreign workers, say F-U to BC employees… https://t.co/wdAOuzsUOM]]></document>
		<document><![CDATA[Morning #flipboard edition of Living in Beautiful British Columbia is now available - please RT… https://t.co/5r0lBuOocE]]></document>
		<document><![CDATA[Christy Clark / BC Liberals to raise ICBC, BC Hydro, Trankslink and MSP in 2017
#notrealworld #bcpoli #kelowna… https://t.co/Gjjn35UxBU]]></document>
		<document><![CDATA[STATS CAN Oct 2015 - 2016
41,300 Part-Time jobs / 14,300 Full-Time jobs
BC Liberals turn to low-wage, temp jobs for… https://t.co/thRpKJQ9fk]]></document>
		<document><![CDATA[Isn't Teck responsible for nearly 60% or $1.2 Billion in underfunded mine clean up in BC ?
#bcpoli #cdnpoli 
@Norm_Farrell @slocanslim]]></document>
		<document><![CDATA[Early #flipboard edition of Living in Beautiful British Columbia is now available - please RT… https://t.co/538NDNxPHo]]></document>
		<document><![CDATA[Harper and Clark, sitting in a tree
K. I. S. S. I. N. G. . .
#bcpoli #cdnpoli 
#corruption #teambc2017 #notrealworld https://t.co/WcvZVSniUs]]></document>
		<document><![CDATA[Do Christy Clark and the BC Liberals care about saving lives or clutching power?
#bcpoli #corruption #teambc2017… https://t.co/Z4WkUhKpLa]]></document>
		<document><![CDATA[BC Liberals rig system for 'donations' from local and foreign developers and speculators
#bcpoli #cdnpoli… https://t.co/AuguyExKfV]]></document>
		<document><![CDATA[Log exports up 1200% under BC Liberals
But log values/jobs less than half now!
#bcpoli
#corruption #notrealworld… https://t.co/nedtopgd9f]]></document>
		<document><![CDATA[Christy Clark says we live in #notrealworld, so let's examine her world of #AlternativeFacts
#bcpoli #bced #VanRE… https://t.co/OaV3cPhs5q]]></document>
		<document><![CDATA[Are BC Liberals racist with systematic attack on First Nations rights, freedom, health, well-being and safety?… https://t.co/XaCUiOwOG5]]></document>
		<document><![CDATA[Over 10 years ago BC Liberals promised seismic upgrades for Public Schools - they risk lives of thousands of kids… https://t.co/8grXmkF3yN]]></document>
		<document><![CDATA[STATS CAN: BC Liberals are 2nd to last in secure Full-Time job creation, but first to hire TFWs… https://t.co/OmbhPAXZae]]></document>
		<document><![CDATA[BC Hydro raised rates over 51%, will add another 30% to subsidize Woodfibre LNG
https://t.co/V1g1GTD7OF
#bcpoli… https://t.co/KIIla92YV2]]></document>
		<document><![CDATA[Women trying to flee violence will have few options but to stay at home
Thanks Rich Coleman / BC Liberals
#bcpoli… https://t.co/ko4vIwJfSO]]></document>
	</documents>
</author>