<author lang="en">
	<documents>
		<document><![CDATA[Trump speaking volumes without saying nothing at all. 

https://t.co/65nCegr3Ef]]></document>
		<document><![CDATA[Trump speaking volumes without saying nothing at all: https://t.co/d7vrUVvCsJ via @YouTube]]></document>
		<document><![CDATA[This is Taliban Country - REWIND https://t.co/hqxcgqf6Po]]></document>
		<document><![CDATA[First Day: The pioneering surgeon who came to Australia on a leaky boat https://t.co/MT2Lxdjjq5]]></document>
		<document><![CDATA[One World One Solution One Day 
https://t.co/oD839PmTC1 https://t.co/jiQr5MxTNf]]></document>
		<document><![CDATA[We the humanity of the world are the only ones that can solve this.
The Humanity Party has the only solutions.... https://t.co/etjIUiEVHO]]></document>
		<document><![CDATA[Nathan Cook shared your post.

The World Health Organization (WHO) and United Nations (UN) have a plan for... https://t.co/RUtm1Xuv95]]></document>
		<document><![CDATA[Rare Acoustic Rendition “Here Comes the Sun” https://t.co/CqwQtabjRy]]></document>
		<document><![CDATA[Vocals only https://t.co/Oo4ezAJWcH]]></document>
		<document><![CDATA[Poverty exists because money exists. 
Money created poverty, therefore poverty can only be eliminated....... https://t.co/0MNdIJY3sx]]></document>
		<document><![CDATA[MWAW Blogtalk Radio show is LIVE NOW!! Click below to listen. If you have a question, call (914) 205-5660 and... https://t.co/V8HiT3aQ9S]]></document>
		<document><![CDATA[Don't you think it's time? https://t.co/oD839PmTC1 https://t.co/5Wlpo8NsXv]]></document>
		<document><![CDATA[We the humanity of the world are the only ones that can solve this.
The Humanity Party has the only solutions.... https://t.co/R7qCsDsqmk]]></document>
		<document><![CDATA[The Humanity Party® has the answers.  No one else does.]]></document>
		<document><![CDATA[The Marvelous Work and a Wonder® - The Greatest Con the world has ever know: a profound message from the Humantiy... https://t.co/2ftPu4HFjL]]></document>
		<document><![CDATA[Boko Haram: Behind the Rise of Nigeria's Armed Group.  The Humanity Party® presentation of the truth... https://t.co/i5heFPySZj]]></document>
		<document><![CDATA[Al Jazeera News on Twitter https://t.co/Ha1yfJWiiy]]></document>
		<document><![CDATA[We the humanity of the world are the only ones that can solve this.
The Humanity Party has the only solutions.... https://t.co/yZ0A6vMcwa]]></document>
		<document><![CDATA[We the humanity of the world are the only ones that can solve this.
The Humanity Party has the only solutions.... https://t.co/DGV1Ctaod6]]></document>
		<document><![CDATA[Such as life. Hu? scratch head. ;-) https://t.co/xYRBtlpAY5]]></document>
		<document><![CDATA[Unfortunately for the world's organized religions and their leaders, who have set themselves up as conduits of... https://t.co/XGU05P49LY]]></document>
		<document><![CDATA[The roads we travel. Thanks George W. 
Grab some popcorn sit back as the show (Trump) has begun. 
Of course we... https://t.co/7hnUe7bFCE]]></document>
		<document><![CDATA[We the humanity of the world are the only ones that can solve this.
The Humanity Party has the only solutions.... https://t.co/XLgOEQpjcI]]></document>
		<document><![CDATA[The purpose of my extreme arrogance and challenges; MWAW BlogTalk Radio Show Sunday, Jan. 29th - Daily Journal of... https://t.co/zf2j2NLy8U]]></document>
		<document><![CDATA[Mike Oldfield Story (BBC Documentary) https://t.co/HLLaAYanBW]]></document>
		<document><![CDATA[NASA Just Made All the Scientific Research It Funds Available for Free https://t.co/YLZJpH4RWX]]></document>
		<document><![CDATA[Great movie. A must see based on a true story that may just begin to open ones eyes. 
Will Smith stars in... https://t.co/R5rbeKuIYt]]></document>
		<document><![CDATA[Responses on helping write The Game of Life. Becoming one of the characters from the Big Lebowski. - Daily... https://t.co/COUMCCNGNd]]></document>
		<document><![CDATA[Living in the land down under 
https://t.co/DETSTBYfyQ https://t.co/vWPu5dARHc]]></document>
		<document><![CDATA[The ability to think is what discerns a human being from all other life forms. Each and every human being ~ born... https://t.co/gVBHnTpWsF]]></document>
		<document><![CDATA[Five Basic Necessities Of Life Free https://t.co/pv2d8SJvV1]]></document>
		<document><![CDATA[We the humanity of the world are the only ones that can solve this.
The Humanity Party has the only solutions.... https://t.co/A0dKdJWA58]]></document>
		<document><![CDATA[We the humanity of the world are the only ones that can solve this.
The Humanity Party has the only solutions.... https://t.co/R11wQalRIw]]></document>
		<document><![CDATA[We have no excuses other than to blame one outside of ourselves. Really? 
There is no justification for this.... https://t.co/wtTg4LbkUW]]></document>
		<document><![CDATA[Another amazing proof of the veracity of this incredible work. - Daily Journal of Christopher Nemelka https://t.co/zTHukM163D]]></document>
		<document><![CDATA[LDS Mormon Temple Endowment Parody: https://t.co/fuFdLsjtG6 via @YouTube]]></document>
		<document><![CDATA[https://t.co/lFC3TRQq6U Who else has the answers, anyone? https://t.co/O8mYNA0zZ6]]></document>
		<document><![CDATA[📹 Only when we understand the true underlying causes of poverty can we solve it. Disclosure: The... https://t.co/Zx9VKQ2mr4]]></document>
		<document><![CDATA[* Unique historical videos
* The world's best and oldest on film
* Nostalgic, interesting, controversial history https://t.co/ubFkyx8DiE]]></document>
		<document><![CDATA[The Humanity Party®’s official explanation of poverty; why it exists and how to solve it. https://t.co/3EZxnAuUDM]]></document>
		<document><![CDATA[Even the Don. ;-) Buffoon that he is :-) 
https://t.co/01YmUu5P7U https://t.co/EuRWLWKWYg]]></document>
		<document><![CDATA[Understanding my enemies and critics can help one understand more about the game of mortal life....... https://t.co/VRJ2wMyqFN]]></document>
		<document><![CDATA[01-22-17 The Humanity Party® Radio Talk Show-THumP® - The next Humanity Party BlogTalkRadio show will be... https://t.co/MWhMfjYDIm]]></document>
		<document><![CDATA[We the humanity of the world are the only ones that can solve this.
The Humanity Party has the only solutions.... https://t.co/XduMDqHBtY]]></document>
		<document><![CDATA[We the humanity of the world are the only ones that can solve this.
The Humanity Party has the only solutions.... https://t.co/RaaIMECE9w]]></document>
		<document><![CDATA[Michael Jackson - They Don’t Care About Us (Brazil Version) (Official Video) https://t.co/q0t1S6zKGj]]></document>
		<document><![CDATA[Michael Jackson - Man In The Mirror (Official Video) https://t.co/6j7OGlNDTw]]></document>
		<document><![CDATA[There has never, nor will there ever be a more revealing bunch of "words" strung together that reflect the state... https://t.co/rPNtyNpxCW]]></document>
		<document><![CDATA[Two revelations that could get me killed, and some of the most difficult things to explain about human reality -... https://t.co/ErJh8rNAk5]]></document>
		<document><![CDATA[We the humanity of the world are the only ones that can solve this.
The Humanity Party has the only solutions.... https://t.co/F6umhmGHmF]]></document>
		<document><![CDATA[Remember, Remember the 5th of November https://t.co/dsAEkERvV0]]></document>
		<document><![CDATA["In the year 1877, the signals were given for the rest of the century: the blacks would be put back; the strikes... https://t.co/leyhmnnX3d]]></document>
		<document><![CDATA[By the sweat of … thy brother’s face https://t.co/XZ0GrVy9wW]]></document>
		<document><![CDATA[This is tooooo darn funny
https://t.co/iJo0Ks28SJ https://t.co/mZq4dSGpre]]></document>
		<document><![CDATA[Explaining human reality for the first (and last) time before the end of time. https://t.co/MF5fUttLCE]]></document>
		<document><![CDATA[We the humanity of the world are the only ones that can solve this.
The Humanity Party has the only solutions.... https://t.co/dnloPtHXYc]]></document>
		<document><![CDATA[We the humanity of the world are the only ones that can solve this.
The Humanity Party has the only solutions.... https://t.co/UUnXvIofoT]]></document>
		<document><![CDATA[We the humanity of the world are the only ones that can solve this.
The Humanity Party has the only solutions.... https://t.co/UvUsMNyXhk]]></document>
		<document><![CDATA[Imagine, there's no countries. It's easy if you TRY.
https://t.co/N1mi6fN960 https://t.co/AqD0zuW7On]]></document>
		<document><![CDATA[The one and only god who exists is the god within; YOU!... https://t.co/2EjnQeqBra]]></document>
		<document><![CDATA[The one and only truth that will remain and stand the test of time, times and even half of time. "Little Children... https://t.co/05DCIxuOJj]]></document>
		<document><![CDATA[Question "Do you prepare students for the future or the past"? 
https://t.co/lFC3TS80Ys has the only solutions.... https://t.co/lHTo62R9H0]]></document>
		<document><![CDATA[I posted a new photo to Facebook https://t.co/gtdD0MLRiQ]]></document>
		<document><![CDATA[Not to mention the thousands of other applications this unique plant can provide. https://t.co/Ojy4CkPqCs]]></document>
		<document><![CDATA[2 Upcoming BlogTalkRadio Shows on Sunday, Jan 22 and Jan 29, 2017 https://t.co/GfU57IZNb1]]></document>
		<document><![CDATA[The Game of Mortal Life, Chapter Two: The Greatest Compendium of Matter
Posted on December 31, 2016 by... https://t.co/XFtjuQYwP5]]></document>
		<document><![CDATA[BlogTalkRadio show coming up on Sunday, January 29, 2017 at 7 pm.

Call (914) 205-5660 and press the number 1 to... https://t.co/6R4zGs88Ae]]></document>
		<document><![CDATA[We the humanity of the world are the only ones that cans solve this.
The Humanity Party has the only solutions.... https://t.co/3EJ0EFG17l]]></document>
		<document><![CDATA[How do we create young lions who have no place nor pride. 
We bomb the shit out of them. 
They will soon rise up... https://t.co/iO43avsuDT]]></document>
		<document><![CDATA[The Book of Lehi. The Lost 116 Page Manuscript
https://t.co/ymPTsVKqtv]]></document>
		<document><![CDATA[We the humanity of the world are the only ones that cans solve this.
The Humanity Party has the only solutions.... https://t.co/6g27wJ88z9]]></document>
		<document><![CDATA[Moroni's Challenge applies to you once again: 
Moroni 10: 3-5 https://t.co/ID179Gk03W]]></document>
		<document><![CDATA[The Game of Mortal Life, Chapter Two: The Greatest Compendium of Matter
Posted on December 31, 2016 by... https://t.co/AmOXhRRX6A]]></document>
		<document><![CDATA[Never forget.
Posted on January 11, 2017 by ChristopherN
While Christopher is away please do not forget how... https://t.co/MBh8AE4y1L]]></document>
		<document><![CDATA[Birthday message 2016
Posted on December 2, 2016 by ChristopherN

Editor's note: Please go the link below. Click... https://t.co/KXKF0wLFjg]]></document>
		<document><![CDATA[People’s doubts. An overview of the greatest book that will ever be written about human existence … BAR NONE!... https://t.co/JbEQ0anbL1]]></document>
		<document><![CDATA[Look no borders.
Remember, we do have a choice. Have a crack 2020. THumP'ing our way to piece on earth... https://t.co/Oux8iQrh8c]]></document>
		<document><![CDATA[The Humanity Party® The Way To World Peace 'Imagine' Official Release: https://t.co/O5hFZJFrTx via @YouTube]]></document>
		<document><![CDATA[I added a video to a @YouTube playlist https://t.co/O5hFZJFrTx The Humanity Party® The Way To World Peace 'Imagine' Official Release]]></document>
		<document><![CDATA[We are aren't we. Or do we look outside of ourselves to find answers? https://t.co/YRSrUpOcdk]]></document>
		<document><![CDATA[We are the world, we are the children, we are the ones … who have messed up this world
Posted on December 29,... https://t.co/y3XazCd9Dq]]></document>
		<document><![CDATA[Facebook posts
Posted on December 28, 2016 by ChristopherN

Here’s a couple I did today, wasting more time:

(See... https://t.co/34jtwpcLAO]]></document>
		<document><![CDATA[More understanding about my recent revelation on the REAL Christ
Posted on December 23, 2016 by ChristopherN

I... https://t.co/gYCtAK2h4p]]></document>
		<document><![CDATA[My Christmas wish 2016
Posted on December 24, 2016 by ChristopherN

My Christmas wish: PEACE ON EARTH, GOODWILL... https://t.co/QnUGwmt2md]]></document>
		<document><![CDATA[Prepare your mind for one of the greatest (yet extremely controversial) real truths ever unfolded
Posted on... https://t.co/KWigt6gCap]]></document>
		<document><![CDATA[Prepare your mind for one of the greatest (yet extremely controversial) real truths ever unfolded
Posted on... https://t.co/W99ZhIKxJM]]></document>
		<document><![CDATA[More understanding about my recent revelation on the REAL Christ
Posted on December 23, 2016 by ChristopherN

I... https://t.co/axyJZLDR4p]]></document>
		<document><![CDATA[The aftermath of revealing the REAL TRUTH about religious belief
Posted on December 22, 2016 by ChristopherN... https://t.co/pKt7aInaI4]]></document>
		<document><![CDATA[Prepare your mind for one of the greatest (yet extremely controversial) real truths ever unfolded
Posted on... https://t.co/qqN64Ea4RQ]]></document>
		<document><![CDATA[Safer behind bars than on the street. Philippines Drug War https://t.co/uA40hUb7EF]]></document>
		<document><![CDATA[A letter from a friend and my response about perspective and “the patience of the saints.”
Posted on December 19,... https://t.co/HO2zcVGeuD]]></document>
		<document><![CDATA[My deep depression. Understanding ‘hope’ … Hope created Christ
Posted on December 18, 2016 by ChristopherN

My... https://t.co/sFOQPU43X8]]></document>
		<document><![CDATA[Posted on December 3, 2016 https://t.co/5YVZRKGZYK]]></document>
		<document><![CDATA[The ISIS / Book of Mormon connection. Oh how blind are the LDS/Mormons in regards to their own works
Posted on... https://t.co/s7VpQ3Ohsj]]></document>
		<document><![CDATA[The ISIS / Book of Mormon connection. Oh how blind are the LDS/Mormons in regards to their own works
Posted on... https://t.co/Tr1LbTbEmP]]></document>
		<document><![CDATA[There is no power outside of oneself that can change this.
https://t.co/lFC3TS80Ys has the only solutions.... https://t.co/LBX4MR6ujW]]></document>
		<document><![CDATA[World Economic Forum says capitalism needs urgent change - The Humanity Party® has the solutions. No one... https://t.co/9qxjIRRA0a]]></document>
		<document><![CDATA[The profound LIGHT OF THE MOON book … a book that might have been
Posted on December 9, 2016 by ChristopherN

To... https://t.co/c4CXkffcAa]]></document>
		<document><![CDATA[The Tolstoy connection to the MWAW
Posted on December 8, 2016 by ChristopherN

I put this information on social... https://t.co/f3U4530xDQ]]></document>
		<document><![CDATA[FINALLY! Allowed to reveal the real truth of Jacob’s Olive Tree allegory
Posted on December 7, 2016 by... https://t.co/r01zNwbjoy]]></document>
	</documents>
</author>