<author lang="en">
	<documents>
		<document><![CDATA[Burning books, always a good indicator of someone's humanity. https://t.co/RR4utoSR89]]></document>
		<document><![CDATA[Wins the internet. https://t.co/08O76mmb6W]]></document>
		<document><![CDATA[@jjhorgan has the room on fire talking about REAL jobs for BC workers, not empty rhetoric.  #bcpoli https://t.co/tTcpsQ2jft]]></document>
		<document><![CDATA[Eff you, 45* https://t.co/KsJi7GCWmm]]></document>
		<document><![CDATA[This came up in my feed. Reminded me to tweet #deleteuber for supporting the hateful orders of 45* https://t.co/1VOaiEyZxJ]]></document>
		<document><![CDATA[Don't try to make sense of this. It's all about donors and photo ops and has nothing to do with helping address aff… https://t.co/kwM82vOAnL]]></document>
		<document><![CDATA[Can't trust 45*, he clearly never saw an episode of Hogan's Heroes. #POTUS https://t.co/VqSIYIgYDa]]></document>
		<document><![CDATA[Wherever there's nazis, Captain America will be there to punch them. https://t.co/rxdDmiJweE]]></document>
		<document><![CDATA[Who is this? https://t.co/WpwXmEZSsB]]></document>
		<document><![CDATA[I stand (again) with Maher Arar. https://t.co/bcNDrOs2XW]]></document>
		<document><![CDATA[Important to remember. https://t.co/34GevVsJbS]]></document>
		<document><![CDATA[Never miss the chance a world crisis brings to hand more money over to your friends. https://t.co/zG4Hq126Zw]]></document>
		<document><![CDATA[I hope she spoke slowly... https://t.co/zfLwfN8giL]]></document>
		<document><![CDATA[I hope this is more about cutbacks in journalism, which is bad enough, than editorial choice. https://t.co/yoGMsxrBMM]]></document>
		<document><![CDATA[Heartbroken about the news from Quebec. Resolved again not to let hate win.  #lovetrumpshate]]></document>
		<document><![CDATA[Best line describing growing resistance to #TRUMP "We're going to need a bigger boat...".]]></document>
		<document><![CDATA[@AKimCampbell good for Kim Campbell for being clear about which side she's on.]]></document>
		<document><![CDATA[@CBCStephenQuinn @LisachristCBC Got "20 Best Truckers Hits" in a Cariboo gas station. Finally learned all the words to "King of the Road".]]></document>
		<document><![CDATA[Racism and corruption in one stroke of the pen! https://t.co/Pk9ooJsKer]]></document>
		<document><![CDATA[But Trudeau and Christy have our backs on that, right? 😒 https://t.co/16t4K5sVOt]]></document>
		<document><![CDATA[I can't even... Trump Endorses Plan for 20% Tax on All Imports https://t.co/SNskKEn2o3 #fuckingwall]]></document>
		<document><![CDATA[Best gathering of people ever! Similar to the Olympic crowds, all about love and solidarity! https://t.co/lLHSZX5The]]></document>
		<document><![CDATA[We're making this annual thing, right? #wmwYVR #wmwcanada #WomensMarch #WomensMarchOnWashington]]></document>
		<document><![CDATA[Spontaneous waves of noise moving up and down the #wmwYVR like a snake. #nastywomen #WomensMarch]]></document>
		<document><![CDATA[First time I've retweeted that word. https://t.co/bMAroCidRQ]]></document>
		<document><![CDATA[@TransLink Skytrain full of #nastywomen and their supporters headed to #WomensMarch #wmwYVR https://t.co/BBlAXuZLR0]]></document>
		<document><![CDATA[#TinyHands and #tinycrowds https://t.co/R5SPYOLQyR]]></document>
		<document><![CDATA[On our way to the Women's March on Washington (Vancouver). (@ Sapperton SkyTrain Station - @translink) https://t.co/RElhNhB5QC]]></document>
		<document><![CDATA[@POTUS some asshole has taken over this twitter handle. #unfollow]]></document>
		<document><![CDATA[Grateful for every moment of life for the next four years, literally. https://t.co/eeevs05qmT]]></document>
		<document><![CDATA[Can the triple double be far behind? The Chief Elections Officer wants to know. https://t.co/meL8w4HV1U]]></document>
		<document><![CDATA[I'll bang that drum https://t.co/y9P9Cfa8fp]]></document>
		<document><![CDATA[Let me guess, it's never once been suggested that you lack self-esteem? https://t.co/OwI6HTlGJq]]></document>
		<document><![CDATA[@AJWVictoriaBC repeating Christy's talking points doesn't make them true, Andrew.]]></document>
		<document><![CDATA[Would you be happier if I said that Green support was "spotty", "inconsistent", "unreliable"?  I could go with any… https://t.co/JC8ShwFwri]]></document>
		<document><![CDATA[Teachers seem to disagree with you. https://t.co/kp9mKanjTx]]></document>
		<document><![CDATA[Exactly. Cuts as supported by Green MLA. https://t.co/BGymzWMYyD]]></document>
		<document><![CDATA[What's my source? Green Party of BC. https://t.co/mfkT2HXLDa https://t.co/kp9mKanjTx]]></document>
		<document><![CDATA[Greens have a legislative record of NOT supporting education. https://t.co/2KOxhIJP8t]]></document>
		<document><![CDATA[BC Green Party has supported inadequate education funding in every budget since Weaver was elected. https://t.co/IxmiY5tdYN]]></document>
		<document><![CDATA[Except that many of us are losing the homeowner grant. That is a tax increase (albeit Christy Clark). https://t.co/uf4Y5fgGAF]]></document>
		<document><![CDATA[I can't even begin to contemplate how many times I've needed the lacrosse emoji, and there hasn't been one.… https://t.co/CcA9WVXnp3]]></document>
		<document><![CDATA[In three years people will be asking the electors in the College "Why didn't you stop Trump when you had the chance?"]]></document>
		<document><![CDATA[Can't wait to see what screw ups the Liberals put on the pink elephant Massey Bridge. https://t.co/U4tUD9aqoM]]></document>
		<document><![CDATA[Jobs for who? https://t.co/sIsaoTq1IS]]></document>
		<document><![CDATA[Time to bring out the heavy weapons... https://t.co/X1U7qIdn1L]]></document>
		<document><![CDATA[British Columbians can choose a better government in May. BC needs one, deserves one and can have a better government. #togetherforbc]]></document>
		<document><![CDATA[@ilanzinger chokes up talking about the women who lost their lives being commemorated in the Golden Tree Monument.… https://t.co/tFZozxc5bI]]></document>
		<document><![CDATA["Pipelines if necessary, but not necessarily pipelines!" https://t.co/yjaqvFWJVW]]></document>
		<document><![CDATA[Is the electoral college listening? https://t.co/c5o4poPTvF]]></document>
		<document><![CDATA[I would be POTUS today if not for the rigging of the system and the millions of votes for me that were given to Trump.]]></document>
		<document><![CDATA[@ilanzinger recognizes @MoveUPTogether members and (Unifor 888 members) who outlasted BCN in the struggle for a just agreement. #bcfed16]]></document>
		<document><![CDATA[Mayor @jonathanxcote opens #bcfed16 talking about how #newwest is leading on social issues.]]></document>
		<document><![CDATA[#AMBERAlert Cancelled - The child has been #located safe. Thanks for the RT's! https://t.co/sY6XJJ2afW]]></document>
		<document><![CDATA[#AMBERAlert issued in #Vancouver #BC for #missing 4 y/o, Delilah Felton. Pls click link for details. https://t.co/sY6XJJ2afW]]></document>
		<document><![CDATA["When conservatives get beat, they get mad. When liberals get beat, they get sad."  @VanJones68]]></document>
		<document><![CDATA[Honoured to be here, honoured to represent our members. https://t.co/v19BdpHk1i]]></document>
		<document><![CDATA[@vanjones68 reminds of the perils of taking voters (real people) for granted. Especially Blacks, Latinos, indigenous people and other groups]]></document>
		<document><![CDATA[@vanjones68 "Trump pulled the world of politics into the world of reality TV. Now we're all starring in his show."]]></document>
		<document><![CDATA[@VanJones68 "We're going to build a love army and take our government back."]]></document>
		<document><![CDATA[And me with you, Eric! https://t.co/hBwqTErywl]]></document>
		<document><![CDATA[For some people what's important isn't how many people are moved, it's how many cars are moved. https://t.co/sR5WGNJuC7]]></document>
		<document><![CDATA[Taxation with our representation! All hail our rigged system! https://t.co/DbLLiYvgE5]]></document>
		<document><![CDATA[Remembrance Day 2016 and #newwest has invited Chief Larrabee of the Qayqayt First Nation. So proud! https://t.co/AU3JZ4J0Ks]]></document>
		<document><![CDATA[Just as hypocritical as Trump. https://t.co/zRUJOboMEi]]></document>
		<document><![CDATA[But people did talk about it BEFORE the war, and were ignored. https://t.co/YvUXBho5kJ]]></document>
		<document><![CDATA[#AMBERAlert issued in #PortCoquitlam #BC for two #missing children is now cancelled. Thanks for RT's. https://t.co/X5gpKekbxn]]></document>
		<document><![CDATA[#AMBERAlert issued in #PortCoquitlam #BC for #missing 9 &amp; 8 y/o, Sofia and Mateo Pastor-Ruiz. Pls read &amp; RT! https://t.co/X5gpKekbxn]]></document>
		<document><![CDATA[Attending Amnesty International's Vancouver reception. (@ Pinnacle Hotel Harbourfront) https://t.co/e7Tfvyha6M https://t.co/DFtl7WQ0am]]></document>
		<document><![CDATA[Would like to go home (who wouldn't?), but can't. https://t.co/s2BjIXvrgR]]></document>
		<document><![CDATA[She accepted this reprehensible job as hatchet person. I have no sympathy for her travails. https://t.co/fuCamVl3Hm]]></document>
		<document><![CDATA[Rama Kattabeh tells us of her journey from Syria, through Egypt, to Canada as a 16 year old. Coming to Canada was a… https://t.co/DQkr2TTk1O]]></document>
		<document><![CDATA[And closes by thanking union members and Canadians for welcoming him. 😭 https://t.co/ECgGQa2szw]]></document>
		<document><![CDATA[Manzi Willy Ngarambe speaks about what the arduous journey to be a refugee in Canada is like. #riseup2016 https://t.co/3TiBac3mc9]]></document>
		<document><![CDATA[He said he didn't know if the booing was for him or for Hillary. He really is that self-absorbed and dense. https://t.co/rNnNdQq6KZ]]></document>
		<document><![CDATA[Moving. Made me consider the people I learned so much from, but could've listened so much more and better. https://t.co/T3dLMjMtq1]]></document>
		<document><![CDATA[Incredibly powerful presentation at #riseup2016 on #MMIW  Tears in the room. NO MORE STOLEN SISTERS!]]></document>
		<document><![CDATA[Minhaj says that as Blockbuster was to Netflix, Trump is to the changing world. Hillary is Google Plus, only marginally better. #riseup2016]]></document>
		<document><![CDATA[And great to see you here sharing your knowledge and experience with us as well! https://t.co/88MmlOknmV]]></document>
		<document><![CDATA[@canadianlabour @riseup2016 #riseup2016 conference is getting ready to start. (@ Ottawa Convention Centre) https://t.co/dA6wXTy8Ei]]></document>
		<document><![CDATA[@MoveUPTogether stands in solidarity with ATU members in their quest for a fair contract. https://t.co/jC8EomVDnq]]></document>
		<document><![CDATA[@CBCStephenQuinn more respect for #SpinalTap please!]]></document>
		<document><![CDATA[Looking forward to the conference this week in #YOW ! https://t.co/sUjQIzSp6C]]></document>
		<document><![CDATA[Thanks! You really shoned explaining the difference. https://t.co/HVfaMLYoor]]></document>
		<document><![CDATA[@Alex_D_Hanson of @steelmegaphone has turned my artwork into a meme. #cdnpoli https://t.co/ScSZNaimYE]]></document>
		<document><![CDATA[Published author @MerrileeRobson is now following me! https://t.co/LFjjC2nan3]]></document>
		<document><![CDATA[The question was good, but the sweater made the meme! https://t.co/c1e0YrU6je]]></document>
		<document><![CDATA[Hard to tell. https://t.co/HgKY7d5eg7]]></document>
		<document><![CDATA[We can only hope. https://t.co/33oLdcsErC]]></document>
		<document><![CDATA[Just another lie, no doubt. https://t.co/WfR4wEMqsZ]]></document>
		<document><![CDATA[Just like Trump, Wall vows to continue on. https://t.co/fwtkzlgNHJ]]></document>
		<document><![CDATA[#Donald_Trump vowing to campaign on. The captain must go down with the ship! Good riddance.]]></document>
		<document><![CDATA[@rajchouhan @MoveUPTogether @ilanzinger thanks for visiting our people today! Happy Thanksgiving!]]></document>
		<document><![CDATA[Rallying for $15 an hour with @copeontario #fightfor15 (@ Queen's Park in Toronto, ON) https://t.co/sPt9mOPrNp]]></document>
		<document><![CDATA[@AirCanada Baggage Services clerk was as good as her word last night. Bag arrived in the middle of the night and sh… https://t.co/m6klMhZPC9]]></document>
		<document><![CDATA[@MichelleLKent @AirCanada I have to make a presentation in the am, then fly to US in the afternoon.😳]]></document>
		<document><![CDATA[When bag didn't show up, notice I didn't have a claim tag. Should've double checked in Vancouver. Makes it harder t… https://t.co/44wVRsuWUp]]></document>
		<document><![CDATA[That would be "bag". My back was delivered just fine. Baggage services staff tried to help, but no luck. Other cust… https://t.co/yjGKYEYtXa]]></document>
		<document><![CDATA[2:15 am and @aircanada not only didn't deliver my back, but can't locate it. Hopefully, it will show up in the... https://t.co/XzDeVZWhhf]]></document>
		<document><![CDATA[@Arc_Light I expect they know. The police will likely be laying charges.]]></document>
	</documents>
</author>