<author lang="en">
	<documents>
		<document><![CDATA[@OhNoSheTwitnt please just F off]]></document>
		<document><![CDATA[@LawyerRogelio @mcgregor_ewan sorry Ewan have to unfollow I want to hear about your upcoming projects not your misguided political views]]></document>
		<document><![CDATA[@MarthaPlimpton @HamillHimself both of you are ridiculous]]></document>
		<document><![CDATA[@paulfeig @GabrielMacht @realDonaldTrump and now we reject you unfollow]]></document>
		<document><![CDATA[Heading to #Auckland #NewZealand]]></document>
		<document><![CDATA[You are truly ridiculous smh @DebraMessing]]></document>
		<document><![CDATA[So I just met the @gangofyouths singer David Le'aupepe tried to introduce him to a friend she chickened out 😞he is quite the cutie ladies]]></document>
		<document><![CDATA[Oh so many drinks 🥃🥃🥃😀😀😀#happyhour #officedrinks #stressrelief]]></document>
		<document><![CDATA[@tomchaplin I asolutely love your music lyrics amazing but you need to calm down on the whole @POTUS thing don't alienate your fans]]></document>
		<document><![CDATA[@TheRealLukevans I know you've got to be joking]]></document>
		<document><![CDATA[You looked beautiful today that blue dress was fantastic 😀@MELANIATRUMP #InaugurationDay2017]]></document>
		<document><![CDATA[@SavageBiden thank god]]></document>
		<document><![CDATA[Catching up on @YandR_CBS when the feed stuck @JoshuaMorrowYR 😂 https://t.co/UUjuNWMhOj]]></document>
		<document><![CDATA[@ItsRamiMalek @PortiaDd and now i have to unfollow and not watch anything you're in]]></document>
		<document><![CDATA[@TheEconomist give me a break he was a complete failure at every aspect of his job - terrible terrible terrible president]]></document>
		<document><![CDATA[Love your new album ❤ ❤#theWaveAlbum #AppleMusic @tomchaplin]]></document>
		<document><![CDATA[Can't believe this was 4 years ago @YoungbloodHawke opening for @keaneofficial @HOBHouston good times https://t.co/urCFOVaEsb]]></document>
		<document><![CDATA[Cheers to my team @Chiefs &amp; all the fans @KingdomChiefs @KCChiefs_UK @chiefspain thanks for a great season 'til nex… https://t.co/e2QgG7QI1f]]></document>
		<document><![CDATA[@KurtoWEBBY no worries as a lifelong Chiefs fan I'm always prepared for a loss I'll just have a beer when I get home and try to forget 🏈😢🍺]]></document>
		<document><![CDATA[Every freakin time 😢😢😢😢😢@Chiefs #chiefskingdom #NFLPlayoffs]]></document>
		<document><![CDATA[@KCChiefs_UK watching from Sydney #NFLPlayoffs #chiefskingdom https://t.co/Hm2eHWT8xJ]]></document>
		<document><![CDATA[Started watching @Chiefs then #smith got sacked I stopped watching #notajinx #kcmo #NFLPlayoffs]]></document>
		<document><![CDATA[@TwoPaddocks @NeilFinn 2 hot men hugging if I could just squeeze in the middle]]></document>
		<document><![CDATA[@KurtoWEBBY happy you enjoyed it I liked the beginning when he was alone it captured the sense of isolation but then it got too sappy]]></document>
		<document><![CDATA[@KurtoWEBBY I've no idea what movies you like and don't want to ruin movie night - it has some interesting themes give it a try]]></document>
		<document><![CDATA[@KurtoWEBBY not horrible but definitely not sci-fi]]></document>
		<document><![CDATA[Watching #passengers under protest #JenniferLawrence is the worst @PassengersMovie]]></document>
		<document><![CDATA[First day back from holiday was a bit rough but I made it 😀😀😀#vacationover #backtowork]]></document>
		<document><![CDATA[@KurtoWEBBY ugh the Cheatriots 😞]]></document>
		<document><![CDATA[So we get the Steelers #NFLPlayoffs #KCChiefs #chiefskingdom]]></document>
		<document><![CDATA[Stop using award shows to give political lectures just do your job and entertain us #boycottgoldenglobe #BoycottHollywood2017]]></document>
		<document><![CDATA[Found this guy in the garden 😳#spiders #yikes #screamyourheadoff https://t.co/g4ncOXUR18]]></document>
		<document><![CDATA[@RandPaul @realDonaldTrump don't replace it with anything work w/drug companies &amp; doctors to keep costs dwn so care is affordable]]></document>
		<document><![CDATA[For only the 4th time in history the US Constitution was read at 112th Congress  😀😀😀 #constitution #USA #Republic #freedom #patriotism]]></document>
		<document><![CDATA[And it's snowing in #Dallas #DFW #snow https://t.co/qfw9DQNXZ5]]></document>
		<document><![CDATA[@realDonaldTrump thank you thank you thank you for the best holiday season I've had in 8 years can't wait until Jan 20]]></document>
		<document><![CDATA[Why did I buy over 3 liters of champagne when I'm the only one drinking 🍾🍾🍾#NewYearsEve #champagne #drinkinggoals #DrinkingSolo]]></document>
		<document><![CDATA[#bonfire #newyearseve https://t.co/MFr7rs6x1e]]></document>
		<document><![CDATA[New Years Eve fire and drinks https://t.co/FXHkfuI2Vs]]></document>
		<document><![CDATA[NYE bonfire and drinks https://t.co/ml0tLkAmiv]]></document>
		<document><![CDATA[Sitting by the fire playing with camera filters #NewYearsEve #bonfire https://t.co/bCbr7D9ZkX]]></document>
		<document><![CDATA[#HAPPYNEWYEAR #bonfire https://t.co/bVloODmE1R]]></document>
		<document><![CDATA[Watching at the doctors office, after that makeup segment I understand why your ratings are so low @TheTodayShow #racist #nodiversity]]></document>
		<document><![CDATA[FaceBook memories from 6 years ago in #Houston @warehouselive  (so out of focus) #100monkeys @JacksonRathbone https://t.co/2Q46BeyOCM]]></document>
		<document><![CDATA[#merrychristmas #ChristmasTree yes that is Yoda at the top https://t.co/fn1b3zOzS3]]></document>
		<document><![CDATA[Found a frog on top of my backyard tent #frogs https://t.co/Gy63ZtFAwp]]></document>
		<document><![CDATA[#theorient #Sydney #therocks https://t.co/a1U4bEaHrd]]></document>
		<document><![CDATA[Hanging out at #therocks #sydney @Australia https://t.co/oWGCnYl4dm]]></document>
		<document><![CDATA[Congratulations - you write beautiful songs @Andrew_Farriss]]></document>
		<document><![CDATA[YES YES YES @RogueOneMovie #RogueOne #StarWars]]></document>
		<document><![CDATA[My friend that looks like @jennibaird26 @OfficialAPTCH https://t.co/flSgUIQfOq]]></document>
		<document><![CDATA[#thekillers #Christmas album
https://t.co/GvU7f4fDZe https://t.co/GvU7f4fDZe]]></document>
		<document><![CDATA[Still not accustom to a hot Christmas #Sydneyharbour #Australia @Australia https://t.co/hkQ7NsEAoR]]></document>
		<document><![CDATA[Exploring @Australia #mosman https://t.co/4lqh1PiDwz]]></document>
		<document><![CDATA[Hanging out #Sydneyharbour @Australia #Australia https://t.co/QZz41pm7R9]]></document>
		<document><![CDATA[Lunching in #mosman #mosmanjunctioncafe @sydney_sider @Australia delicious nachos https://t.co/52wKrZd0Dk]]></document>
		<document><![CDATA[@HamillHimself I'm sure you've got other things much higher on your list but felt compelled to politicize the holiday #Thanksgiving]]></document>
		<document><![CDATA[@ChrisEvans @TheAtlantic please stick to comic book movies and looking pretty - play to your strengths #Trump]]></document>
		<document><![CDATA[#dymocks will have it @OfficialAPTCH]]></document>
		<document><![CDATA[We got our #DinTaiFung on tonight #dumplings https://t.co/uMDmyynrWC]]></document>
		<document><![CDATA[#babybird #nature #Australia https://t.co/hBlF7si5eI]]></document>
		<document><![CDATA[Baby bird learning to fly #Australia #babybirds #nature https://t.co/GInWtL2qXy]]></document>
		<document><![CDATA[My #Tasmania adventure was amazing but I'll be happy to sleep in my own bed tonight #home #sleep #bed #vacationover]]></document>
		<document><![CDATA[Capping it off with a #whiskey sour good times https://t.co/SxVAlFINfG]]></document>
		<document><![CDATA[And my most favorite #Australia animal #wombat https://t.co/nI2XDlRICo]]></document>
		<document><![CDATA[Checked out #Tasmania #Devils today, they are the most interesting creatures #natureworld #australia https://t.co/vCtfFV9tnw]]></document>
		<document><![CDATA[@KurtoWEBBY I've had salmon several times - you are right it's most delish #Tasmania]]></document>
		<document><![CDATA[@James1940 he's a cutie]]></document>
		<document><![CDATA[@KurtoWEBBY thanks 😃]]></document>
		<document><![CDATA[And for my birthday dinner a porterhouse med rare w/potatos and a nice Australian Shiraz 🍷🍽#birthday #tasmania #Australia]]></document>
		<document><![CDATA[@ChrisEvans it was put in place by founding fathers to prevent an illegal election do a little research before posting 😉 #electoralcollege]]></document>
		<document><![CDATA[Album choice for my birthday morning @duranduran #decade #birthday 🎂🎂🎂]]></document>
		<document><![CDATA[I don't think I want to go home #greateasterndrive #Tasmania #fourmilecreek #Australia https://t.co/i5Ptx8Z4AV]]></document>
		<document><![CDATA[Nice waking up to this #greateasterndrive #tasmania #scamander https://t.co/HTXwOtYxGF]]></document>
		<document><![CDATA[Watching #topsecret whilst trying to fall asleep but I'm laughing too hard- such a silly film @valkilmer]]></document>
		<document><![CDATA[Just saw u on #grahamnortonshow what the hell were u apologizing for and who the hell do u think u r @BryanCranston]]></document>
		<document><![CDATA[Heading to #bay Of fires #tasmania @Australia #slidinglookout is about 1/2 way b/w #Launceston and #StHelens https://t.co/L8WkJ2PNCw]]></document>
		<document><![CDATA[Road trip continues #richmondbridge #tasmania @Australia https://t.co/NHPcMVCCQA]]></document>
		<document><![CDATA[Ocean on the left, lake on the right #brunyisland #Tasmania #Australia https://t.co/SV3lBuDwcL]]></document>
		<document><![CDATA[Road tripping #Tasmania this is #Kettering @Australia https://t.co/288kGjQplz]]></document>
		<document><![CDATA[Found this in Hobart Tasmania @thecure #TheCure https://t.co/AdIFHZm2vk]]></document>
		<document><![CDATA[@NathanFillion @NBCNews dude, i love you don't ruin it by talking politics]]></document>
		<document><![CDATA[I got flowers today - they are beautiful #flowers https://t.co/OKN59Od2JC]]></document>
		<document><![CDATA[I want to like @WestworldHBO but I just can't 😞]]></document>
		<document><![CDATA[Season 4 @OfficialAPTCH is really getting on my nerves with this commie crap @Foxtel @showcaseaus]]></document>
		<document><![CDATA[#Lighthouse in #kiama @Australia https://t.co/lyZflJqKCd]]></document>
		<document><![CDATA[Road trip to Kiama @Australia #blowhole #kiama https://t.co/iJldfhh9Ik]]></document>
		<document><![CDATA[Jamming out in the office to Two Princes @thechrisbarron - good times]]></document>
		<document><![CDATA[@depechemode announces new album #Spirit and concert dates but no @Australia 😢]]></document>
		<document><![CDATA[I have to say I'm really disappointed in the @GOP for not fully supporting the candidate that the people want #elections2016 #Republicans]]></document>
		<document><![CDATA[Listening to @TDCinemaClub on my walk to work = good times #TwoDoorCinemaClub]]></document>
		<document><![CDATA[Verdict is still out on @WestworldHBO #Westworld let's see how it goes next week]]></document>
		<document><![CDATA[Whoa! It was awesome to see George man up @OfficialAPTCH @FOXTEL #APTCH #brettclimo]]></document>
		<document><![CDATA[And I'll never ever watch another episode too far guys too far @ModernFam @ABCNetwork #ModernFamily]]></document>
		<document><![CDATA[3 episodes in @starwars #StarWars pop up channel on @Foxtel - good times]]></document>
		<document><![CDATA[You should've gone for the jugular -who gives a rats ass if her horrible adult child was in the room @realDonaldTrump #PresidentialDebate]]></document>
		<document><![CDATA[@Wakemanofficial that's just wrong man]]></document>
		<document><![CDATA[Not feeling this season's story line 😞
@OfficialAPTCH #APTCH @Foxtel]]></document>
		<document><![CDATA[YAAASSSSS!!!!! @tatianamaslany @OrphanBlack congrats - you deserved it @TheEmmys #TheEmmys2016]]></document>
		<document><![CDATA[Best reaction of the night - congrats to @ItsRamiMalek @TheEmmys]]></document>
	</documents>
</author>