<author lang="en">
	<documents>
		<document><![CDATA[I Am the Healing Spirit 
I Am the let go of all
I Am the Strength for change
I Am the… https://t.co/TVyrhjUSEh]]></document>
		<document><![CDATA[Go where your Heart💙 desire to go ! Be Free! 🌎]]></document>
		<document><![CDATA[I Am very Excited to be part of Pychic Wellbeing Expo This year

New Castle
Wollongong
Canberra

If you like to... https://t.co/LPqF96Pl6P]]></document>
		<document><![CDATA[I love you my Angels😇😇 voice friends I Am listening your musics your voice everyday like a crazy one here 😜👍💃🚿🗝🐬... https://t.co/ILytWMq9bv]]></document>
		<document><![CDATA[Talk with your Spirit!  Keep the Spirit High ! 

-Seda Star-]]></document>
		<document><![CDATA["Dance to breath
 Breath to dance "

-Seda Star-
https://t.co/OIsRIMfH8s https://t.co/F1ZpMj30V5]]></document>
		<document><![CDATA[I Am the promise for freedom
I Am the Ancient Healing Spirit
I Am the peace
I Am the harmony
I… https://t.co/wiR89imhWY]]></document>
		<document><![CDATA[Dont forget where you came from and who you are!]]></document>
		<document><![CDATA[I Am Seda. I Am the Healing Spirit !

https://t.co/BdblxdqluW https://t.co/VUWKvnWAhV]]></document>
		<document><![CDATA[I Am very Excited to be part of Pychic Wellbeing Expo This year

New Castle
Wollongong
Canberra

If you like to... https://t.co/kmeFosH8Eq]]></document>
		<document><![CDATA[Angels 😇😇😇
Do you have a fear?
What is your fear?]]></document>
		<document><![CDATA["When the Mind does not Move Life does not Move "

-Seda Star-]]></document>
		<document><![CDATA[I Am Awake !

Are you sleeping or are you Awake? 
Are you in deep sleeping you can not wake up?… https://t.co/aeu7Zc745V]]></document>
		<document><![CDATA[I Am the third eye sees all catches all
I Am Eagle
I Am an Ancient Healing Spirit
I Am the… https://t.co/gF8CskZuaC]]></document>
		<document><![CDATA[I love this place Angels😇😇😇 👯👯🎈🎈🎈💃🚿😍 I love my blue and gray hair I Am naturally gray anyway… https://t.co/nSlIloK2bd]]></document>
		<document><![CDATA[Angels 😇😇😇 my daughter the princess Serra she took me here for our hair after I have started mini dancing in the... https://t.co/zSg7lWL6lZ]]></document>
		<document><![CDATA[Angels 😇😇😇 my daughter the princess Serra she took me here for our hair after I have started… https://t.co/3ywBnGgMJh]]></document>
		<document><![CDATA[Yes 😃👯🎈🎈🎈🍒👠🐬👙👀💋🐔😍💃🚿 I Am Agree Angels 😇😇😇 for this one and plus my Empowerment Affirmations 🙏😃… https://t.co/uPAfKbl5tT]]></document>
		<document><![CDATA[@darrickcollins @ScottFordTVGuy dance dance dance and breath and talk 😍🗝😜👍💃🚿]]></document>
		<document><![CDATA[I Am an EAGLE! 

-www.sedastar.com https://t.co/Th4HyPGVN4]]></document>
		<document><![CDATA[Good morning Angels 😇😇😇 from my Holy Rock with my Empowerment Healing Positive Affirmations!… https://t.co/9m7bkGbL0S]]></document>
		<document><![CDATA[I Am the Ancient Healing Spirit 
I Am the promise for Freedom 
I Am the endless love💙
I Am the… https://t.co/RfCaTKkBCf]]></document>
		<document><![CDATA[I missed your father very much Brett Rock and missed you to guys 
Hope to see you soon xxx💙🌎]]></document>
		<document><![CDATA[I Am the Ancient healing Spirit
I Am the Healer
I Am the messenger I Am the Slow motion
I Am the… https://t.co/h8wo6IpNgB]]></document>
		<document><![CDATA[What My guess saying Angels 😇😇😇? 👀? 
Incredible powerful woman 💃🚿🗝💋🐬 @ Tamarama Beach https://t.co/HCLWlWdRyp]]></document>
		<document><![CDATA[Good night Angels 😇😇😇 it is bit late and dark night 😜👍 @ North Bondi Beach https://t.co/lmzIi2lVe2]]></document>
		<document><![CDATA[Do you know the future?
Do you know where you are now? 
Do you know where are you heading in… https://t.co/ufhD2lT7gC]]></document>
		<document><![CDATA[Do you know the future?
Do you know where you are now? 
Do you know where are you heading in life?
Do you know... https://t.co/cKZ7nIegcz]]></document>
		<document><![CDATA[Angels 😇😇😇The day before me and my daughter Serra the princess we went Eden African hair salon… https://t.co/Fvs8jTOUfk]]></document>
		<document><![CDATA[I Am the Ancient healing Spirit
I Am the Healer
I Am the messenger I Am the Slow motion
I Am the… https://t.co/pEbqKP8L7q]]></document>
		<document><![CDATA[I Am Great full for been Australian Angels😇😇😇 dancing celebrating for it 😜👍 @ Circular Quay… https://t.co/PFuhlzUwE1]]></document>
		<document><![CDATA[Angel😇😇😇 we are here celebrating our Australian Day with my friends Angels 😇😇😇 #australiaday… https://t.co/ywOMfdvtiv]]></document>
		<document><![CDATA[Angels 😇😇😇 good morning from my Holy Rock with my Empowerment Positive Affirmation 
Please practice now!

Are you... https://t.co/BwZyB4Q7Zp]]></document>
		<document><![CDATA[I Am the Ancient healing Spirit
I Am the Healer
I Am the messenger I Am the Slow motion
I Am the… https://t.co/b6GdiWdPup]]></document>
		<document><![CDATA[Here with my friends tostmasters Angels 😇😇😇 👯👯👯🎈🎈🎈💃🚿👙👙]]></document>
		<document><![CDATA[Here I At the Tostmasters Angels 😇😇😇 with my old public speaking mate Sam 😃 he is better than me 😜👍👯👯👯🎈🎈🎈💃🚿 I Am... https://t.co/VtlQNV1C1P]]></document>
		<document><![CDATA[I Am the promise for Freedom 
I Am the endless love💙
I Am the path 
I Am the truth
I Am the… https://t.co/Y68Y5av8ee]]></document>
		<document><![CDATA[Next event I will be on New Castle Pychic Expo
I will be on the stage every day
Have a seminar… https://t.co/qQAqXfmiX7]]></document>
		<document><![CDATA[I Am Seda. I Am the Healing Spirit! 

https://t.co/BdblxdqluW https://t.co/QKQZ5NRU6t]]></document>
		<document><![CDATA[Fall in love with yourself purely and religiously !]]></document>
		<document><![CDATA[I Am the Ancient healing Spirit
I Am the Healer
I Am the messenger I Am the Slow motion
I Am the… https://t.co/KbXGiB4Dla]]></document>
		<document><![CDATA[Who is living in New Castle ?]]></document>
		<document><![CDATA[Every breath you take it is a new begining 
Every breath you take is a new life
Every breath we dying as we are... https://t.co/xu1tqd4I3A]]></document>
		<document><![CDATA[Angels 😇😇😇
Did you ever dance in the bathroom in the restaurant 😃👀? Are you stress? Frustrated?… https://t.co/44WqZylTaD]]></document>
		<document><![CDATA[Angels 😇😇😇
Did you ever dance in the bathroom in the restaurant 😃👀?

Are you stress? Frustrated? Fearful ? Stuck?... https://t.co/0LEbR0eiXB]]></document>
		<document><![CDATA[Next event I will be on New Castle Pychic Expo
I will be on the stage every day
Have a seminar… https://t.co/qQAqXfmiX7]]></document>
		<document><![CDATA[I Am Seda. I Am the Healing Spirit ! 
I Am an EAGLE ! 

Do you recognised yet I Am a happy, loving ,protective ,... https://t.co/j5xoUhRjxl]]></document>
		<document><![CDATA[I Am the Ancient healing Spirit
I Am the Healer
I Am the messenger I Am the Slow motion
I Am the… https://t.co/Edev2YWfoj]]></document>
		<document><![CDATA[Angels 😇😇😇 my lunch today why not coconut😃 why not Vegan 😜👍 never say never and never judge book… https://t.co/X0T5YWnH21]]></document>
		<document><![CDATA[Angels😇😇😇 good morning from my Holy Rock with my Empowerment Positive Affirmation:

I Am the… https://t.co/uU47Nn1Nuu]]></document>
		<document><![CDATA["Dance to lose yourself to find yourself "

-Seda Star-
https://t.co/OIsRIMfH8s https://t.co/MjoxKuQn59]]></document>
		<document><![CDATA[I Am the Ancient healing Spirit
I Am the Healer
I Am the messenger I Am the Slow motion
I Am the… https://t.co/jTtvwKEVib]]></document>
		<document><![CDATA[I Am Offering you Affirmation Movements to help the heal the mind and heal the body and Empower… https://t.co/V3b4VPEuCC]]></document>
		<document><![CDATA[Empowerment &amp; Pamper &amp; Relax Day for Ladies !

Time to give it to yourself a gift

-Connect with… https://t.co/3sDfuTA79i]]></document>
		<document><![CDATA[Dance to breath
Breath to dance 

-Seda Star-
https://t.co/OIsRILY6gU https://t.co/6yHlhyQqQl]]></document>
		<document><![CDATA[I Am the promise for Freedom 
I Am the endless love💙
I Am the path 
I Am the truth
I Am the… https://t.co/I9jWt0DDbP]]></document>
		<document><![CDATA[Do you have any Secret in your life or somebody else deep secret? By you keeping secret how does it affecting... https://t.co/FlHEkRl0HY]]></document>
		<document><![CDATA[Who wants to buy my Seda Cuisine Recipe book Angels 😇😇😇 
👀 ?
👯👯👯🎈🎈🎈🎈💃🚿😜👍🗝sedafood😜👍💃🚿 #vegan #vegetarian #healthy... https://t.co/Il86yXXa78]]></document>
		<document><![CDATA[Angels😇😇😇 With your Empowerment Affirmation from my Holy Rock.

How is serving you when you keep Secret? https://t.co/N5F2iUjQYF]]></document>
		<document><![CDATA[I Am the Magic
I Am the Ancient Healing Spirit
I Am the Magician 
I Am the Creator
I Am the Next… https://t.co/9NIrW2hM2T]]></document>
		<document><![CDATA[With Empowerment Affirmation Movements that I have created 
I will free yourself from… https://t.co/prYScKb650]]></document>
		<document><![CDATA[With Empowerment Affirmation Movements that I have created 
I will free yourself from yourself

This very Healing... https://t.co/NrdUSupVI0]]></document>
		<document><![CDATA[What about this 1 Angels 😇😇😇👀? 
Seda you did it again 😜👍👯👯🎈🎈💃🚿😜🗝😜👍 have some 😜👍 https://t.co/9X1ggdZohY]]></document>
		<document><![CDATA[I Am looking for Public Speaking platform 
Public speaking events
Public speaking Managements
Corporate world🌎... https://t.co/LmhMiJQpoC]]></document>
		<document><![CDATA[Angels😇😇😇 good morning from my Holy Rock with my Empowerment Positive Affirmation please… https://t.co/KzAR1Q8JDi]]></document>
		<document><![CDATA[Angels😇😇😇 good morning from my Holy Rock with my Empowerment Positive Affirmation please practice now!

Do you... https://t.co/ex8O8FTkta]]></document>
		<document><![CDATA[I Am the joy
I Am the happiness 
I Am the awareness 
I Am the limitation
I Am the respect
I Am… https://t.co/e98LHKzQOc]]></document>
		<document><![CDATA[I Am Offering you Affirmation Movements to help the heal the mind and heal the body and Empower you for your life... https://t.co/6E5BQZ0kVd]]></document>
		<document><![CDATA[Angels 😇😇😇 with my Empowerment Affirmation please practice now!

Are you positive thinker? Positive person? https://t.co/STlAAzqpas]]></document>
		<document><![CDATA[I Am the Ancient healing Spirit
I Am the Healer
I Am the messenger I Am the Slow motion
I Am the… https://t.co/m17SJwwq2N]]></document>
		<document><![CDATA[watching La La Land at Event Cinemas Bondi Junction https://t.co/FjCKhTdr3L]]></document>
		<document><![CDATA[Ola 😃 Angels 😇😇😇 your Empowerment life transformation CD is ready to get very special price… https://t.co/mAaGdKNCV5]]></document>
		<document><![CDATA[Angels 😇😇😇
I also teach on the  Skype beginners dance and I do life coaching with Empowerment Affirmations... https://t.co/0Rv6KDD2l0]]></document>
		<document><![CDATA[I Am Offering you Affirmation Movements to help the heal the mind and heal the body and Empower you for your life... https://t.co/4Zp77jwtuE]]></document>
		<document><![CDATA[Angels😇😇😇 good morning from my Holy Rock with my Empowerment Positive Affirmation please… https://t.co/B63Wa2RHgG]]></document>
		<document><![CDATA[Angels 😇😇😇 from my Holy Rock https://t.co/hMpioKJjdF]]></document>
		<document><![CDATA[I Am the Ancient healing Spirit
I Am the Healer
I Am the messenger I Am the Slow motion
I Am the… https://t.co/tKMnMiwjfI]]></document>
		<document><![CDATA[Are you looking for a special Unique Empowerment book?
Please check it out https://t.co/OIsRILY6gU… https://t.co/KbJLBMg1sx]]></document>
		<document><![CDATA[I Am the Ancient healing Spirit
I Am the Healer
I Am the messenger I Am the Slow motion
I Am the… https://t.co/WtOUQGlpvm]]></document>
		<document><![CDATA[Real Authentic Self ! 
#authentic #selflove #reallove #mindbodyspirit #iamsedaiamthedance… https://t.co/Enhj4Stzow]]></document>
		<document><![CDATA[Real Authentic Self ! 

#authentic #selflove #reallove #mindbodyspirit #iamsedaiamthedance… https://t.co/Enhj4Stzow]]></document>
		<document><![CDATA[On my way to Aboriginal festival inland somewhere guess 👀😃?  Angels 😇😇😇🗝💃🚿😜👍 #thesecret… https://t.co/ZMAwFyRcuo]]></document>
		<document><![CDATA[Are you looking for a special Unique Empowerment book?
Please check it out https://t.co/OIsRILY6gU… https://t.co/KbJLBMg1sx]]></document>
		<document><![CDATA[What is this Angels 😇😇😇 👀? I did it again 👯👯🎈🎈🎈💃🚿😜👍 #vegan #vegetarian #coconut #beans #beetroot… https://t.co/yfPhtld3kh]]></document>
		<document><![CDATA[I Am the promise for Joy
I Am the promise for Freedom
I Am the Endless Love 💙
I Am the Entire… https://t.co/0ay0FJo4YN]]></document>
		<document><![CDATA[I Am the promise for Joy
I Am the promise for Freedom
I Am the Endless Love 💙
I Am the Entire… https://t.co/0ay0FJo4YN]]></document>
		<document><![CDATA[Angels 😇😇😇 good morning from my holy rock😃 
Can you accept yourself? Please practice with me… https://t.co/tesWQdY5yH]]></document>
		<document><![CDATA[I Am the Ancient healing Spirit
I Am the Healer
I Am the messenger I Am the Slow motion
I Am the… https://t.co/z4yew3Scl5]]></document>
		<document><![CDATA[Walking and Talking with my old friend Marty 😃👯👯👯🎈🎈🎈💃🚿👠🗝👽 #friends #summer #summerfun #swimming… https://t.co/w2rhVDZNJy]]></document>
		<document><![CDATA[Cocowhip my Day Angels 😇😇😇🎈🎈🎈👯👯👯💃🚿😜👍 #coconut @ Speedos Cafe https://t.co/WmCtLhmh6B]]></document>
		<document><![CDATA[I Am the Ancient healing Spirit
I Am the Healer
I Am the messenger I Am the Slow motion
I Am the… https://t.co/p47O7ha2Fy]]></document>
		<document><![CDATA[Angels 😇😇😇 good morning world 🌎
Dance with me to change the world🌎
Do my Empowerment Affirmation… https://t.co/WeijTe3Cmc]]></document>
		<document><![CDATA[Are you looking for a special Unique Empowerment book?
Please check it out https://t.co/OIsRILY6gU… https://t.co/KbJLBMg1sx]]></document>
		<document><![CDATA[Angels 😇😇😇
I hope you all having a Magical Day
I just finished 2 hours business mentoring… https://t.co/sXotALzu3m]]></document>
		<document><![CDATA[I Am the promise for Joy
I Am the promise for Freedom
I Am the Endless Love 💙
I Am the Entire… https://t.co/xI18luIgk0]]></document>
		<document><![CDATA[Ola 😃 Angels 😇😇😇 your Empowerment life transformation CD is ready to get very special price… https://t.co/mAaGdKNCV5]]></document>
		<document><![CDATA[My Love 💙 Angels 😇😇😇 #blueberries #healthyeating #sedastarholyrock #sedastarholyrockaffirmations… https://t.co/DPyXNKokXm]]></document>
		<document><![CDATA[I Am. #life #peace✌ #world🌎 #harmony #abundance #love #deepconnection #healing #healinglight… https://t.co/qNagqaPjti]]></document>
		<document><![CDATA[I Am the Ancient healing Spirit
I Am the Healer
I Am the messenger I Am the Slow motion
I Am the… https://t.co/iTWt9loy1M]]></document>
		<document><![CDATA[Give yourself permission to shine 

-Dr John Demartini-

Give yourself permission to practice… https://t.co/NDsNC841mF]]></document>
	</documents>
</author>