<author lang="en">
	<documents>
		<document><![CDATA[I'm so confused is married at first sight season4 episode 4 out yet or what??@9NowAU @MarriedAU ?? Cause it ain't on 9Now??]]></document>
		<document><![CDATA[@fable_fish speed test]]></document>
		<document><![CDATA[My @MunchPakSnacks came! So excited to taste some goodies😍 unboxing video up this weekend!! 🤗 https://t.co/R9kqt9X3Bp]]></document>
		<document><![CDATA[Anyways, I want a new network so hmu 😉]]></document>
		<document><![CDATA[Soooooooo I got out of my network 🤗🤗 time to party 🎉]]></document>
		<document><![CDATA[@IsaacBrunz calling me ugly 😢]]></document>
		<document><![CDATA[@simon_truazn Ik.. ur in the northern hemisphere, I'm in the Southern Hemisphere 😂😂]]></document>
		<document><![CDATA[@simon_truazn how's the summer break weird 😂 it's summer here?? When do I get out of school?? Like forever or like wot]]></document>
		<document><![CDATA[Well my summer break is over.. back to school tomorrow 😢😭]]></document>
		<document><![CDATA[@JessHallerx he wants a dress and is willing to pay $50😂😂😂]]></document>
		<document><![CDATA[Nothing gets weirder than a guy asking to buy ur clothes so he can wear it in a video on his yt channel 😂😂😂😂]]></document>
		<document><![CDATA[Wish I had a good network because I NEED to be in London by Tuesday for an event!!! 😭😨]]></document>
		<document><![CDATA[@CalypticGaming @GFuelEnergy @GammaLabs NOTICE HIM!!!!😵]]></document>
		<document><![CDATA[@Keene21 @valdivies @roxsan126 fancyyyy]]></document>
		<document><![CDATA[@n0tkappa my friend is at 5700 and can't find Crap for hours 😂😂]]></document>
		<document><![CDATA[Can't find any good trophy offers at all!!!! 😨🤦🏻‍♀️]]></document>
		<document><![CDATA[@nickatnyteYT thanx 😊🇦🇺🇦🇺🇦🇺]]></document>
		<document><![CDATA[@ClashofClans I bought some gems with clan gifts, someone talked to much so it disappeared even though there is still 15 gifts left???]]></document>
		<document><![CDATA[If people keep talking will it disappear even though there is some gifts left? https://t.co/3jUhx7MEYF]]></document>
		<document><![CDATA[@TheDavidvTV welcome to the club of dead channels 🤗😂😭]]></document>
		<document><![CDATA[@ChiefBrandon24 lmao sorry 😂😂 I only know how to say Brendan]]></document>
		<document><![CDATA[Th9 2017 pushing base https://t.co/6oocyf17jM]]></document>
		<document><![CDATA[@n0tkappa @mobcrush aww wot happened?? I was gonna start streaming there, guess not anymore 😧]]></document>
		<document><![CDATA[I'm soooo confused.... I thought there was a copy layout feature to copy clanmates bases??? I'm so lost😵]]></document>
		<document><![CDATA[@JessHallerx he is ready to play some clash 🤔 https://t.co/WjEv6QtaTS]]></document>
		<document><![CDATA[Love my little Max ❤️ https://t.co/CqxhVCtaHm]]></document>
		<document><![CDATA[@JessHallerx well now my instagram is wrecked thanks a lot]]></document>
		<document><![CDATA[Well I wonder who did that 😒 https://t.co/K3IJkRz4au]]></document>
		<document><![CDATA[@Beam love me, i want to start streaming 😩🌚]]></document>
		<document><![CDATA[I paid this guy $5 to paint my guniea pigs 😂 &amp; it's amazing 🦑 https://t.co/6QehXtG0Gj]]></document>
		<document><![CDATA[IM OBSESSED WITH GUINEA PIGS!! I want my guinea pigs to have babies 😂]]></document>
		<document><![CDATA[Guinea pig photo shoot 🦑 https://t.co/Qg9ZlJNllh]]></document>
		<document><![CDATA[@FSU_ATL great now everyone stole my crown 😒🙃]]></document>
		<document><![CDATA[I'm going to see high school musical 2 in a musical 😂😂 makes sense]]></document>
		<document><![CDATA[How to reach titans th9 &amp; below 🦑 tips &amp; tricks!! https://t.co/yHCCzwKxnb]]></document>
		<document><![CDATA[I'm very excited about the video I'll be posting in about 12 hours 🦑😈]]></document>
		<document><![CDATA[@RealDanTheHero @emmaxclare Australia isn't that scary....just saying]]></document>
		<document><![CDATA[@JessHallerx definitely a highly requested video 😁]]></document>
		<document><![CDATA[Okay so I have 2 video ideas &amp; it might take me awhile to figure out how I'm going to do the video buttttt I'll record it soon ❤️]]></document>
		<document><![CDATA[@n0tkappa @ItsEclihpse I can only play clash soooo 😂 I suck at cr]]></document>
		<document><![CDATA[@n0tkappa @ItsEclihpse I tried last year it didn't work soooo....]]></document>
		<document><![CDATA[@n0tkappa @ItsEclihpse impossible to grow on twitch tho.... atleast everyone had an opportunity to thrive]]></document>
		<document><![CDATA[@ChiefBrandon24 nope only GTA 5 😭]]></document>
		<document><![CDATA[@an_0ushka sounds like an awesome job 😊 maybe one day I can join the supercell team 👊🏼😉]]></document>
		<document><![CDATA[20k subs by the end of 2017 🤔]]></document>
		<document><![CDATA[@JessHallerx two freshly bathed piggies https://t.co/ncpIpL0IUZ]]></document>
		<document><![CDATA[Love it when a subscriber finds your base 😂❤️ https://t.co/vHFEkQIT4m]]></document>
		<document><![CDATA[Anyone wanna have a party on Xbox? Add me QueenSlushy &amp; I'll invite u]]></document>
		<document><![CDATA[@ChiefBrandon24 I don't like the cold lol]]></document>
		<document><![CDATA[@KingDrumDummie nope, apparently my old partner is joining them 👀 but I've now been removed sooo 😂]]></document>
		<document><![CDATA[Sooo hot!! almost hit 122°F / 50°C today literally dying 😫]]></document>
		<document><![CDATA[New year, new me 🤗 praying for a year full of happiness 🙏🏼❤️]]></document>
		<document><![CDATA[Ugh trying to buy 2 @JeffreeStar skin frost highlighters &amp; @PrincessPollyAU keeps saying payment declined even though I have the money???😭]]></document>
		<document><![CDATA[@KirkMYT aha I love this question😁 good one 👻]]></document>
		<document><![CDATA[Might try vlogs 🤔 but idk wot to vlog all I do is sit on my Butt all day 😂😂❤️]]></document>
		<document><![CDATA[Congrats to my clan 😼 tough win but we pulled through!💓😇 Imma very proud leader 😊 https://t.co/wFLqVrSAyS]]></document>
		<document><![CDATA[@JessHallerx I need to start streaming again 😼]]></document>
		<document><![CDATA[I miss being in front of the camera 😭 https://t.co/rhWrn6PzUr]]></document>
		<document><![CDATA[Finally getting out of this random network! Now which network should I join or should I not even join one? https://t.co/iBdX8mkq1I]]></document>
		<document><![CDATA[MUST EDIT THIS VIDEO TODAY!]]></document>
		<document><![CDATA[Follow my personal Insta? @ Jess.haller 💓]]></document>
		<document><![CDATA[One of my male guinea pigs is getting really dominate over my other male, he literally walks around the cage slowly growling all day long 😂]]></document>
		<document><![CDATA[If you know anything About guinea pigs can you tell me if they are playing together or trying to kill each other??? https://t.co/kF9uxcbX2u]]></document>
		<document><![CDATA[Yay! I'm getting my New Guinea pig cage today ... but I gotta build it &amp; idk where I'm going to put it ahahah rip]]></document>
		<document><![CDATA[Feel free to add me on Snapchat 💓 my settings are opened so we can talk 😅 x https://t.co/f8gCbZHaKB]]></document>
		<document><![CDATA[@GaladonGaming @Beam are you not streaming on mobcrush anymore? 🤔]]></document>
		<document><![CDATA[Having some fighting problems with my Guinea pigs hopefully having a bigger cage will make them calm down.... 😫]]></document>
		<document><![CDATA[@RealDanTheHero okay thanks]]></document>
		<document><![CDATA[@RealDanTheHero I have done that too 😭]]></document>
		<document><![CDATA[@RealDanTheHero I've tried ...]]></document>
		<document><![CDATA[@RealDanTheHero they've locked me in so I can't leave... they just reject]]></document>
		<document><![CDATA[@JessHallerx I don't know wot to do.. nor do I know anything about "https://t.co/8lgDATUVwS LIVE" someone help :(]]></document>
		<document><![CDATA[@JessHallerx I wasn't even told about anything? But apparently a week ago I was connected to another company??]]></document>
		<document><![CDATA[Awfully lost &amp; confused.. i don't know wot to do anymore.. my network keeps messing me around? Now I'm with some random company?]]></document>
		<document><![CDATA[Okay so WTF??!!! My partnership moved me to another company without telling me??? Wtf is https://t.co/Yc8mtIHwJS LIVE????]]></document>
		<document><![CDATA[@SilverDiamond75 yes clash of clans]]></document>
		<document><![CDATA[Looking for clan members who are active &amp; chat 😀🙂]]></document>
		<document><![CDATA[@Cristian145YT yea probably]]></document>
		<document><![CDATA[@Cristian145YT probs about 5-10 mins to upload on 4G https://t.co/vsBg3sR3j9]]></document>
		<document><![CDATA[@Cristian145YT we can't even get unlimited phone plans here 😭]]></document>
		<document><![CDATA[@Cristian145YT I have to upload on 4G]]></document>
		<document><![CDATA[@JessHallerx y'all take your wifi &amp; "LTE" for granted https://t.co/MTG2pHlWw6]]></document>
		<document><![CDATA[@Cristian145YT we don't have LTE here .. 4G is the fastest]]></document>
		<document><![CDATA[@JessHallerx I could probs pay online using 4G but I guess it will cost a fortune....]]></document>
		<document><![CDATA[Xbox doesn't work on my wifi :/ rip $400]]></document>
		<document><![CDATA[@ThatOneGuyy16 😢 life will improve just gotta stay positive 😌]]></document>
		<document><![CDATA[Would anyone watch if I started streaming again?]]></document>
		<document><![CDATA[@JessHallerx want to know more info .. this girl is amazing at explaining https://t.co/x6IEk5PBcu]]></document>
		<document><![CDATA[@JessHallerx soo being vegan/vegetarian doesn't really make a difference because you still hurting the "environment".. poor plants..]]></document>
		<document><![CDATA[Wtf plants have short term memory &amp; can see 🤔 I'm not bullshitting 😮]]></document>
		<document><![CDATA[Ok sooo.. I rlly can't be bothered staying up till 12am... sooooo goodnight 😂]]></document>
		<document><![CDATA[Happy new year guys! Lots of love from Australia 🇦🇺❤️ https://t.co/9jGBBHro8j]]></document>
		<document><![CDATA[@emmaxclare it's soooo hottttt]]></document>
		<document><![CDATA[@SilverDiamond75 lmao it's fine]]></document>
		<document><![CDATA[I'm gonna make a clash of clans video 😂👏🏼]]></document>
		<document><![CDATA[@emmaxclare thanks for the many questions 😂😅]]></document>
		<document><![CDATA[@painclasher once a month]]></document>
		<document><![CDATA[@JessHallerx got this really cool tripod for Christmas &amp; im gonna test it out today 🙂 https://t.co/j7rNA8vxGi]]></document>
		<document><![CDATA[Contacted PayPal 🙂 &amp; they were really helpful, will be getting money back within 10 days 🙂]]></document>
		<document><![CDATA[@Cristian145YT bought a GTA 5 modded account from him out of eBay becuz he claimed "eBay doesn't work" &amp; made me send money thro PayPal]]></document>
	</documents>
</author>