<author lang="en">
	<documents>
		<document><![CDATA[Post-French class couch snuggles. https://t.co/mfoVG7HORv]]></document>
		<document><![CDATA[@natann66 I 100% needed to see this today! Bravo!!!  💯]]></document>
		<document><![CDATA[.@SamHayes_ Hard pass.]]></document>
		<document><![CDATA[@TomiLaffly Have you got appropriate snacks/beverages?]]></document>
		<document><![CDATA[@angelicabastien My god I can't even begin to list the ways that man can get it 😍]]></document>
		<document><![CDATA[@sarahmaydillon Yeah but that's still a crucial factor to consider!]]></document>
		<document><![CDATA[@sarahmaydillon Absolutely. Sound rational thinking 😘]]></document>
		<document><![CDATA[@chickwithapen Just wish there was more I could do!]]></document>
		<document><![CDATA[This...this is insanity. https://t.co/cLx86PHVrD]]></document>
		<document><![CDATA[For those of us wondering where our PM stands on the abhorrent #MuslimBan apparently he has other things to do this… https://t.co/cvyRwKFr8E]]></document>
		<document><![CDATA[@pmbillenglish Maybe you should watch the news instead...]]></document>
		<document><![CDATA[Tonight's Self Care: Magic Mike XXL, large bowl of pasta, large glass of wine, followed by ice cream &amp; doggo snuggles. Take care tweeps 😘]]></document>
		<document><![CDATA[@BeccaBarnesCats @pmbillenglish If I'm not mistaken aren't we still waiting on a statement from our PM on Trump's abhorrent #muslimbam ?!]]></document>
		<document><![CDATA[@natann66 Most definitely...any news source that doesn't lead with "news" about the McCaw honeymoon is worth paying for 😒]]></document>
		<document><![CDATA[Can someone tell me if any NZ politicians have spoken out about Trump's reprehensible #MuslimBan yet?]]></document>
		<document><![CDATA[@natann66 Good call. Must do that myself. The Washington Post is also incredibly helpful in reporting the early days of the apocalypse 😬]]></document>
		<document><![CDATA[@chickwithapen I don't even know what to say. I'm so very sorry 😞
Sending much love 💞]]></document>
		<document><![CDATA[Seriously...the most expensive lipstick I've ever purchased but worth EVERY GODDAMN PENNY. https://t.co/ni9kB4R4pr]]></document>
		<document><![CDATA[So I have a dangerous new addiction. HELP @salihughes https://t.co/ynvnZUYETt]]></document>
		<document><![CDATA[Cleaned the house for 4 hours. Now watching The Fall (Gillian Anderson being a boss lady ❤)with chips &amp; a bottle of rosé #selfcare #sendhelp]]></document>
		<document><![CDATA[@AmyCatherine25 Related: I've been trying to get out of bed for the last hour. https://t.co/uwyJjQooph]]></document>
		<document><![CDATA[Just when I think "oh I'm doing GREAT...no need for massive doses of Prozac" something inevitably happens &amp; all I want is to be totally numb]]></document>
		<document><![CDATA[Never have I wanted to be Elmo as much as I do now...😍 https://t.co/et5we6AjYE]]></document>
		<document><![CDATA[Heartbroken about Mary Tyler Moore. I grew up watching reruns of the MTMS 😞
One of my first feminist icons. https://t.co/E24V58Zrfd]]></document>
		<document><![CDATA[@chickwithapen Gotta hold onto all the good &amp; happy things...big or small 💞]]></document>
		<document><![CDATA[This is a surefire way to make me  push The Crown to the top of my viewing schedule 😍 https://t.co/WGwTceIyMK]]></document>
		<document><![CDATA[The state of the world is getting me down. So here's the incomparable Gillian Anderson. It's making me feel better… https://t.co/iK9AAGbGGT]]></document>
		<document><![CDATA[@TomiLaffly Deeply disappointed. Her performance was phenomenal.]]></document>
		<document><![CDATA[@TomiLaffly That is totally understandable! https://t.co/33CJ0mhP6n]]></document>
		<document><![CDATA[@TomiLaffly There's no way to ask this without sounding creepy...but...did he smell good? I always imagine that he will smell good 😳]]></document>
		<document><![CDATA[Sigh. https://t.co/zYXPGWsL80]]></document>
		<document><![CDATA[@sarahmaydillon Always here for you. Just happy I could help in some way 💞
I don't get the ashy bines ref tho 😕]]></document>
		<document><![CDATA[@sarahmaydillon I am only barely dressed but do you need me to come help?]]></document>
		<document><![CDATA[@sarahmaydillon Oh noooo!!!!! Dude that sucks 😞]]></document>
		<document><![CDATA[@sarahmaydillon OMG! That's crazy. Seriously whatever I can do just shout.]]></document>
		<document><![CDATA[@sarahmaydillon 😲
Let me know if there's anything I can do to help!]]></document>
		<document><![CDATA[If someone could give me a reason to get out of bed today that would be great. https://t.co/WDsoKpuGih]]></document>
		<document><![CDATA[@TomiLaffly 😳
Your Sundance tweets have been a godsend today by the way! https://t.co/lrPseeGdJ5]]></document>
		<document><![CDATA[@sarahmaydillon Thought so! https://t.co/or3lDx7q1R]]></document>
		<document><![CDATA[@sarahmaydillon Relevant to your interests?!
https://t.co/5Wyp1SCeEv]]></document>
		<document><![CDATA[@sarahmaydillon You is strong woman. You can fight this.]]></document>
		<document><![CDATA[@sarahmaydillon 😂 I think you're going to get through this.]]></document>
		<document><![CDATA[@sarahmaydillon It's gonna be OK. Momentary lapse...this doesn't define you as a person.]]></document>
		<document><![CDATA[@sarahmaydillon Oh DUDE! Sending thoughts &amp; hugs at this difficult time.]]></document>
		<document><![CDATA[If you're a fan of Mann's ALI, like yours truly, then this is a must read. https://t.co/tYD3jkT4rZ]]></document>
		<document><![CDATA[@BilgeEbiri Fantastic interview! With some directors it feels like new cuts are to serve their ego, but with Mann it's always about the film]]></document>
		<document><![CDATA[Stirring a spoonful of Fix &amp; Fogg peanut butter into oatmeal takes breakfast from good to sublime.]]></document>
		<document><![CDATA[@natann66 Happiest of birthdays to you!!! Hopefully gin will be involved?!]]></document>
		<document><![CDATA[Re: last retweet...I've been uncontrollably cackling at my desk for the last ten minutes. Send help.]]></document>
		<document><![CDATA[@mattzollerseitz @brideface Best news! Congratulations 💞🍾💞]]></document>
		<document><![CDATA[TFW you realise the gym membership you haven't been using ends in 3 weeks and the sense of impending freedom is IMM… https://t.co/E5kXUaxF3Z]]></document>
		<document><![CDATA[Cleaning black grime out of my dog's ears is making for a highly glamorous Sunday night 😬]]></document>
		<document><![CDATA[Serious question for film twitter: am I the only one who prefers In The Cut to The Piano?]]></document>
		<document><![CDATA[Me jumping on Twitter and seeing the barrage of tweets about Trump &amp; golden showers: https://t.co/9sqyx31WzI]]></document>
		<document><![CDATA[Realisation that I need to adjust my eating habits now that I'm doing more exercise has dawned on me #shesaysafterscoffingabowlofcornchips]]></document>
		<document><![CDATA[@TomiLaffly She was STUNNING. I swooned! The hair, the suit, the statement...utter perfection.]]></document>
		<document><![CDATA[@sarahmaydillon Jeremy Renner WISHES he looked that fine in white tie!]]></document>
		<document><![CDATA[@sarahmaydillon My period has arrived with a vengeance &amp; the worst cramps ever &amp; this tweet is making it all the more tolerable 💞]]></document>
		<document><![CDATA[@TomiLaffly Right there with ya Audrey!]]></document>
		<document><![CDATA[Me after reading a full plot synopsis of Passengers... https://t.co/TcgmUDlHUW]]></document>
		<document><![CDATA[Had a truly great dog walk with my two neighbours who are AMAZING. We talked dogs/gender roles/sexuality/family/state of the world. MUCH FUN]]></document>
		<document><![CDATA[@sarahmaydillon Further evidence that this week has been far too long for me. Goes to pattern your honour]]></document>
		<document><![CDATA[@sarahmaydillon I may fall asleep on the lawn...]]></document>
		<document><![CDATA[@sarahmaydillon Your spirit is appreciated 😘]]></document>
		<document><![CDATA[@sarahmaydillon Your hair is NOT awful. Don't make me call in reinforcements...]]></document>
		<document><![CDATA[It's not quite the same without @sarahmaydillon https://t.co/kYJVge4e7U]]></document>
		<document><![CDATA[@sarahmaydillon Sign up for a free 3 month trial of Apple Music.]]></document>
		<document><![CDATA[Watching the clock at work &amp; counting down the minutes until I can escape &amp; it's just. so. frustrating. https://t.co/fLMTmsR8zb]]></document>
		<document><![CDATA[@sarahmaydillon We know how to live our best lives 😊]]></document>
		<document><![CDATA[@BeccaBarnesCats Roxy wholeheartedly agrees. https://t.co/e6KnJeK818]]></document>
		<document><![CDATA[@sarahmaydillon Aaarrrgghhhh...in that case you're only doing what you must to survive. No one can blame you for that!]]></document>
		<document><![CDATA[@sarahmaydillon Absolutely. Especially when you have to save room for pizza dinner 😉]]></document>
		<document><![CDATA[I've only been back at work ONE goddamn day &amp; I'm already losing all sense of self-worth &amp; chill. https://t.co/qWL18q2c6R]]></document>
		<document><![CDATA[Me realising I only have one more day of vacation left: https://t.co/7EAi44FQYm]]></document>
		<document><![CDATA[@mattzollerseitz Look what you have created!!! https://t.co/o3HKtAyAKj]]></document>
		<document><![CDATA[@TomiLaffly Sending you all the very best wishes for 2017...reading your work &amp; tweeting with you has been a personal highlight for me 🎉💞🎉]]></document>
		<document><![CDATA[@moryan Perfection! Happy New Year Mo 🎉💞🎉]]></document>
		<document><![CDATA[@auntbeckyrose Congratulations!!!!!]]></document>
		<document><![CDATA[Hello 2017...how's about you &amp; I be friends? https://t.co/iNIUPkHi5h]]></document>
		<document><![CDATA[1 more minute then this year is finally over.]]></document>
		<document><![CDATA[New Years Eve cocktails and face-masks with the lovely @sarahmaydillon 💞🍸💞 https://t.co/M6rv6l959f]]></document>
		<document><![CDATA[Saw La La Land today. It was amazing &amp; exactly what I needed. However, seeing Debbie Reynolds had passed afterwards was a gut punch 💔]]></document>
		<document><![CDATA[Roxy &amp; her beloved Aunty @sarahmaydillon 🐾❤🐾 https://t.co/avFxk71bXS]]></document>
		<document><![CDATA[@sarahmaydillon GAH! Tomorrow cannot come soon enough!]]></document>
		<document><![CDATA[Brother has gone home &amp; Pembroke Manor is oh so quiet.]]></document>
		<document><![CDATA[@TomiLaffly "It says home to me"]]></document>
		<document><![CDATA[@TomiLaffly That sounds perfect. I think it's what she would have wanted.]]></document>
		<document><![CDATA[@chickwithapen Ugh Catholic guilt is the worst guilt...wish I could shake it off.]]></document>
		<document><![CDATA[@TomiLaffly I was already planning to watch this on New Years Eve...now it's going to be especially poignant 😞]]></document>
		<document><![CDATA[Force of nature. https://t.co/X1FsQL0o2m]]></document>
		<document><![CDATA[@AwardsDaily This is wonderful...thank you!]]></document>
		<document><![CDATA[Just thought about Gary Fisher . He was her constant companion. He's going to be lost without her 😥]]></document>
		<document><![CDATA[Carrie Fisher in When Harry Met Sally is perfection. I often quote: "You're right, you're right, I know you're right"]]></document>
		<document><![CDATA[@TomiLaffly Right there with you. Fucking trash fire of a year.]]></document>
		<document><![CDATA[@TomiLaffly Cannot. Wait.]]></document>
		<document><![CDATA[@AwardsDaily Fuck this year.]]></document>
		<document><![CDATA[@TomiLaffly Related: La La Land finally opened here yesterday &amp; I cannot wait to see it!]]></document>
		<document><![CDATA[Ugh awake at 2am. Awesome. https://t.co/fCUz8XaHwT]]></document>
		<document><![CDATA[@natann66 I've got that all lined up for my New Years Eve!]]></document>
		<document><![CDATA[@natann66 Could. Not. Agree. More.]]></document>
	</documents>
</author>