<author lang="en">
	<documents>
		<document><![CDATA[Definitely going to Melbourne to check this out! https://t.co/y8HTJNvo4w]]></document>
		<document><![CDATA[Sally Yates is a hero. This is how you go down. https://t.co/qCwkEb7qUp]]></document>
		<document><![CDATA['The deal they’ve struck with the devil comes at too high a price. It really will cost them their soul.'
 https://t.co/pFtrEexW7J]]></document>
		<document><![CDATA[to defend even those that hate you and make sure they have representation and a fair trial. This is democracy 👏🏾  https://t.co/pOXhBQgF5Z]]></document>
		<document><![CDATA[@Sophiemcneill @7NewsMelbourne it seems so arbitrary and insane]]></document>
		<document><![CDATA[US could resettle zero refugees from Manus and Nauru and still 'honour' deal https://t.co/aZ2uIbFgCc]]></document>
		<document><![CDATA[Hooray!! Congratulations to the brilliant @RandaAFattah on her win. So symbolic and heartening in these times x https://t.co/8uy9583DaD]]></document>
		<document><![CDATA[Hope more women reach Federer level achievement with Mirka like men in their lives to support them in their dreams]]></document>
		<document><![CDATA[Behind every Federer there's a Mirka- supporting, cheerleading, assuaging the disappointment- Yahoo7 https://t.co/iYXYOvGPGo]]></document>
		<document><![CDATA[dives perfectly with the hyper masculine xenophobia  of the extreme right where women/countries/brown ppl are things  to be used/conquered]]></document>
		<document><![CDATA[makes perfect sense- affirms exploitation and unequal power relations between first and third world and men and women they seek to maintain]]></document>
		<document><![CDATA[Also One Nation's Jim Savage, Ian Nelson etc]]></document>
		<document><![CDATA[Always find it fascinating this tendency of leaders of extreme right parties to marry immigrant women from impoverished countries]]></document>
		<document><![CDATA[Melania Trump deserves our compassion- she's as trapped as a Saudi princess, beholden to power with no escape  https://t.co/5tr6IwrUsr]]></document>
		<document><![CDATA[Reza Aslan's message to Paul Ryan- to remember the persecution his Irish ancestors experienced https://t.co/vmla8XoYfj via @youtube]]></document>
		<document><![CDATA[Joseph Goebbels’ 105-year-old secretary: ‘No one believes me now, but I knew nothing’ https://t.co/d9eTNvbS55]]></document>
		<document><![CDATA[These stories are so important https://t.co/QjwfInXSmI]]></document>
		<document><![CDATA[I know the bullying can be crushing but stay light - like Maya said 'you may kill me with your hatefulness/ but still like air I'll rise']]></document>
		<document><![CDATA[A friend sent me this ace picture. This is feminism 2017 puttar!! #punjabisass #brownladypower #auntypower https://t.co/cxZ1Ra70cj]]></document>
		<document><![CDATA[The best antidote to racism/sexism - just keep winning and leave the haters in the dust #greatestever https://t.co/iO1KZFBZsA via @voxdotcom]]></document>
		<document><![CDATA[The difference between US and Canada- a leader like this that has your back and heals wounds with their words https://t.co/XPrdb2Jayo]]></document>
		<document><![CDATA[Yas 👊🏽 Mahershala Ali Speaks Out as a Muslim Against Trump's Immigration Ban at the SAG Awards https://t.co/4AqklBdolX via @thr]]></document>
		<document><![CDATA[Useless leaders, interested only in maintaining a precarious hold on power at odds with the will of their own people https://t.co/LZt05eVzWb]]></document>
		<document><![CDATA[How terrifying that a sanctuary for those left with no safe spaces can be targeted. Massive blow to communities already feeling under fire.]]></document>
		<document><![CDATA[Prayers for those gunned down in this cowardly attack in a place of worship.  https://t.co/4cDRDhuodP]]></document>
		<document><![CDATA[Dear God. Makes sense-  Australia shows the world how hardline xenophobic immigration policies are done   https://t.co/Arz3SCq4hP via @smh]]></document>
		<document><![CDATA[No time for appeasers. 'Time to get real, Mrs May.' Shout out to the  @guardian 
 https://t.co/Hk1ZPx1fxQ]]></document>
		<document><![CDATA[Powerful black women unapologetically killing it and why it gives us all hope in dark times  -https://t.co/NDslNBUo3L]]></document>
		<document><![CDATA[The America of the Williams sisters, of lawyers at airports, of protesters...this is an America worth fighting for https://t.co/xHOZ5DwFTq]]></document>
		<document><![CDATA[Nazi reportedly plots shooting at NSW mall -no biggie really. https://t.co/qxESb8NsBc]]></document>
		<document><![CDATA[Important piece by @NesrineMalik 'The hours after the ban felt like living through a chapter of history that we’d l… https://t.co/06RYtJJtNT]]></document>
		<document><![CDATA[@slamup yeah it's just not as watchable tbh but it's nice they have their thing too #gomens]]></document>
		<document><![CDATA[I need to go to here stat  https://t.co/LYVPLcKIq0]]></document>
		<document><![CDATA[actual madness and a test for democracy  = protesting  public + vigilant judiciary + media to keep power accountable https://t.co/Mmvni7dlUK]]></document>
		<document><![CDATA[Bernie ride or die supporters - still think Hillary would have been worse or nah? https://t.co/xxJMYG2fHC]]></document>
		<document><![CDATA[I wonder about the mental health impact of this phenomenon for western Muslims in the current political climate  - https://t.co/q68poQZKXw]]></document>
		<document><![CDATA[Terrifying 'the xenophobia and Islamophobia that permeated Mr. Trump’s campaign are to stain his presidency as well' https://t.co/gMY99OPxGh]]></document>
		<document><![CDATA['Be not solitary, and be not proud. See others, and allow yourself to be seen.' By @GilbertLiz 
https://t.co/HvKJty7S9D]]></document>
		<document><![CDATA[In important news- Jackie Chan makes a Bollywood/Kungfu film. Perfect CNY film.Gong Xi Fa Cai! 
https://t.co/TfQlnWHyCW h/t @arabicminchina]]></document>
		<document><![CDATA[When you do the things you say you're going to do and everyone is shocked - https://t.co/VKXSIgentD]]></document>
		<document><![CDATA[Little desi girl on stage with braids is killing me now #AusOpen]]></document>
		<document><![CDATA[THE GREATEST 🙌🏽 #AusOpen]]></document>
		<document><![CDATA[I don't follow the tennis but watching these hood to history making legends smash it out is pretty special #SerenavsVenus #power #AusOpen]]></document>
		<document><![CDATA[This should be mandatory viewing for politicians, think tanks, counter terrorism peeps - (also regular people) https://t.co/FjWbeZcIyS]]></document>
		<document><![CDATA[Awesome podcast and story by @BenDohertyCorro https://t.co/i9JsX5d4hx]]></document>
		<document><![CDATA[Any journo who has worked on this day can attest to this- crazy number of assaults  https://t.co/UaU98L0jNB]]></document>
		<document><![CDATA[Important piece by @amymcquire and @Lizzie_OShea 
https://t.co/kab12nJ4ID]]></document>
		<document><![CDATA[@monaeltahawy trump, sisi, Saudi -they are all the same aren't they - why is controlling women so interlinked with state authoritarianism?]]></document>
		<document><![CDATA[I'm not crying- are you ? These are the moments in sport that make it transcendent 🙏🏽 https://t.co/V7CV3t8ofn via @theage]]></document>
		<document><![CDATA[This gif of Melania's double face is tragic. This is every woman in history forced to dance to survive environments… https://t.co/eIzoeqsbT2]]></document>
		<document><![CDATA[@MartinBelam the look of relish and smug delight is sickening]]></document>
		<document><![CDATA[No words for this - only angry emojis 😡😡😡 https://t.co/1UpsOfnIhD]]></document>
		<document><![CDATA[If not you gotta chuck it. Pretty good advice not just for things but people and situations too I reckon.]]></document>
		<document><![CDATA[Joining Marie Kondo bandwagon and konmari-ing my space - now sniffing at everything to see if it 'gives me joy']]></document>
		<document><![CDATA[great piece here on the women's March opening up conversations about race https://t.co/h0rSSmf0MU]]></document>
		<document><![CDATA[@damiencave  welcome to 'straya!]]></document>
		<document><![CDATA[Always worth listening to this lady- thanks for explaining/sharing @FlyinGenie1 https://t.co/5atpbMF5Xm]]></document>
		<document><![CDATA[Books can help you survive everything. Obama’s Secret to Surviving the White House Years: Books https://t.co/WIJ3FJsswD]]></document>
		<document><![CDATA[Hmm not sure why they are mutually exclusive? Saudi women's activism is pretty fierce - and they are not 'quiet' ab… https://t.co/O3g2yMz7Kt]]></document>
		<document><![CDATA[This is scary- authorities having this kind of technology to trace our movements - at protests, on the street? https://t.co/hiVvWKUfct]]></document>
		<document><![CDATA[and not just standing against something but for something, feels hopeful and clarifying and good]]></document>
		<document><![CDATA[Feel so heartened by the anti-trump protests filling my feed - feeling of strength and solidarity]]></document>
		<document><![CDATA[@obmmusic @troutish I know what you mean - feel like that reading Aravind Adiga's selection day.Too too good.]]></document>
		<document><![CDATA[This looks fantastic @anamabbas - where can I find this? https://t.co/wi8kg1QQnJ]]></document>
		<document><![CDATA[Love the internets. Self published podcasts, beautiful voices https://t.co/l7wIr35gJ7]]></document>
		<document><![CDATA[@rubyhamad @DailyLifeAu In my experience all the Islamic school kids end up a lot like the Catholic school ones- pretty wild.]]></document>
		<document><![CDATA[Then there's the empty office ominously labelled 'balochistan']]></document>
		<document><![CDATA[Guy speaking in furious Urdu to a hapless unhelpful clerk about waiting two months for a international driver's license verification letter]]></document>
		<document><![CDATA[Oh dear the Pakistani consulate in Sydney is exactly how I imagined it]]></document>
		<document><![CDATA[Reminder to be fierce and brave as well as gentle and kind, with yourself and others. https://t.co/ijfzUIaNHm]]></document>
		<document><![CDATA[Sometimes you just find the right thing to read at the right time. https://t.co/93D2pZc8fe]]></document>
		<document><![CDATA[Very sad to hear @bairdjulia recurrence. One of my favourite writers - elegant, strong, incisive.]]></document>
		<document><![CDATA[Immigration spent unauthorised $2.2bn on offshore detention. $2.2 bn to export away Australia's fears to tiny island https://t.co/Vd1srEvALS]]></document>
		<document><![CDATA[In important news: still no progress in the Ray situation. https://t.co/yk9M49hWbl]]></document>
		<document><![CDATA[Hooray. Crowdfunding raises $50,000 for new Australia Day campaign with girls in hijabs https://t.co/9cM9glD3IR]]></document>
		<document><![CDATA[Great vid here highlighting important work by Aus-Pak charity by all-round good bloke @patbcaruana https://t.co/hDHZJ7U8N4]]></document>
		<document><![CDATA[What a terrible thing for young girls to confront - we're with you 👊🏽 https://t.co/NH5pSYMwG8]]></document>
		<document><![CDATA[Such great, great news. Feel elated for her https://t.co/SxdTa26xOq]]></document>
		<document><![CDATA['those trolled by Trump will keep fighting ...Just like we always have. Just like we always will.'
 https://t.co/VGtfDEjrLZ]]></document>
		<document><![CDATA[People who read are just better humans, they can imagine and feel what it is to be someone else, someone different  https://t.co/gOK7rpcLss]]></document>
		<document><![CDATA[And then you're told - racists are scared! Sympathise with them, understand them! That's galling seriously]]></document>
		<document><![CDATA[And it's just another layer of everyday life that you absorb into your skin, that others can't possibly understand - that extra weight]]></document>
		<document><![CDATA[Heart sinks and you sympathise and try to shrug it off and carry on eating because that's all you can do]]></document>
		<document><![CDATA[your hijabi friend tells you about getting spat at &amp; another mate talks about seeing 'Chinese out' graffiti on the bus back home]]></document>
		<document><![CDATA[Sometimes I feel like I live in a parallel universe to the rest of the country where in between mouthfuls of papaya salad]]></document>
		<document><![CDATA[Same deal here except we call our progressives 'elites' to silence them - even though most of them are broke/gay/pe… https://t.co/WaXA1cDkHy]]></document>
		<document><![CDATA[Practicing emotional first aid- tedxtalk on mental health https://t.co/TF8eoK87pL via @MobinahA]]></document>
		<document><![CDATA[Great. As if there weren't enough deadly things in this country to worry about getting bitten by  https://t.co/rfxtjaWmCj]]></document>
		<document><![CDATA[Australia belongs to all of us and we need to create new myths and stories - the white male larrikin one ain't true and not representative]]></document>
		<document><![CDATA[Perhaps a point was being made with the posters - and it's a good one and judging by the response a necessary one]]></document>
		<document><![CDATA[Wow now even just existing as a social fabric of this country is 'politically correct'. Hard to keep track  https://t.co/W8Q7NyyW6p]]></document>
		<document><![CDATA[Love Dev Patel. He's so likeable. Also dig the beard. https://t.co/oxS4GMcn7E]]></document>
		<document><![CDATA[What's going on? What we've all been trying to figure out really. https://t.co/KNfrsRWOOf]]></document>
		<document><![CDATA[Great piece on both importance and danger of retreating in turbulent times. Retreat to stay sane then BACK INTO IT. https://t.co/UQlHKdRkD7]]></document>
		<document><![CDATA[Take your broken heart - make it into art https://t.co/9kSAwkIZxI]]></document>
		<document><![CDATA['And don't worry about losing. If it is right, it happens - The main thing is not to hurry. Nothing good gets away' https://t.co/VT0kCcgGlm]]></document>
		<document><![CDATA[Will they unfollow each other? set trolls onto  each other? Or settle this with pacifying emojis ??]]></document>
		<document><![CDATA[Ok shiz just got real here. https://t.co/rkBuzvZzap]]></document>
		<document><![CDATA[So this here trailer gave me shivers...doco on the brilliant James Baldwin 'I am not your negro' https://t.co/MMBpuv3Trf via @GWillowWilson]]></document>
		<document><![CDATA[@shakirahussein @Independent oh yeah. 00's british asian cinema saved my life!]]></document>
	</documents>
</author>