<author lang="en">
	<documents>
		<document><![CDATA[@AskHalifaxBank thanks. Do you know when the info goes to credit agencies?]]></document>
		<document><![CDATA[@AskHalifaxBank hi...I closed a credit card a few months ago but its still showing in my accounts. Can you advise please?]]></document>
		<document><![CDATA[Fun times with the gang #thebutlers #wedding #Ido https://t.co/WFAZ930Wsj]]></document>
		<document><![CDATA[@NineYards_CRDF amazing!! Please stick my name in the hat 🙋 rt&amp;f]]></document>
		<document><![CDATA[@FitbitSupport I followed the help topic on mfp. Disconnected and reattached both devices via web. Fitbit is synching but nothing on mfp]]></document>
		<document><![CDATA[@FitbitSupport hi...fitbit isn't syncing with fitness pal. Unlinked and resynced, reset fitbit and nothing...can you help please?]]></document>
		<document><![CDATA[#wildwest @ Cliff Hotel And Spa, Cardigan Bay https://t.co/qIAXtXLlK6]]></document>
		<document><![CDATA[@FlowEnergyUK ah hang on...is it 'service user number'? I'll DM now]]></document>
		<document><![CDATA[@FlowEnergyUK I've had an email with my DD amount and date but can't see an acc number on there?]]></document>
		<document><![CDATA[@FlowEnergyUK hello...I'm moving across to you but haven't been asked for a meter reading yet. Can you advise?]]></document>
		<document><![CDATA[@fitbit my device seems to have lost the plot..I've walked 3 miles today but its flashing one dot and the dashboard… https://t.co/duAUBy4o3U]]></document>
		<document><![CDATA[@Apricotclothing thanks 👍]]></document>
		<document><![CDATA[@Apricotclothing hello...is it possible to return an online item in store??]]></document>
		<document><![CDATA[@SALUS_Controls hello...just dm'd...faulty unit replaced but the new one is on the blink now 😕]]></document>
		<document><![CDATA[@Top_CashBack hi...requested payout week or so ago. Can you tell me if its going through please?]]></document>
		<document><![CDATA[@Top_CashBack hello...I requested a withdrawal a couple weeks ago but no sign yet. Can I check its on its way please?]]></document>
		<document><![CDATA[@SpotifyCares hiya...Samsung s5 neo, android, version 7.0.0.1369armV7 cheers!]]></document>
		<document><![CDATA[@SpotifyCares hi...I'm trying to create a new playlist but the app freezes every time I try. Been doing it since last night. Tx]]></document>
		<document><![CDATA[@Tesco hi...just ordered something click and collect but chose wrong store. Could I amend please??]]></document>
		<document><![CDATA[@SALUS_Controls thanks. I'll look for that. How do I send? What should I do in the meantime to get timed heating?]]></document>
		<document><![CDATA[@SALUS_Controls OK...changed batteries but its still saying that. Its less than a year old. What do I need to do?]]></document>
		<document><![CDATA[@SALUS_Controls my ST621RF thermostat unit says 'HI' on the display and heating won't come on timed...help! Tx]]></document>
		<document><![CDATA[Shout out to @29ParkPlace for their amazing hospitality at @lovellylovell hen today!!]]></document>
		<document><![CDATA[@SamsungHelpUK yes it is. Gone from 95%-75% since 8am 😢 I'll try that and get back to you]]></document>
		<document><![CDATA[@SamsungUK Hi..battery life is horrendous since #marshmallow update. Any suggestions? Tx]]></document>
		<document><![CDATA[@SpotifyCares dnt think so.getting error msg that its using a lot of power. Google says I can stop it auto launching??]]></document>
		<document><![CDATA[@SpotifyCares hey... Samsung s5 neo, android os, v.6.3.0.882 👍]]></document>
		<document><![CDATA[@SpotifyCares hi..how do I disable auto start up on my Samsung? Its causing huge battery drain on my phone. Thanks!!]]></document>
		<document><![CDATA[@Bodenclothing trying to find out if my order is on its way but I'm confused if I actually placed it now..is there a way you can tell me?]]></document>
		<document><![CDATA[@FitbitSupport thanks. Mywellness let's me connect...how odd! I'll post https://t.co/eJRs51NNdo]]></document>
		<document><![CDATA[@FitbitSupport hi.I'm querying 'mywellness' with @Technogym  not myfitnesspal. Thanks!]]></document>
		<document><![CDATA[@FitbitSupport will do! Should mywellness 'moves' show up on fitbit and vice versa?]]></document>
		<document><![CDATA[@FitbitSupport I've synced 'mywellness' app to fb acc but no data going either way. Can you advise?]]></document>
		<document><![CDATA[Just posted a photo @ HUB Festival Cardiff https://t.co/BpAtFHPA1H]]></document>
		<document><![CDATA[Amazing #joekelly @ HUB Festival Cardiff https://t.co/bvZzKeNWc3]]></document>
		<document><![CDATA[@plusnethelp hi...any known issues in Cardiff?? Really slow/nothing loading. Have restarted the router and my phone]]></document>
		<document><![CDATA[#happyfriday https://t.co/t2IBhQ3MWW]]></document>
		<document><![CDATA[@bristolballoon hello...can I byo booze to the site?]]></document>
		<document><![CDATA[@jacksanger that's all kinds of wrong! My borderline ocd self cant cope 😵]]></document>
		<document><![CDATA[@VOGCouncil great thanks...@visitthevale where can I find more info about what's on?]]></document>
		<document><![CDATA[@VOGCouncil hiya...do you have any info re the street theatre weekender?]]></document>
		<document><![CDATA[@DPD_UK you guys are great and very helpful 👍]]></document>
		<document><![CDATA[Last night's feast 😁 https://t.co/hJkuZPd0OZ]]></document>
		<document><![CDATA[@NewLookHelp thanks...I called a d reordered. Not impressed with the delivery company so have switched to @DPD_UK]]></document>
		<document><![CDATA[@official_yumi  please could someone get in touch asap about my order and delivery #nothappy]]></document>
		<document><![CDATA[@myhermes please could I have contact details to make a complaint regards deliveries from @NewLookFashion @official_yumi]]></document>
		<document><![CDATA[@myhermes I have 2 parcels on 3rd attempt. Driver hasn't left contact details to make other arrangements. Pls advise https://t.co/i8kIp9i2OI]]></document>
		<document><![CDATA[Hi @Halfords_uk Do I need to book in for a bike service or can I just turn up? It would be Cardiff excelsior]]></document>
		<document><![CDATA[@CYMRU1981 @hangfirebbq @BBCCountryfile how far they've come since the days of cooking bangers on a weber! #proud]]></document>
		<document><![CDATA[Amazing to see the fab @hangfirebbq ladies on @BBCCountryfile this evening!]]></document>
		<document><![CDATA[Don't suppose anybody knows what these are? Found them down the back… https://t.co/DNHEsbietG]]></document>
		<document><![CDATA[Thanks to Lovell for the accessories! @lovellylovell https://t.co/znCNfXFb8Z]]></document>
		<document><![CDATA[Lovely time helping out today! Congratulations to all USW grads!! #USWgrad https://t.co/c7As27F7yn]]></document>
		<document><![CDATA[Yay! Another £10 win on @PostcodeLottery 🎉 #stillwaitingforthebigone]]></document>
		<document><![CDATA[@DeliverooHelp hurry....I'm hungry 😉]]></document>
		<document><![CDATA[Dear @DeliverooHelp this is round the corner from my house but you don't deliver to my postcode #meanies 😢 https://t.co/O5Ki9JYLw6]]></document>
		<document><![CDATA[...and they call it poppy love @ Llandaff North Cardiff https://t.co/ZG9z58h3KX]]></document>
		<document><![CDATA[@Android hi...my phone thinks I'm in Abu Dhabi...I'm in the UK. How can I fix it?? Tx]]></document>
		<document><![CDATA[@comparethemkt hi...I've never received my 241meerkat validation. Emailed cust serv...no reply. Its been a couple of months. Pls advise?]]></document>
		<document><![CDATA[Chicken, bacon, new pots and kale #yum https://t.co/wa8nX3CExc]]></document>
		<document><![CDATA[Lunch accompanied by @BBCRadio4 #dangerousvisions #product gripping stuff! #naturenurture]]></document>
		<document><![CDATA[@KodiTV hello...how can I stream to my TV using @AllCastApp]]></document>
		<document><![CDATA[@ChainbridgeInn hello...what time do you serve lunch?? Is there a menu online to have a look at?? 👍]]></document>
		<document><![CDATA[Raft race @ Llandaff Rowing Club https://t.co/eTEANuB1kh]]></document>
		<document><![CDATA[Welcome to @FitbitUK @lovellylovell !]]></document>
		<document><![CDATA[#chums #birthdayfun @lovellylovell @ King Street Brew House https://t.co/1Mgi6sNCAK]]></document>
		<document><![CDATA[Ponderous #caturday @ Llandaff North Cardiff https://t.co/zZgXOEbq2M]]></document>
		<document><![CDATA[Great grub at @CosyClubCardiff last night! #fridaytreats https://t.co/xf0Uq8PKls]]></document>
		<document><![CDATA[Great grub at @CosyClubCardiff last night! #fridaytreats https://t.co/iWwGge4tUr]]></document>
		<document><![CDATA[Beautiful lunchtime stroll @ University of South Wales https://t.co/BmIPe5VTNS]]></document>
		<document><![CDATA[@cardiffisyours lunchtime walk and a corned beef sarnie #retro]]></document>
		<document><![CDATA[@CdffCycleCity @jomeconcycling the cycle path by rwcmd/ambulance station is awful...pot holes and cracked paving...v uncomfortable ride!]]></document>
		<document><![CDATA[Little bit of lunchtime @wittertainment #wassup #hellotojasonisaacs]]></document>
		<document><![CDATA[What a weekend..Hello's, goodbye's, birthdays, diy and enough booze to sink a ship courtesy of @ploughcardiff @Fino_lounge @ONEILLSCARDIFF]]></document>
		<document><![CDATA[Fun times...welcome back to blighty @cometomamma @ O'Neill's St.… https://t.co/w0VYz2g7Sr]]></document>
		<document><![CDATA[@BandQ If I took my strimmer to a shop would they help me find the right new spool and how to fit? #diyconfused]]></document>
		<document><![CDATA[Yummy afternoon tea and cake at @SweetCafeBakery #moojug https://t.co/DbuBmhmDT7]]></document>
		<document><![CDATA[@SonosSupport 👍 thanks for the quick reply!]]></document>
		<document><![CDATA[@SonosSupport ta! It never used to do that. Wasn't a light at all usually]]></document>
		<document><![CDATA[@SonosSupport I have a solid white light on my play3...unplugged and powered back on. Is this right? Doesn't usually happen]]></document>
		<document><![CDATA[If Gareth thomas and Louis Spence procreated #cyp #Eurovision]]></document>
		<document><![CDATA[Presenters this year are Carol mcgiffin and Bruno! #Eurovision]]></document>
		<document><![CDATA[The fantastic @GiftGlassUK are in the hayes for the spring market...lovely, original, handmade gifts #upcycle https://t.co/FYbmPXfsbX]]></document>
		<document><![CDATA[@CineCardiff 😢 my meerkat hasn't validated...a week after requesting. Full price it is then!]]></document>
		<document><![CDATA[@Homebase_help great...thanks!]]></document>
		<document><![CDATA[@HabitatUK hi could you tell me if you have product 282269 in your home base Cardiff concession]]></document>
		<document><![CDATA[@Homebase_help hello...do you know if you'll be getting any kitty floor lamps in again please? Out of stock in my area (077906) tx]]></document>
		<document><![CDATA[@Specsavers hi...I'm looking for some fcuk sunglasses I tried on in store.want to buy but can't find them online any more]]></document>
		<document><![CDATA[#spanishnight #caboverde https://t.co/NFN6qv8hiB]]></document>
		<document><![CDATA[Thank you to @AuroraCardiff for my fan #holidaynails https://t.co/lcdZ2L6qEK]]></document>
		<document><![CDATA[Loving @DonalSkehan on #saturdaykitchen #screentestwinner]]></document>
		<document><![CDATA[Sooooo excited!! @ThomsonHolidays @RiuHoteles #capeverde #sal 🍹☀ https://t.co/DEwzPx1TXy]]></document>
		<document><![CDATA[@SamsungHelpUK nope..all up to date. I've only had it a week as well]]></document>
		<document><![CDATA[@SamsungHelpUK still not great...takes 1 or 2 secs to catch up on keyboard, opening apps, home button]]></document>
		<document><![CDATA[@BillyElliotUK so excited about seeing this in July at @theCentre]]></document>
		<document><![CDATA[@SamsungUK Hi...my s5 is really sluggish...could this be caused by my memory card? Its a 64gb]]></document>
		<document><![CDATA[@SamsungHelpUK oh no! I keep turning it of instead of snoozing as well. Different to my a3. I'll download a new alarm 😃]]></document>
		<document><![CDATA[@SamsungHelpUK hi! Might have missed something but how do I change length of snooze on alarm on s5 neo?? #bugging]]></document>
		<document><![CDATA[@ThomsonCares my question is if it is available on the app, where would.it be?]]></document>
		<document><![CDATA[@ThomsonCares I've done that. I was asking how I access them through the app. Thanks]]></document>
	</documents>
</author>