<author lang="en">
	<documents>
		<document><![CDATA[@K8 fab shot love it]]></document>
		<document><![CDATA[@daveshaw best of luck Dave]]></document>
		<document><![CDATA[@alandooney @peaseydoesit congrats what fab girls love their names]]></document>
		<document><![CDATA[@ESBNetworks clongriffin and balgriffin areas also. What is the estimated time for the issue to be resolved?]]></document>
		<document><![CDATA[@conways amazing news congrats all - can't wait for Belle and Daniel to meet https://t.co/wqNU5sbrMP]]></document>
		<document><![CDATA[@BTYSTE @MaeveMcArdle reckon it would have to be about milk at this stage it's all she interested in]]></document>
		<document><![CDATA[@JeremyOMurchu @gavin_payne you guys will find this interesting https://t.co/V1qnmGfunb]]></document>
		<document><![CDATA[@DewsburyHello always wonder the same - it's easy to buy a decent hairdryer. the issue is they are being bought by people who don't use em!!]]></document>
		<document><![CDATA[Love it⚡️ “This guy might be the only person qualified for this Spotify job”

https://t.co/Ra11umv9RX]]></document>
		<document><![CDATA[@thehappypear @Macreddin @JeremyOMurchu loves smoothies]]></document>
		<document><![CDATA[@MaeveMcArdle @Robbie_Power loving it. Am 3 Episodes in but not sure how long it's going to take in 15 minute segments 🍼🍼🍼]]></document>
		<document><![CDATA[Welcome Belle into the world she arrived right on time .🍼🍼🍼 #timestheyarechanging https://t.co/2OMElgFKBj]]></document>
		<document><![CDATA[@JaneioW @TwitterDublin going to miss u loads Jane.  Enjoy the exciting next chapter]]></document>
		<document><![CDATA[@smcs @anthonynoto @TwitterDublin what great news congrats Sinead. Well deserved]]></document>
		<document><![CDATA[@KateSugrue you just made my 😢 again. Its be amazing working with u over the past few years and am so happy to now call u my friend]]></document>
		<document><![CDATA[@paull @nytimes this is just shocking - am really worried about how this will turn out #climatechange]]></document>
		<document><![CDATA[@cullennr congrats misses what exciting times ahead. Enjoy the celebrations]]></document>
		<document><![CDATA[@bianca_morris @Iman behind the scenes programme on the Queen just starting on UTV .insights into @TheCrownNetflix u might like]]></document>
		<document><![CDATA[@jordanmcd this is me too - check out @CuteEmergency to get your daily fix https://t.co/1wk6VVTrAs]]></document>
		<document><![CDATA[@paull &amp; @KateSugrue you might like this https://t.co/9OgiIe1kVm]]></document>
		<document><![CDATA[@MaeveMcArdle make sure and go it - it's so beautiful and peaceful good for the mind]]></document>
		<document><![CDATA[⚡️ “Two world leaders resign in one day” and the one we want to step down doesn't 

https://t.co/rvKCw3F1ks]]></document>
		<document><![CDATA[@adambain @TwitterWomen thanks from SWAT @TwitterDublin for your support - which helped us create this event yest https://t.co/Zn5iJzcAwE]]></document>
		<document><![CDATA[⚡️ “Discover how you can create your own Moment.” by @twitter

https://t.co/Avi56Cs9M3]]></document>
		<document><![CDATA[⚡️ “Inspiration, wisdom and some laughs at #CWITStrength event ” by @TwitterDublin

https://t.co/Zn5iJzcAwE]]></document>
		<document><![CDATA[Thanks to all @TwitterDublin for the send off the - the bump can't wait to meet you all #LoveWhereYouWork https://t.co/5YhkKhKmJ0]]></document>
		<document><![CDATA[Thanks to all for all work that went into this event. Adding @pstaf who was still working on the event when this wa… https://t.co/xD6nLKO3lp]]></document>
		<document><![CDATA[Loving the insights at today's #CWITStrength panel @CWITirl event https://t.co/v6zB7Q0siz]]></document>
		<document><![CDATA[LIVE on #Periscope: #CWITStrength panel discussion https://t.co/UKolzULBAs]]></document>
		<document><![CDATA[LIVE on #Periscope: Sinead McSweeney keynote speaker at #CWITstrength https://t.co/T8bsvzgL61]]></document>
		<document><![CDATA[LIVE on #Periscope: #CWITStrength event at Twitter Dublin https://t.co/4mb0YLXAOA]]></document>
		<document><![CDATA[So excited about tomorrow's @CWITirl panel hosted by @somaries from @TwitterDublin #CWITStrength https://t.co/u9DI8xjdMP]]></document>
		<document><![CDATA[@mrskatdonnelly @KateSugrue @tikkin if we'd seen this last night we would have looked at the movie a different way https://t.co/sdYrI6uQX5]]></document>
		<document><![CDATA[@ShilohNoelle are you coming to Dublin?]]></document>
		<document><![CDATA[@IrishRail @XeiLa84 I am nine months pregnant and can never get a seat in clongriffin on any of the trains from 7.30 to 8.40]]></document>
		<document><![CDATA[@IrishRail the overcrowding is crazy and unsafe on the morning trains this needs to be looked into]]></document>
		<document><![CDATA[@IrishRail all the malahide/ dun laoghire trains have no empty seats by the second stop at clongriffin every morning. put on more carriages]]></document>
		<document><![CDATA[@lav take it no swim this morning?]]></document>
		<document><![CDATA[@LizzyD5 can't believe this tweet was actually sent - well actually I can. Afraid of what's going to happen with the new POTUS]]></document>
		<document><![CDATA[Wow this is scary #climatechange https://t.co/EHbFr7krwY]]></document>
		<document><![CDATA[Great bants ahead of the game tomorrow #IrlVNZ https://t.co/VrDAo9KhAG]]></document>
		<document><![CDATA[@IrishTimesBiz shocking figures today about the #GenderPayGap in Ireland #timeforchange https://t.co/UfL3ltBjqU]]></document>
		<document><![CDATA[@JeremyOMurchu now you can put the books away https://t.co/siRrqEAchK]]></document>
		<document><![CDATA[Amazing few days @monartspa with @JeremyOMurchu can't wait to go back again already #relaxation #babymoon https://t.co/juRfDw5RAb]]></document>
		<document><![CDATA[@AodhanORiordain thanks for speaking the truth - most of the country was embarrassed about that call as we dodnt want to congratulate Trump.]]></document>
		<document><![CDATA[@It’s the '16 Countries, 16 Festivals'' Jackpot. #TimeToPlay https://t.co/VrmiSFhINe]]></document>
		<document><![CDATA[⚡️ “The Christmas Ads 2016” by @TwitterAdsUK

https://t.co/aFSXO9JPU5]]></document>
		<document><![CDATA[@IWish_ie lots of your followers maybe interest in this event https://t.co/nRKiaETuMm]]></document>
		<document><![CDATA[@dscanlon @larinum @BarryCollins @johnwpryor @BrendaOConnell sorry to miss you am not in the office today. Hope you got some brekkie its fab]]></document>
		<document><![CDATA[@londonbcn @LenuliT enjoy folks hope you have a great one. They were afraid I might end up like this if I was there https://t.co/h1aRZT6S2A]]></document>
		<document><![CDATA[Couple going to the UK for an abortion for fetal abnormality today. Wish you didn't have to travel #repealthe8th https://t.co/5vWQ6C0I3r]]></document>
		<document><![CDATA[Another great Tweet about #Elections2016 https://t.co/mmTmgb3gzv]]></document>
		<document><![CDATA[Trump and Ireland: Five areas of immediate concern https://t.co/McE7hmKXF7]]></document>
		<document><![CDATA[This sums up the election perfectly #Elections2016 https://t.co/uGqThzDXwX]]></document>
		<document><![CDATA[Wow can't believe this has happened #ElectionNight]]></document>
		<document><![CDATA[Congrats to all @IWish_ie brilliant news for #STEM learning https://t.co/FGqvaVXJSL]]></document>
		<document><![CDATA[@laurenceob @IrishRail I get on the dart two stops from where it starts and it's full every day - more carriages are definitely needed]]></document>
		<document><![CDATA[Really interesting reading #IAmVotingBecause this morning - some great insights into how the population are thinking https://t.co/XvVRTWb62g]]></document>
		<document><![CDATA[I’d love to see Ted’s #Holdall under my tree. How about you? https://t.co/i6wSL2ospi]]></document>
		<document><![CDATA[⚡️ “Mila Kunis speaks out on workplace sexism: 'I'm done compromising'”

https://t.co/x7TxTetO29]]></document>
		<document><![CDATA[@mrskatdonnelly thanks so much loved it all X]]></document>
		<document><![CDATA[Blow away by the thoughtfulness today #babymurphy is going to love all these books special thanks  @mrskatdonnelly https://t.co/47ujIDEnQp]]></document>
		<document><![CDATA[@TomFoxy @ShaneGaz @affusj @michaelc @backstreetboys @justjlo yet again Shane blows us all away https://t.co/jCmWfI3neU]]></document>
		<document><![CDATA[@MariaRuth_M @DanCarter @TwitterDublin that would be amazing. Come visit #DanVisitsTwitter]]></document>
		<document><![CDATA[@⚡️ “Emma Watson has been hiding books on the London Underground”

https://t.co/GoEv42QjUM]]></document>
		<document><![CDATA[#⚡️ “From Bakes and Beats to Savings Lives: 8 Creative Wins on Twitter” by @TwitterAdsUK

https://t.co/ECS0R9BCmI]]></document>
		<document><![CDATA[@theneilohara congrats folks this is great news]]></document>
		<document><![CDATA[@JaneioW glad your ok though. At least tomorrow is the start of a new week]]></document>
		<document><![CDATA[@anab I came across loads today too #autumn #Autumnwatch https://t.co/2rzId59qd9]]></document>
		<document><![CDATA[⚡️ “Remembering Savita Halappanavar four years on”

https://t.co/3jnlqIWysA]]></document>
		<document><![CDATA[@KateSugrue if only we had known about these for your wedding https://t.co/8PnRMpW9hQ]]></document>
		<document><![CDATA[⚡️ “Antarctic sea is now the world's largest marine protected area”

https://t.co/cz5wYbGdbH]]></document>
		<document><![CDATA[@⚡️ “Women won't earn as much as men for 170 years”

https://t.co/WNoSTipBbX]]></document>
		<document><![CDATA[@OrlaDaExplora @laniganph @MaeveMcArdle @JeremyOMurchu @Orla_Aoife @KateSugrue think Candice has it #gbbo]]></document>
		<document><![CDATA[@OrlaDaExplora @MaeveMcArdle @laniganph @JeremyOMurchu @Orla_Aoife @KateSugrue some challenge - if had 24 hours I still wouldn't finish 😱]]></document>
		<document><![CDATA[@MaeveMcArdle @JeremyOMurchu @Orla_Aoife @laniganph @KateSugrue we have one tiramisu and one white chocolate Ferraro cake my own recipe 😉]]></document>
		<document><![CDATA[All set for tonight's bake off - if only I made these myself #GBBOFinal #gbbo https://t.co/B7WOGjlos8]]></document>
		<document><![CDATA[Love this - would have wanted everything when I was small https://t.co/KV9xehGBNC]]></document>
		<document><![CDATA[Irish women need your help to change our abortion laws | Una Mullally https://t.co/ieo22Dhe0V]]></document>
		<document><![CDATA[@CatherineBenet Happy Birthday Catherine hope you have a fab one https://t.co/n7yuiG7vAg]]></document>
		<document><![CDATA[⚡️ “Rugby fans and players pay tribute to Anthony Foley”

https://t.co/z0Vatz2Unp]]></document>
		<document><![CDATA[@ShonaOT @pstaf No problem it was too early for celebrations]]></document>
		<document><![CDATA[@AdamSapic Unfort not but Nicola is there there - drop her a message and she can meet you for a chat @tikkin]]></document>
		<document><![CDATA[@daveshaw @selmaneira congrats folks what brilliant news]]></document>
		<document><![CDATA[⚡️ “A midwife's view of the Repeal The 8th debate”

https://t.co/iXKbSchIBK]]></document>
		<document><![CDATA[Happy Birthday @Naomi1 hope you celebrate in style and are ready for another year of being even more fabulous https://t.co/5HCw4cXfuT]]></document>
		<document><![CDATA[⚡️ “#Fashion &amp; #Beauty on Twitter | October I” by @bruzanin

https://t.co/gxEOJCH7Iv]]></document>
		<document><![CDATA[⚡️ “#GoLiveDublin” by @TwitterDublin

https://t.co/nlSwOepNOo]]></document>
		<document><![CDATA[Fun times @twitterdublin #golivewithdublin https://t.co/IL4LMOyxSy]]></document>
		<document><![CDATA[And we're off  #Cumberland #golivedublin @twitterdublin https://t.co/QCrGprGbrE]]></document>
		<document><![CDATA[And so it begins - the beginning of new era @twitterdublin https://t.co/dPtqVYZgUz]]></document>
		<document><![CDATA[Code First: Girls initiative hoping to make its mark at Dublin event https://t.co/DsctvyIgy5 via @IrishTimesBiz]]></document>
		<document><![CDATA[Obituary: Great Barrier Reef (25 Million BC-2016) https://t.co/HeTrDklK9a via @outsidemagazine]]></document>
		<document><![CDATA[What a great speech by @FLOTUS very true words that all Americans need to listen to. https://t.co/BanReaG3TK]]></document>
		<document><![CDATA[@DewsburyHello best of luck and you guys look amazing @Chris_Oh_Connor https://t.co/P277jgNTtZ]]></document>
		<document><![CDATA[@GregJeffOwens the end of an era but it's the exciting start of another #LoveWhereYouWork]]></document>
		<document><![CDATA[@K8 @lorcankavanagh Congrats guys what brilliant news]]></document>
		<document><![CDATA[The presidential #debates are streaming LIVE on Twitter this Sunday night. https://t.co/RA2eY3K8wl https://t.co/hYGaPBjYzE]]></document>
		<document><![CDATA[Powerful message from @liamcunningham1 about the plight of the people of Syria - Ireland needs to act now #LateLateShow]]></document>
		<document><![CDATA[⚡️ “Black Mirror just dropped a seriously dark trailer for Season 3”

https://t.co/UG4zyVV8KX]]></document>
	</documents>
</author>