<author lang="en">
	<documents>
		<document><![CDATA[Ah so good to be working back in After Effects. #designerlife]]></document>
		<document><![CDATA[I love my city #wgtn #uniqueplaces @ Dirty Little Secret https://t.co/ys7zsmbwti]]></document>
		<document><![CDATA[Hmm Friday! What to do after work? Might go for a run. #FitnessGoals]]></document>
		<document><![CDATA[Home!! @ Wellington Harbour https://t.co/Jff7MPrkOs]]></document>
		<document><![CDATA[Waka Ama Nationals is like being on a school camp. #turnbacktime]]></document>
		<document><![CDATA[Big brother is watching. @ Lake Karapiro https://t.co/tvbsdktCH8]]></document>
		<document><![CDATA[Day 2! Let's do this. #10]]></document>
		<document><![CDATA[Starting this year off at a #10!!!]]></document>
		<document><![CDATA[Little timelapse. @ Lyall Bay https://t.co/kGeSvbQHn5]]></document>
		<document><![CDATA[Rough summers day in Lyall Bay #home @ Wellington, New Zealand https://t.co/tQwjaSctOC]]></document>
		<document><![CDATA[Beach Christmas Tree #uniqueplaces @ Wellington, New Zealand https://t.co/9HU2wHq9MH]]></document>
		<document><![CDATA[Awesome summer weather. Unheard of. #uniqueplaces @ Wellington International Airport https://t.co/H2TptmhFcz]]></document>
		<document><![CDATA[Sometimes you just need to stop and admire the beauty. #uniqueplaces @ Wellington, New Zealand https://t.co/0F7L8ngVo9]]></document>
		<document><![CDATA[Views to live for. #uniqueplaces @ Beach House &amp; Kiosk https://t.co/oSfIrB6daY]]></document>
		<document><![CDATA[Wicked design. @ Houghton Bay https://t.co/A2rSC3Z9ME]]></document>
		<document><![CDATA[Where to next for you in 2017? Enter to be in to win flights with @FlyAirNZ. T&amp;Cs apply. https://t.co/fzcopD5dqv]]></document>
		<document><![CDATA[Ooh how exciting!!! My first Waka Ama paddle. Thanks for the birthday present mum &amp; dad. https://t.co/G6sjWofAbj]]></document>
		<document><![CDATA[It's amazing to wake up to this view. @ Houghton Bay https://t.co/7oGBoxQP9U]]></document>
		<document><![CDATA[The internet went down. THE INTERNET WENT DOWN!!! ..... and now it's back up. #minifreakout]]></document>
		<document><![CDATA[More protein! #gymlife]]></document>
		<document><![CDATA[Sometimes working in monochrome is the best option.]]></document>
		<document><![CDATA[The first westworld season was SO GOOD! My favourite of this year. Now the long wait for next season. 📽🎭🎼]]></document>
		<document><![CDATA[And again!  Such another fantastic album from The Weeknd. Summer tunes are here. https://t.co/8kJC2kbMN5]]></document>
		<document><![CDATA[Friday night with a wine in hand. I am happy.]]></document>
		<document><![CDATA[Don't let anyone, ever, say you're not good enough! #2017Mantra]]></document>
		<document><![CDATA[Yes! Food glorious food. @ TOAD Hall https://t.co/m4GJ7pXsCr]]></document>
		<document><![CDATA[Post earthquake juice cleanse. #blendednotstirred @ TOAD Hall https://t.co/my7eVKXJBT]]></document>
		<document><![CDATA[Got through playing 500! Beginners luck, I came 2nd!]]></document>
		<document><![CDATA[On the interislander! Ready to go an adventure.]]></document>
		<document><![CDATA[Interesting choice. Interesting choice indeed.]]></document>
		<document><![CDATA[Back at work after an awesome holiday away.]]></document>
		<document><![CDATA[Two more days before the end of our Sydney trip, but we've had a fantastic time!!!]]></document>
		<document><![CDATA[Happy hour fish bowl margarita. https://t.co/LG0dv4NkRE]]></document>
		<document><![CDATA[Best coffee we've had so far in Sydney. georgieboyscoffeeco @ Sydney Opera House / Harbour Bridge https://t.co/LEN578rs3A]]></document>
		<document><![CDATA[Beautiful birds hanging in the backyard. @ Ingleburn, New South Wales, Australia https://t.co/EI6xQdQLaK]]></document>
		<document><![CDATA[That moment when your in Sydney and you've been on more train rides than in your whole life. #ihearttrains]]></document>
		<document><![CDATA[I'm on a bridge! @ Anzac Bridge https://t.co/rJ3TmuyZxr]]></document>
		<document><![CDATA[The sound of rain is so soothing and satisfying. #naturesoundtrack]]></document>
		<document><![CDATA[Day in the Wairarapa. Not a bad way to spend it. #WineTastings]]></document>
		<document><![CDATA[Great coffee 👍🏻 https://t.co/5YoFU7Axtt]]></document>
		<document><![CDATA[I'm thankful for signs. 😆 https://t.co/z8HikiEhIk]]></document>
		<document><![CDATA[Such an amazing album. @perfumegenius https://t.co/dXbBq53jzc]]></document>
		<document><![CDATA[@illswinter &amp; Hiboux, yes please. Looking forward to it! #dreamteam @ Wellington, New Zealand https://t.co/gOlCeonLha]]></document>
		<document><![CDATA[Weather looks a bit moody. #springtimesadnesss https://t.co/RIVxk9r9CG]]></document>
		<document><![CDATA[Cute little fennel. Thanks New World #littlegarden https://t.co/NTWTxISKHz]]></document>
		<document><![CDATA[Amazing start to a new season. @AHSFX #MyRoanokeNightmare]]></document>
		<document><![CDATA[What a line up! https://t.co/5CK2BWSwAV]]></document>
		<document><![CDATA[Quick hard drive clean up and we're good. #repeat]]></document>
		<document><![CDATA[Watch “Movie Mind Machine” on #Vimeo https://t.co/dsreR1OV2Q]]></document>
		<document><![CDATA[Well done to the @Hikoikoiwaka Open Men's Team for the overall Paddler Series win. https://t.co/A0JuVY64Ea]]></document>
		<document><![CDATA[Race over and what a race! Thank you Whanganui for a great day. Awesome Paddle. @Hikoikoiwaka https://t.co/F60gu0AGkq]]></document>
		<document><![CDATA[Good morning Whanganui! Ready for a race on the river. https://t.co/oTBpKK4hZG]]></document>
		<document><![CDATA[Night before the race. Getting excited! But now time for sleep. #WakaAma #NZ]]></document>
		<document><![CDATA[That moment when the car bounces on the road leaving lip balm on your teeth. #passengerlife #lipbalmgoals]]></document>
		<document><![CDATA[Almost there.]]></document>
		<document><![CDATA[Road trip conversation has gone down hill. #tmi #tmi]]></document>
		<document><![CDATA[On my way to Whanganui for a Waka Ama race this weekend. #exciting @Hikoikoiwaka]]></document>
		<document><![CDATA[Awesome Electric Blue colour. @FlightHangar #coffeetime https://t.co/pFDxLyrcKW]]></document>
		<document><![CDATA[In much need of a coffee break.  @FlightHangar #wgtn #worklife #coffeebreak https://t.co/edzVhnjg34]]></document>
		<document><![CDATA[What a day!! Time for a cuppa and then bed. #adultlife]]></document>
		<document><![CDATA[One of the greats. RIP Gene.  https://t.co/xthTvP2sSz]]></document>
		<document><![CDATA[Next favourite show @WestworldHBO the anticipation. #bestyearoftelevision #2016shows]]></document>
		<document><![CDATA[@Rihanaofficial What an amazing voice! What an artist.  https://t.co/PSWfAHAUPF]]></document>
		<document><![CDATA[Finally back at work! #Monday #saidnooneever]]></document>
		<document><![CDATA[Day 2 sick in bed https://t.co/glg3TbLw4v]]></document>
		<document><![CDATA[I very much dislike being sick. #headcold.]]></document>
		<document><![CDATA[Burger no.2: the Guajilo Pork Torta. https://t.co/0IYubjXowU]]></document>
		<document><![CDATA[Drinks and Mexican food. #tfif]]></document>
		<document><![CDATA[Having my first 2016 WOAP Burger at The General Practitioner. The Midtown Manhattan Burger with… https://t.co/NehVobZVhB]]></document>
		<document><![CDATA[Good morning @mojocoffeenz https://t.co/24bBnsi1za]]></document>
		<document><![CDATA[Happy Friday! #TFIF #TGIF]]></document>
		<document><![CDATA[Thank you @FlightHangar https://t.co/QTm3IzvfbX]]></document>
		<document><![CDATA[In need of coffee and a snack. Stat! #coffeeBreak]]></document>
		<document><![CDATA[Another stunning day in the capital. With a light chilly breeze. #cityLife]]></document>
		<document><![CDATA[Getting the daily exercise in. #squadgoals  https://t.co/9oegze5B9i]]></document>
		<document><![CDATA[Mid week and I'm still at a 10. #positiveoutlook #ata10]]></document>
		<document><![CDATA[Beautiful night for a paddle. #wakaTraining]]></document>
		<document><![CDATA[Awesome new sculpture in the city! #beautifulcity https://t.co/RAPyjQraPF]]></document>
		<document><![CDATA[A little bit of salad and sushi to help get you through the day. #myfitnesspal]]></document>
		<document><![CDATA[Impressive win by @usainbolt What an athlete! https://t.co/8lyBrtmNaZ]]></document>
		<document><![CDATA[Sometimes I ask myself how much redesign is a redesign.]]></document>
		<document><![CDATA[Start of a new week. Start at a 10 everyday. #AtA10]]></document>
		<document><![CDATA[There's copying, and then there is copying. #HeardItBefore]]></document>
		<document><![CDATA[I think this week is going to be pretty busy.]]></document>
		<document><![CDATA[Beautiful winters day. #winterIsHere #Wellington https://t.co/MfMeEqcAcG]]></document>
		<document><![CDATA[Getting up early in winter is very difficult.]]></document>
		<document><![CDATA[@AppleSupport my MacBook early 2015 model, latest El Capitan OS is freezing. The trackpad and keyboard has become unresponsive. Help!]]></document>
		<document><![CDATA[Love scrolling through @Pinterest. A ton of inspiration. #research]]></document>
		<document><![CDATA[Good to be back at the gym this morning after being sick for two weeks.]]></document>
		<document><![CDATA[@jaayraad91 it was so cold I had to run with a hoodie to keep my hands warm.]]></document>
		<document><![CDATA[Trying to get through The Mechanist on survival mode is hard]]></document>
		<document><![CDATA[Just finished watching @10CloverfieldLn such an awesome film. In my top ten of 2016]]></document>
		<document><![CDATA[@Merewater finally got in and it's interesting.]]></document>
		<document><![CDATA[Well this is a bit disappointing. https://t.co/k4iT6TDZuG]]></document>
		<document><![CDATA[What!? What is this madness? @thehitsnz https://t.co/gh7zzoEnEP]]></document>
		<document><![CDATA[Always feels good to refresh.]]></document>
		<document><![CDATA[Love it when the radio makes you smile and laugh in public. @thehitsnz]]></document>
		<document><![CDATA[How great was that #GameofThrones episode?]]></document>
		<document><![CDATA[Amazing food and amazing service! Plus they serve almond milk. @ Prefab - Eatery &amp; Events https://t.co/mcQTZ1pqUI]]></document>
		<document><![CDATA[New reading material. #thegoon https://t.co/pzxzBQPcrl]]></document>
	</documents>
</author>