<author lang="en">
	<documents>
		<document><![CDATA[@mcgregor_ewan @piersmorgan Good on you Ewan. Can't believe that idiot is still allowed airtime.]]></document>
		<document><![CDATA[@SKYNZ what channel?]]></document>
		<document><![CDATA[Thank you again #nzsecretsanta . Perfect. Well needed today to deal with an excited 2 year old. Merry Christmas https://t.co/ks7AyPHiNC]]></document>
		<document><![CDATA[Gearing up for my last shift before Christmas. May the Patron of Bar workers save me from an onslaught of amateurs.  @Bar_staff_probs]]></document>
		<document><![CDATA[My #nzsecretsanta has arrived - the right one this time. Thanks to @tinanz for sending it on. Back under the tree. Thanks again Santa.]]></document>
		<document><![CDATA[@tinanz no worries. Have a great Christmas &amp; New Year.]]></document>
		<document><![CDATA[@tinanz Hi, think we were the ones mixed up in the #nzsecretsanta . Just to let you know I've posted yours off today.]]></document>
		<document><![CDATA[Seems a mix up, I have someone else's #nzsecretsanta &amp; they have mine. Thanks to the team for trying to sort it. Super sleuths!]]></document>
		<document><![CDATA[My #nzsecretsanta is here. Thank you Santa. It's under the tree till Xmas Day. 
I hope Santa is good to you too. https://t.co/rLQrkAzHYv]]></document>
		<document><![CDATA[Rewatching #Sherlock on @UKTVnz and cannot wait for new episodes in January. Cannot wait!]]></document>
		<document><![CDATA[@RyanJonesOnline Suits you , Ryan. New career?]]></document>
		<document><![CDATA[@nzsecretsanta thanks for all your hard work guys. Awesome work.]]></document>
		<document><![CDATA[Panic over. My gift has arrived at the storehouse. #nzsecretsanta #phew]]></document>
		<document><![CDATA[@WelshRugbyUnion Do you guys have confirmed dates for the Pacific tour tests yet? Can't find anything online.]]></document>
		<document><![CDATA[@nzsecretsanta Bit concerned my pressie sent on Friday is still not showing up as received. Is there a backlog to update?]]></document>
		<document><![CDATA[@ardrigh Sure is. Happy with the others but not sold on Howley.]]></document>
		<document><![CDATA[Well that's exciting. Thank you to my #nzsecretsanta. https://t.co/ErfEgFjxJv]]></document>
		<document><![CDATA[3 days off in a row from work and plenty of sleep. This is what energy feels like again. #gettingshitdone #it'llbegonebytomorrow]]></document>
		<document><![CDATA[@Chantal_Patton thanks. I hope it continues in the same way.]]></document>
		<document><![CDATA[What a birthday morning: A lie-in, I repeat, A lie-in; 2 cups of tea in bed and a bag of Galaxy Minstrels. #happydays]]></document>
		<document><![CDATA[Wonderful afternoon at Government House listening to Christmas Carol concert. Congratulations to all involved, excellent #Wellington]]></document>
		<document><![CDATA[That's my @nzsecretsanta gift sent off to the elves for another year.  Not the easiest  this year, hopefully they'll enjoy. #nzsecretsanta]]></document>
		<document><![CDATA["@BBC_Travel: Spa theme park to open in Japan featuring hot-spring rollercoaster. https://t.co/VR4v6AXKnR @suzienewshoes amazing.]]></document>
		<document><![CDATA[@YGathGoch Much needed after the earlier laptop drama. Nothing a Roast, fresh bread and wine can't fix]]></document>
		<document><![CDATA[Roast Beef dinner in the oven, bread rising by the window. Taking a moment with a glass of vino and this view. https://t.co/ZEUGGKAorg]]></document>
		<document><![CDATA[@YGathGoch Diolch. Will check them out.]]></document>
		<document><![CDATA[Spectacularly managed to break the laptop today. FML. Any ideas if its worth repairing or buying new? #laptopadvice #clumsyfool #wellington]]></document>
		<document><![CDATA[@nzsecretsanta To bake my own bread. Pretty happy, only bought about 5 shop loaves this year. Still learning &amp; experimenting.]]></document>
		<document><![CDATA[@PontypriddRFC Come on the Pont. #OleOleOle]]></document>
		<document><![CDATA[Had 3 events to choose to go to tonight, either 1 or all 3. I chose this &amp; the sofa. #Getting on #Chianti https://t.co/trwTYrv2VE]]></document>
		<document><![CDATA[@UKinNZ what time is it finishing?]]></document>
		<document><![CDATA[Great, if not wet,  morning at @WellingtonZoo. Running after this one chasing kangaroos and chickens. https://t.co/fVw20po6hp]]></document>
		<document><![CDATA[@WestPlazaNZ Do you need to book if coming for breakfast?]]></document>
		<document><![CDATA[@PSSRemovals Great. Think you guys will need to follow me for me to send a DM]]></document>
		<document><![CDATA[@lyallbaynz Will get in my list for a visit soon. Thanks]]></document>
		<document><![CDATA[Earthquakes, aftershocks, torrential rain, floods &amp; Tornadoes. Another tragedy is we're out of good tea. SOS: Someone help @YorkshireTea]]></document>
		<document><![CDATA[@lyallbaynz looks great.  Where's that?]]></document>
		<document><![CDATA[What is the best novel to read in a pub?

https://t.co/RDcgoEMPg6   
Think mine would be Sherlock - preferably by a fire on a stormy night.]]></document>
		<document><![CDATA[@Panderys83 my favourite time of year on your timeline]]></document>
		<document><![CDATA[@Panderys83 along with "I can't believe they've got the fucking Windows open on @ArrivaTW in the winter" tweets?]]></document>
		<document><![CDATA[Workers in Sweden can now report mansplaining using a dedicated hotline https://t.co/egrVnOmI4o https://t.co/dTgR0Y2R9W" @suzienewshoes]]></document>
		<document><![CDATA[@PSSRemovals Hi, I'm trying to locate a box im expecting which should have landed in NZ 2 weeks ago. How do I track it? Cheers.]]></document>
		<document><![CDATA[@anonyguy I'll let the seismologists decide on that one. But I'll also blame Trump.]]></document>
		<document><![CDATA["@geonet: A brief update: we've had 251 eqs since 7 p.m. last night. A total of 780 eqs since the M7.5 Kaikoura Quake. #eqnz" I blame Trump.]]></document>
		<document><![CDATA[After a quick visit to the supermarket the shelves most in demand were water, toilet paper and chocolate. Personally I went for Wine. #eqnz]]></document>
		<document><![CDATA[@SparkNZ Great touch]]></document>
		<document><![CDATA[@Panderys83 @suzienewshoes yes all ok here thankfully.]]></document>
		<document><![CDATA[@skysportnz Are you guys showing the Wales v Australia test live next sat/Sun morning? Can't see anything on the planner]]></document>
		<document><![CDATA["@IHendryTennent: A new tool library has just opened in Newtown Wellington.
https://t.co/3NywMyqs1c https://t.co/lwBWCsTyyA" Great Idea.]]></document>
		<document><![CDATA[@Panderys83 could do with that now! Lush.]]></document>
		<document><![CDATA[@ardrigh what is the entertainment or do I not want to know? 😂. Waiting for Suze to get home then I'll be down. Prob midnight ish]]></document>
		<document><![CDATA[@mlle_elle fell for this in my 1st job in nz @KiwibankNZ .An older woman also freaked me out by bringing a plate of "little boys willlies."]]></document>
		<document><![CDATA[@ardrigh haha. And they are all about 2-5 miles of where I'm from. Classy.]]></document>
		<document><![CDATA[Great result &amp; performance from the @Hurricanesrugby . When is the next game in the @WestpacStadium?]]></document>
		<document><![CDATA[@ardrigh bit gutted now]]></document>
		<document><![CDATA[@Panderys83 haha she can have my chop]]></document>
		<document><![CDATA[@ardrigh hope not mate but got to say you're more confident than me. Never know though. #TogetherStronger]]></document>
		<document><![CDATA[@ardrigh we'll be screwed mate.]]></document>
		<document><![CDATA[@Margaritus Congratulations!]]></document>
		<document><![CDATA[Rhondda votes leave!  Incredible, the place wouldn't be there without EU funding over last 15 years. #Remain]]></document>
		<document><![CDATA[@WgtnCC Any idea when the recycling bags are going to delivered to Houghton Bay area?]]></document>
		<document><![CDATA[@Margaritus incredible. Great team.]]></document>
		<document><![CDATA[@Margaritus lucky win for Chile!]]></document>
		<document><![CDATA[Lovely meal @Portlander_ last night, compliments to the chefs and rest of the service staff. Excellent .]]></document>
		<document><![CDATA[@Panderys83 @peinkoffer did it on fb a few months ago. Top marks.Helps I recite the film on a daily basis, much to @suzienewshoes annoyance]]></document>
		<document><![CDATA[@Panderys83 tin foil]]></document>
		<document><![CDATA[@Panderys83 God. I'd completely forgotten this. Can't even remember how to play it.]]></document>
		<document><![CDATA[@castofficial Wellington, NZ? Please!]]></document>
		<document><![CDATA[@Panderys83 that's so me as well]]></document>
		<document><![CDATA[@Panderys83 Lol, i think it's still in the garden out the back yard.]]></document>
		<document><![CDATA["Woman injured by ball of frozen human waste falling from a plane  https://t.co/t6JaETx1NO". If you thought you were having a bad day...]]></document>
		<document><![CDATA[Thank you to my #nzsecretsanta , I loved them and enjoying already. Merry Christmas to you. X]]></document>
		<document><![CDATA[@Panderys83 yep free anytime.]]></document>
		<document><![CDATA[@Panderys83 @suzienewshoes thanks my lovely. Scorchio here today. Drinking white wine in the sun. Happy Xmas eve! X]]></document>
		<document><![CDATA[Thank you to my #nzsecretsanta! Loved the presents and enjoying them already. Merry Christmas to you, hope Santa brings what you wanted. X]]></document>
		<document><![CDATA[Insomnia 1 - Me 0. Not going to be the relaxing Xmas eve I hoped for, manic day ahead. #stupidbrain]]></document>
		<document><![CDATA["@salvationarmyuk: Will you back #Shaky4Number1 this Christmas  https://t.co/mAjTF2S5cu" @Panderys83  has shaky got a new 1?]]></document>
		<document><![CDATA[@lauramcgoldrick @RadioHaurakiNZ Boo! Sad times! Best of luck with your next venture]]></document>
		<document><![CDATA[My #nzsecretsanta gift had arrived but im going to save opening until Christmas Day.  Thanks again to my secret Santa! #gettinginthemood]]></document>
		<document><![CDATA[Great night last night @CircaTheatre watching a child's Christmas in Wales. Highly recommend seeing it. Wonderful performance by Ray Henwood]]></document>
		<document><![CDATA[@Panderys83 playing best of 3 in the car. Almost went straight out with 2 shockers, saved by Chris Rea. #drivinghomeforchristmas]]></document>
		<document><![CDATA["@FlyAirNZ: The Airpoints™ or the present? RT with your choice &amp; #AirNZXmas to be in to win. 😊 🎁🎄🎅"  airpoints]]></document>
		<document><![CDATA[My faith had been restored and seeing  @nzsecretsanta has been sent.Thank you! Good start to the day. Xmas tunes in work tonight me thinks]]></document>
		<document><![CDATA[For the 1st time it looks like I won't be receiving a @nzsecretsanta this year. Hopefully Sion Corn remembers. #allaboutthegiving #yeahright]]></document>
		<document><![CDATA[@Panderys83 Home alone on the TV and THAT song is on #bettergetamoveon]]></document>
		<document><![CDATA[Great afternoon at the Scandinavian Christmas @CapitalENZ , thanks for putting it on, we all loved it.]]></document>
		<document><![CDATA[@worldmarket_nz Asap if you can get it? Cheers guys. #isitonly2weeks?]]></document>
		<document><![CDATA[Sent my @nzsecretsanta off. Was very odd buying for a teenager obsessed with 1D. Time to start trimming up the house and pub now.]]></document>
		<document><![CDATA[“@Independent: Sweden's deputy prime minister cried while announcing refugee U-turn https://t.co/BF4naiRF78” EU could learn alot from Sweden]]></document>
		<document><![CDATA[@nzsecretsanta any Sherlock Holmes black and white, Casablanca, its a wonderful life. Most Xmas films.]]></document>
		<document><![CDATA[@nzsecretsanta 1. Northern lights 2. Run my own business]]></document>
		<document><![CDATA[@nzsecretsanta Victorian London. I love the thought of living (affluently) there at that time.]]></document>
		<document><![CDATA[Some serious Wellington wind out there today. I'll be hunkering down by the fire with few glasses of @MtDifficulty pinot noir. #summer]]></document>
		<document><![CDATA[Great day in the sun, now off for a meal at the Rockyard - 1st time there. Maybe be a cheeky pint at the @WelshDragonBar after. #goodtimes]]></document>
		<document><![CDATA[Daddy daycare day, best day of the week. What's going on today in #wellington for me and a small person?]]></document>
		<document><![CDATA[@Panderys83 what is this black magic you speak of?]]></document>
		<document><![CDATA[@ardrigh good to see you again mate. Catch up soon.]]></document>
		<document><![CDATA[Back in the homeland for a few weeks and looking forward to a day at @PontypriddRFC]]></document>
		<document><![CDATA[@philwdba @WelshDragonBar get me a wine in.]]></document>
		<document><![CDATA[@Panderys83 ridiculous religious types finding a loophole. It will be overturned and law changed. Also everyone will read it now!]]></document>
	</documents>
</author>