<author lang="en">
	<documents>
		<document><![CDATA[Anticipate the madness 💃🏾 https://t.co/EhFykTP2H5]]></document>
		<document><![CDATA[@OgunsolaBunmi_  u already know 😂😂 https://t.co/diZN46eQJG]]></document>
		<document><![CDATA[[Stolen Kiss] Your Stolen Kisser is @olamide_YBNL! Who is yours?
via https://t.co/hqDnP6g580 https://t.co/5JYleA82qf]]></document>
		<document><![CDATA[[Valentine] @dabeerahh's Valentine should be @viv_bryan! Who should be yours?
via https://t.co/hqDnP6g580 https://t.co/dmyVhO4yta]]></document>
		<document><![CDATA[U might wanna throw this shade properly by incl my @ https://t.co/GfgouWOSWp]]></document>
		<document><![CDATA[@OgunsolaBunmi_ I swear ...I love ur name tho 😭]]></document>
		<document><![CDATA[@OgunsolaBunmi_ I didn't know it had a full meaning]]></document>
		<document><![CDATA[I was smiling with my sister's lesson teacher...my neck,face and ear were slapped in unity https://t.co/PNcbvkkh5N]]></document>
		<document><![CDATA[So ASAP means as soon as possible 😩 https://t.co/xIVCJkIiFJ]]></document>
		<document><![CDATA[My heart 😭❤️ https://t.co/Zs7WpGG8E6]]></document>
		<document><![CDATA[This thread thoooooo 😭😭😭😭😂😂😭😭😂😂😂😂😂😂I kenttt https://t.co/swVlncYcm0]]></document>
		<document><![CDATA[Watermelon aye mi ta lo n ta ninu hold up Orun gbewo shop rite 😭😭this guy has killed me]]></document>
		<document><![CDATA[The runaway one 😭 https://t.co/6ZBIAl7TFs]]></document>
		<document><![CDATA[Some people will have Gold in their possession but they'll throw it away and pick up wood]]></document>
		<document><![CDATA[To be genuinely happy https://t.co/8ifYfz4KFL]]></document>
		<document><![CDATA[Very unnecessary. https://t.co/fQF7r5WuOB]]></document>
		<document><![CDATA[She'll weep. https://t.co/BpvYS5LroF]]></document>
		<document><![CDATA[I'm going to deal with the ode https://t.co/R31SlvEC86]]></document>
		<document><![CDATA[Plix have sense and remove this thing 😭😭😭 https://t.co/LUSLScitzF]]></document>
		<document><![CDATA[I escaped that day 😹 https://t.co/VFyk1DSpex]]></document>
		<document><![CDATA[😂hilarious https://t.co/njraEA4XYb]]></document>
		<document><![CDATA[💔💔 Lord please comfort them https://t.co/yVDhxpaVET]]></document>
		<document><![CDATA[You'll have one small argument with someone and the first thing they do is to change their iroko password 😭]]></document>
		<document><![CDATA[When u pray once and get double breakthrough 😩]]></document>
		<document><![CDATA[God has remained faithful 🙇🏾‍♀️]]></document>
		<document><![CDATA[Fack 🙂 https://t.co/v7DhVUwqsp]]></document>
		<document><![CDATA[Craving unhealthy foods 😭devil get behind me]]></document>
		<document><![CDATA[If your purpose in life is to be deceiving people up and down, Satan will definetely deceive u till u die.]]></document>
		<document><![CDATA[You're definetely the sleeper 😹 https://t.co/GYGYQ0KXVy]]></document>
		<document><![CDATA[Next move? 😹I'm already home watching iroko https://t.co/uppCiim9c4]]></document>
		<document><![CDATA[This wedding photoshoot fr https://t.co/sFyXB1yHo7]]></document>
		<document><![CDATA[@Aggie_Martie yes I saw like 3 men in the economy then one wearing agbada in buisness class]]></document>
		<document><![CDATA[Naa there were different men https://t.co/JhYRjVOeCe]]></document>
		<document><![CDATA[They left the car 😭 https://t.co/Wbq3ZW93bJ]]></document>
		<document><![CDATA['Hold ur lips' was really the most unnecessary punishment  in secondary school 😴]]></document>
		<document><![CDATA[@viv_bryan is the heartbroken one be boning face like ode https://t.co/wbUO1s9shV]]></document>
		<document><![CDATA[@thatbukkythoo is the lip syncer https://t.co/wbUO1s9shV]]></document>
		<document><![CDATA[@Kachie__ is the professional https://t.co/wbUO1s9shV]]></document>
		<document><![CDATA[No Kemi forget that thing 😹the Economy is not smiling you can't jeopardize your Jrice  https://t.co/KF2dJxVOqH]]></document>
		<document><![CDATA[What if he just quickly  went to get water or coke  https://t.co/N6bhlZ5wHV]]></document>
		<document><![CDATA[It's good for the goat 😆😆 https://t.co/Rm8BaYIcpQ]]></document>
		<document><![CDATA[Fack😶 https://t.co/zqGmwWvN6D]]></document>
		<document><![CDATA[Game of thrones babes 😭 https://t.co/mAQk9EMKoG]]></document>
		<document><![CDATA[God legit answers prayers nobody can tell me otherwise]]></document>
		<document><![CDATA[SMASHING MY MUM'S COMPUTER!!! https://t.co/ggPudzXBqy]]></document>
		<document><![CDATA[We will all be rich 💃🏾 https://t.co/wqyCORyyeE]]></document>
		<document><![CDATA[This thread 😂😂 https://t.co/pzBE9MjlOS]]></document>
		<document><![CDATA[And foolishness and bastardity  https://t.co/sSklVvGrem]]></document>
		<document><![CDATA[Where's the food 🤗 https://t.co/runpKkme7I]]></document>
		<document><![CDATA[Happiness is contagious. Always surround yourself with positive people]]></document>
		<document><![CDATA[@thatbukkythoo @Joietok remember when @viv_bryan gave her life to Christ on this ride https://t.co/pF7PkA8siF]]></document>
		<document><![CDATA[Lord put an end to my material suffering 🙏🏼🙏🏼]]></document>
		<document><![CDATA[We are not part it's only drake that wants to test him  https://t.co/xffORH1I9b]]></document>
		<document><![CDATA[Shoot me 😂 https://t.co/i2nT8jFA2S]]></document>
		<document><![CDATA[I can't wait to see you too 😆😆🤗🤗🤗🤗I'm over excited  https://t.co/iY2lJwcLWt]]></document>
		<document><![CDATA[You wey u dey doze for inside the picture  https://t.co/IUqvzeQksg]]></document>
		<document><![CDATA[Small fight and you have changed iroko password 😭]]></document>
		<document><![CDATA[Lol he is very much used to it  https://t.co/L5Of6fOpWq]]></document>
		<document><![CDATA[Boj all the wayyy https://t.co/BZ99rGzN6c]]></document>
		<document><![CDATA[This is hard  https://t.co/HQeHurG1sT]]></document>
		<document><![CDATA[Your eyes need two different accounts 😂 https://t.co/ZlrzYtNL1i]]></document>
		<document><![CDATA[The fact I can see you soon as possible and to get to know that  https://t.co/DLIsDsx5Gv]]></document>
		<document><![CDATA[Omg the full video  😂😂😂😂 https://t.co/B7b9TPUeAF]]></document>
		<document><![CDATA[We are waiting for your Canada tour 😪 https://t.co/U9OCnzABzH]]></document>
		<document><![CDATA[Thief https://t.co/pcfxPH34v6]]></document>
		<document><![CDATA[This is you as fuck @ChiideraN_  https://t.co/XeMjFCMLYz]]></document>
		<document><![CDATA[Champions 💃🏾💃🏾💃🏾]]></document>
		<document><![CDATA[Draymond is not smiling]]></document>
		<document><![CDATA[Best boy  https://t.co/SkaPy85jiP]]></document>
		<document><![CDATA[Maybe she warned her  https://t.co/6E5Y8cYnHg]]></document>
		<document><![CDATA[😂😂it's not even that serious  https://t.co/FESOTBiN66]]></document>
		<document><![CDATA[Bloody egg 😭 plaintain roulette 😂 https://t.co/RjRKAvqU1m]]></document>
		<document><![CDATA[Game of thrones 😂 https://t.co/uE0x7NTKfe]]></document>
		<document><![CDATA[The devil keeps creeping into my mind]]></document>
		<document><![CDATA[Lmfao not really  https://t.co/YrbXEfX3L7]]></document>
		<document><![CDATA[@viv_bryan and family. y'all so cute 🐵 https://t.co/TB4O77Nk2w]]></document>
		<document><![CDATA[It's my #Twitterversary! I have been on Twitter for 3 years (since 6 Jun 2013).
And you? https://t.co/4mS36DYWj6]]></document>
		<document><![CDATA[This is not even oju lasan  https://t.co/b3XyRcYdCc]]></document>
		<document><![CDATA[😂😂😂 am very very dead  https://t.co/NeyAHMhZ1R]]></document>
		<document><![CDATA[2014. Very messed up year https://t.co/FJuY6pMzvT]]></document>
		<document><![CDATA[Yeah. Everyone does  https://t.co/0fdMafZv7z]]></document>
		<document><![CDATA[I need to wake up early to eat  https://t.co/JmW7QFl7bT]]></document>
		<document><![CDATA[Coke  https://t.co/7xuUzlrCZR]]></document>
		<document><![CDATA[I'm white af 🤒 https://t.co/AVkPXqJbLs]]></document>
		<document><![CDATA[Story for your mummy's family 😭 https://t.co/MYh0WOtwQc]]></document>
		<document><![CDATA[Shake it till it falls off 😝 https://t.co/YmUn019aKE]]></document>
		<document><![CDATA[Lmfao my goal is 24 hours straight  https://t.co/WOZ7yriFok]]></document>
		<document><![CDATA[I wasn't even ready 😂 https://t.co/OVXkdGFM3P]]></document>
		<document><![CDATA[The end time is very near  https://t.co/wUt572HQGj]]></document>
		<document><![CDATA[Misplacing your earphones is the saddest thing ever  😓]]></document>
		<document><![CDATA[Oh lord 😂 https://t.co/bD2QAFvUc4]]></document>
		<document><![CDATA[Sean When did I become a DJ 😂 https://t.co/OMnxrlfGWS]]></document>
		<document><![CDATA[Ice prince is back 💃🏾]]></document>
		<document><![CDATA[Depends on who https://t.co/MLlNYoggDj]]></document>
		<document><![CDATA[plenty strings attached mehn  https://t.co/1vWUwBRktl]]></document>
		<document><![CDATA[Am I studying in school so I can stay at home 🙄 https://t.co/osJ1B7AYAh]]></document>
		<document><![CDATA["Dattouringgirl"idk what I was thinking  https://t.co/PcqC7KEtat]]></document>
		<document><![CDATA[This is sooooooooo @thatbukkythoo  https://t.co/JpJcwz33PD]]></document>
		<document><![CDATA[Siri ca never mind her buisness 😒]]></document>
		<document><![CDATA[@Taylordakid happy birthday 🍾]]></document>
	</documents>
</author>