<author lang="en">
	<documents>
		<document><![CDATA[He did a lot of youthful mis-spending!😀#Thunderbirds #TBT https://t.co/O3NrzcaFyk]]></document>
		<document><![CDATA[@robhoegee Still waiting for mentions of Lucille Tracy!!!    @Scribbles192 and I are hanging out here for S2 Part 2!  And More Col. Casey!]]></document>
		<document><![CDATA[The Lady's Solar: Five Basic Freestyle Embroidery Stitches https://t.co/GSLhuLclUO]]></document>
		<document><![CDATA[Several buddies.  I went in a group of nine and I was the only one who actually made it in and out again! https://t.co/yLMkG86OhQ]]></document>
		<document><![CDATA[Government of Australia, Prime Minister of Australia: STOP THE TAMPON TAX by Share the Dignity - S... https://t.co/ja4ZjogIbJ via @ChangeAUS]]></document>
		<document><![CDATA[The Lady's Solar: Embroidery Accessories I Love! https://t.co/V7kfoq2s4g]]></document>
		<document><![CDATA[The Lady's Solar: 2016 - I am so OVER you!! https://t.co/3w35lEgD9Z]]></document>
		<document><![CDATA[I just backed Trims, Frills and Furbelows on @Kickstarter https://t.co/1Dwe9n60Ep]]></document>
		<document><![CDATA[Hon Mitch Fifield: Enact a legally enforcable media ban following a death until families have been... https://t.co/EkdCRG48U1 via @ChangeAUS]]></document>
		<document><![CDATA[Season 2 is looking AMAZING #thundeerbirdsarego  #TAGteam  #TAGSeason2 https://t.co/EKTRNEkUut]]></document>
		<document><![CDATA[Like to see the parking inspector who tries to ticket TB2! Have fun We are looking forward to your tweets about it https://t.co/4Uwq6D2pN1]]></document>
		<document><![CDATA[Exciting!  #TAGSeason2 #ThunderbirdsAreGo https://t.co/zOEpETofWt]]></document>
		<document><![CDATA[I love seeing that Capt Taylor will be back and the hint that we might get more EOS! Plus PIRATES! #TAGSeason2 https://t.co/g3BWRxGtkN]]></document>
		<document><![CDATA[You may just be a teeny big impartial on this  :D   But Two is a lovely bird! #TAG #ThunderbirdsAreGo  #TAGSeason2 https://t.co/jAePxO1nVY]]></document>
		<document><![CDATA[YAY!!!    We NEED mentions of Lucy! https://t.co/QgvJwQ47EW]]></document>
		<document><![CDATA[Waiting with baited breath!! https://t.co/sRfRjYGmQO]]></document>
		<document><![CDATA[Am waiting rather impatiently!  :)  Hopefully it will screen in Australia at the same start date as it does in UK! https://t.co/sRfRjYGmQO]]></document>
		<document><![CDATA[6 Amazing Easter Eggs Lurking In Places You'd Never Suspect https://t.co/vopnZ4wZTn via @cracked]]></document>
		<document><![CDATA[@awvoices I do hope we see you and The Hood back in S2!]]></document>
		<document><![CDATA[@discordapp Windows dekstop app crashed &amp; won't open. Uninstalled but re-install won't work.  Tried downloading new but still won't work!]]></document>
		<document><![CDATA[Italian police solve elderly couple's distress with some home-cooked pasta https://t.co/CZR2N7kQLv via @DailyLifeAU]]></document>
		<document><![CDATA[@Scribbles192 @robhoegee @DavidScott76  I agree - let's acknowledge the woman without whom there would be no Tracy brothers!!]]></document>
		<document><![CDATA[Gorgeous artwork! #ThunderbirdsAreGo  #TAGteam  #ThunderbirdsTuesday  #Thunderbirds https://t.co/ZTCQhiZXf2]]></document>
		<document><![CDATA[@robhoegee Great news!!  Have to say Casey is a fave character of mine!]]></document>
		<document><![CDATA[@robhoegee  will we see any more of Col. Casey &amp; the GDF in S2 of Thunderbirds Are Go? #ThunderbirdsAreGo #tagteam #TAG #Thunderbirds]]></document>
		<document><![CDATA[An In-Depth Guide to Bullet Journaling https://t.co/hS8Lxg10BK via @gen_twenty]]></document>
		<document><![CDATA[Southbound means inbound to the city. At 7am traffic was banked back on Gympie Rd past Kedron KFC. https://t.co/wGqBknK8nI]]></document>
		<document><![CDATA[Experience "behind the scenes" at History Alive - become a volunteer!  https://t.co/EiLfUpoXTm]]></document>
		<document><![CDATA[History Alive: A Journey Through Time 2016 is on 11-12June at Ft Lytton https://t.co/Nawie2keat]]></document>
		<document><![CDATA[Love the alligator on Alan's shoulder!!  @Enotaken  https://t.co/fN6erknjIv]]></document>
		<document><![CDATA[Life-saving depression treatment not covered by Medicare: - Sign the Petition! https://t.co/LPDGRqqltj via @ChangeAUS]]></document>
		<document><![CDATA[Save $35 on your first order with my code LTZMJ7 at https://t.co/po5RnE74Uw !]]></document>
		<document><![CDATA[Kitten.exe has encountered a bug. https://t.co/0YfOJXqZhZ via @9GAG]]></document>
		<document><![CDATA[To Serve on Earth and in Space https://t.co/XvVSA08bZI via @YouTube]]></document>
		<document><![CDATA[OMF!  I am loving these!! https://t.co/ZVMK6eGwBu]]></document>
		<document><![CDATA[Yay!!!  FINALLY  a TB5!!! https://t.co/qMwdgLAFv6]]></document>
		<document><![CDATA[Yay for a POD builder set!! https://t.co/kMKPuPm3s1]]></document>
		<document><![CDATA[Thunderbirds Are Go 126 “Legacy” – Staged “disasters”, Season 1 Finale https://t.co/wVHhfYwH4Y via @FilmReviewOn]]></document>
		<document><![CDATA[@benjihulse10 It can't seem to decide down here!]]></document>
		<document><![CDATA[ONe of my favourite stories! https://t.co/WTAujNSzqf]]></document>
		<document><![CDATA[@Enotaken Fiona @FeeonaFiona and my friend Jen linked me to you  :D]]></document>
		<document><![CDATA[@Enotaken I have only just discovered your twitter feed (after following you on Tumblr).   This is just glorious!!!  I love tiny Scott]]></document>
		<document><![CDATA[@FlyAirNZ F.A.B. for having Thunderbirds Are Go on your in-flight entertainment system. Great to see you supporting a locally made show!]]></document>
		<document><![CDATA[THUNDERBIRDS ARE GO Director Teases Series 1’s Dark Finale  https://t.co/FFGFGv1pYi]]></document>
		<document><![CDATA[Wishing you all a Merry Christmas, Happy Holidays or whatever you celebrate https://t.co/TJcjGz7jfT]]></document>
		<document><![CDATA[Christmas Food Ideas For People With Diabetes  https://t.co/jNmA0cr0sB]]></document>
		<document><![CDATA[Queensland Minister for Justice: Appeal Gerard Baden-Clay's murder conviction was downgraded to ma... https://t.co/7y3pfL1vuv via @ChangeAUS]]></document>
		<document><![CDATA[I voted for my favourite kids show in #tvshowchampion!  TAGteam - your vote is needed!! https://t.co/y3wcMxmRGT]]></document>
		<document><![CDATA[This List Breaks Down The Stages Of Breast Cancer And What They Mean | The Breast Cancer Site Blog https://t.co/Gvv87S79Jq via @po_st]]></document>
		<document><![CDATA[soon please!!!   You've got hordes of fans having serious withdrawal symptoms! https://t.co/1YAXl9s8ZL]]></document>
		<document><![CDATA[Happy to be the 1,167th cat on @BackerKit for THUNDERBIRDS 1965: NEW EPISOD... | Thx @thunderbirds65! https://t.co/TQPCmHHNSM]]></document>
		<document><![CDATA[Oh come on @ThunderbirdsHQ   You are being ridiculous with the Tracy brothers ages. Your own head writer has debunked these ages.]]></document>
		<document><![CDATA[@ThunderbirdsHQ What's with the ages on the bootcamp? Rob Hogee said that the ages wouldn't be given. They ones given are far too young]]></document>
		<document><![CDATA[Up to 3 new episodes of classic Thunderbirds are on the way. Now is your last chance to back this FAB campaign! http://t.co/sStVtT8pVQ]]></document>
		<document><![CDATA[Reading story: https://t.co/A7TYoLVCNu]]></document>
		<document><![CDATA[Vale Terry Pratchett. Some magic &amp; colour has gone from the world]]></document>
		<document><![CDATA[Check out this site: http://t.co/V6ygkOTXJe]]></document>
		<document><![CDATA[Musings of a Mad Embroiderer http://t.co/w7NcUof0ce #embroidery via @MadEmbroiderer]]></document>
		<document><![CDATA[My latest embroidery article:  Couching and Laid Work http://t.co/fU2tUyNomf]]></document>
		<document><![CDATA[Care of your Embroidery Tools http://t.co/Jd4o86dfl1]]></document>
		<document><![CDATA[Lazy Saturdays are a good thing!  Time to unwind  :)]]></document>
		<document><![CDATA[New Year Embroidery Resolutions http://t.co/3gKwVarNaL]]></document>
		<document><![CDATA[Getting Children Involved in your Embroidery http://t.co/cVh5ScUTrD]]></document>
		<document><![CDATA[@Westpac When will your file transfer problem be fixed?  I haven't been paid as yet - and nobody knows when it will be fixed!]]></document>
		<document><![CDATA[Satin Stitch got you frustrated?  Then check out the new article - Satin Stitch Basics... http://t.co/HqNN2wAeh3]]></document>
		<document><![CDATA[Satin Stitch Basics http://t.co/6pImPQ6Vfe]]></document>
		<document><![CDATA[So embroiderers - what are you going to work on this weekend/  i've got continuing work on my crewel piece that I... http://t.co/RWjIcCS3Lp]]></document>
		<document><![CDATA[so - do you have a stitch that you just can't seem to make work/  I do!!... http://t.co/w8kw3qr4Kk]]></document>
		<document><![CDATA[My Stitch Nemesis http://t.co/6LSTREE6RM]]></document>
		<document><![CDATA[What is Biscornu?  New article at Embroidery - http://t.co/ig8BlKS62l http://t.co/RIw1vbi29a]]></document>
		<document><![CDATA[What is Biscornu?  New article at Embroidery - http://t.co/ig8BlKS62l http://t.co/un3kAGgomS]]></document>
		<document><![CDATA[What is Biscornu http://t.co/ig8BlKS62l]]></document>
		<document><![CDATA[What's your favorite brand of stranded embroidery cotton?  There are so many options out there, I'd be interested... http://t.co/XaGCZgXVrr]]></document>
		<document><![CDATA[Who doesn't love a freebie!!  Check out my new article and be spoiled for choice!... http://t.co/kpgSKhhj3W]]></document>
		<document><![CDATA[Fabulous Embroidery Freebies http://t.co/95UY41vz5m]]></document>
		<document><![CDATA[@thepoettrees  another gripping story from AA Bell. #diamondeyes]]></document>
		<document><![CDATA[Do you love the vintage look from Downton Abbey, Mad Men or The Great Gatsby?  Then find out how you can use... http://t.co/bEeUExz4]]></document>
		<document><![CDATA[Using Embroidery to get the Vintage Look http://t.co/eWYcKk9Q]]></document>
		<document><![CDATA[I love metal thread embroidery - here's my latest article helping you to know which thread is which and the tools... http://t.co/pbBFJUnx]]></document>
		<document><![CDATA[I love metal thread embroidery - here's my latest article helping you to know which thread is which and the tools... http://t.co/sxzGBp9b]]></document>
		<document><![CDATA[Using Metal Thread - Embroidery http://t.co/vjTopDCH via @Embroidery%5FHost]]></document>
		<document><![CDATA[I just entered @themarysue's #Shadowplaynyc giveaway to win some out of this world tights. Enter here: http://t.co/gItWDr3Q]]></document>
		<document><![CDATA[So - just what is crewel embroidery?   

http://t.co/UmxP8Fx6 http://t.co/ZFp330m4]]></document>
		<document><![CDATA[Crewel Embroidery http://t.co/UmxP8Fx6]]></document>
		<document><![CDATA[Take some time to prepare your thread before you start stitching - you won't be disappointed?... http://t.co/y6gEtrbw]]></document>
		<document><![CDATA[Preparing your Thread http://t.co/o6X3mUFi]]></document>
		<document><![CDATA[Although most of your embroidery will look better if you use a hoop or frame to stitch, there are some stitches... http://t.co/FuyV798f]]></document>
		<document><![CDATA[My latest article - When you Don't Need a Hoop http://t.co/EpuYiHzE]]></document>
		<document><![CDATA[Here's a free download - a PDF of "The Needles Excellency" - a pattern book from 1631!... http://t.co/JAeLJute]]></document>
		<document><![CDATA[Don't miss out on the Interweave Hurt Book Sale   http://t.co/BUf9Hfyn http://t.co/11FMx4gT]]></document>
		<document><![CDATA[Got an itch to stitch?  Try this FREE PROJECT!

http://t.co/tpjIl384 http://t.co/idcKGFmJ]]></document>
		<document><![CDATA[Make sure you choose the right needle for your embroidery project!     http://t.co/tJH25Yyd]]></document>
		<document><![CDATA[Choosing the right needle for your embroidery is vital!  In this article, I look at the different types of hand... http://t.co/OMVZa9ia]]></document>
		<document><![CDATA[If you enjoy Opus Anglicanum work, this is a terrific tutorial on how to do the faces in this technique. http://t.co/m0PI9e7l]]></document>
		<document><![CDATA[This is terrific news.  If you are an embroiderer looking to stitch some authentic Renaissance patterns, then... http://t.co/r0J4BthQ]]></document>
		<document><![CDATA[What do you call it?  Assisi work, Voided work, or even Reserva - it all comes down to an unusual technique. http://t.co/RJpcdWbQ]]></document>
		<document><![CDATA[How inspiring!  And I'm absolutely stoked that it references one of my http://t.co/zGiUnZ8N articles! http://t.co/GADdguLZ]]></document>
		<document><![CDATA[Damn you 2011 - can't you even let up on the last day of the year?  4.5 Earthquake just hit Christchurch]]></document>
		<document><![CDATA[@samtreea Welcome to Twitter!!]]></document>
		<document><![CDATA[@Predeceased Just toss the vegies in with the roast in about an hour.  And you can't forget the gravy!!!!]]></document>
	</documents>
</author>