<author lang="en">
	<documents>
		<document><![CDATA[@jo_bailey I think they should be named “Lo Poly” instead of “Lo Res” however!]]></document>
		<document><![CDATA[Best Practices For Mixed Reality Design in 2017 by @_LucasRizzotto https://t.co/SWqeSbJcjt]]></document>
		<document><![CDATA[The State of Information Visualization, 2017 via @eagereyes https://t.co/9522R6wIxT]]></document>
		<document><![CDATA[A Course in Machine Learning by @haldaume3 https://t.co/nBN2c5m9qy]]></document>
		<document><![CDATA[A Short History of Color Theory by @runemadsen https://t.co/wt3R1Dl4cR]]></document>
		<document><![CDATA[Toolkits for the Mind. How Users Are Shaped By Programming Languages https://t.co/vvyqqPwKZ5]]></document>
		<document><![CDATA[How statistics lost their power – and why we should fear what comes next | William Davies https://t.co/r0ZcI04Suk]]></document>
		<document><![CDATA[Effective circular design looks beyond a single product lifecycle for a single user, to designing a bigger system https://t.co/AVJGy5PR3E]]></document>
		<document><![CDATA[Ethics in Design – An interview with Harry Brignull, from https://t.co/ygSxeLvMnh https://t.co/zfit0KLa0V]]></document>
		<document><![CDATA[Pokémon Go engagement, health outcomes short-lived, study finds https://t.co/vfNqMQdyI2]]></document>
		<document><![CDATA[Focusing on process alone will not nurture empathy and creativity - nor optimism… via @_continuum https://t.co/MspJ5SdNkx]]></document>
		<document><![CDATA[@jo_bailey this is awesome! With your edited photo I could land a blog with thousands of subscribers!]]></document>
		<document><![CDATA[@jo_bailey I do not have an impressive enough beard to be a designer worthy of a hashtag these days.]]></document>
		<document><![CDATA[@jo_bailey Every small shift in design needs its own brand these days.]]></document>
		<document><![CDATA[@jo_bailey We have anthropomorphised plenty in the weird history of screen-based visual metaphors. Sometimes useful, sometimes not.]]></document>
		<document><![CDATA[The End Of User-Friendly Design https://t.co/DbM5jB8UEU]]></document>
		<document><![CDATA[How Functional Animation Helps Improve User Experience – Smashing Magazine https://t.co/0tzZauD1W6]]></document>
		<document><![CDATA[Affordances: The Encyclopedia of Human-Computer Interaction https://t.co/iMJm9alwGk]]></document>
		<document><![CDATA['Oasis' Reconstructs Your Room Into A VR Paradise Using Google Tango https://t.co/jD8wewrQIJ]]></document>
		<document><![CDATA["You can only make so many lime-green Yoda heads before you get bored and wonder, Why did I buy this 3-D printer?"  https://t.co/C0GtqydGNd]]></document>
		<document><![CDATA[Hacking the Attention Economy by @zephoria https://t.co/ACZpiKZslJ]]></document>
		<document><![CDATA[Boris Miller's (@borism) "Thoughts on Interaction Design" https://t.co/7nIoJsQ0Mx]]></document>
		<document><![CDATA[Drone manufacturer DJI acquires majority stake in Hasselblad, the iconic Swedish camera company https://t.co/zfZEO4LhkP]]></document>
		<document><![CDATA[Did Media Literacy Backfire? https://t.co/5wC084r1oA]]></document>
		<document><![CDATA[Preserving the web’s adolescence https://t.co/JiRhisCpgL]]></document>
		<document><![CDATA[Oculus acquires eye-tracking startup The Eye Tribe https://t.co/KS5NTpwRHf]]></document>
		<document><![CDATA[Read a wonderful writeup on a year of daily code sketching by @zachlieberman https://t.co/2V739PI8fj]]></document>
		<document><![CDATA[Now, More Than Ever, Designers Must Transform America https://t.co/cSB2RoacaO]]></document>
		<document><![CDATA[The Sadness and Beauty of Watching Google’s AI Play Go https://t.co/TpUa81Ptan]]></document>
		<document><![CDATA[Like. Flirt. Ghost: A Journey Into the Social Media Lives of Teens https://t.co/8GVc2JMdaf]]></document>
		<document><![CDATA[Zappos is struggling with Holacracy because humans aren’t designed to operate like software https://t.co/lWxCoE9Itv]]></document>
		<document><![CDATA[Design words with data – Dropbox Design https://t.co/KFKsXV7csQ]]></document>
		<document><![CDATA[Artificial Intelligence Generates Christmas Song From Holiday Image https://t.co/SoUzS2jzWg]]></document>
		<document><![CDATA[Towards a Manifesto for Making Meaningful Work https://t.co/ib22reytWn]]></document>
		<document><![CDATA[How should designers respond to disaster? https://t.co/bazLc9nzpJ]]></document>
		<document><![CDATA[How Xerox Invented the Copier and Artists Pushed It To Its Limits https://t.co/GpAwywqW33]]></document>
		<document><![CDATA[How Digital Nomads Went From Niche to Normal https://t.co/Nw2p9hOiag]]></document>
		<document><![CDATA[How Chatbots Can Help Your Users Without You There - UX Movement https://t.co/3t1KMKisjh]]></document>
		<document><![CDATA[@hhawkmothh the puppy is so excited to have so many new people to play with!]]></document>
		<document><![CDATA[Object Recognition within Spatial Mapping For HoloLens https://t.co/Wbf12ddopz]]></document>
		<document><![CDATA[@karlwkane Would be happy to talk this out in the new year. It has many layers… like an onion…]]></document>
		<document><![CDATA[Inside Amazon's clickworker platform: How half a million people are being paid pennies to train AI - TechRepublic https://t.co/4l2W0JeTYq]]></document>
		<document><![CDATA[OpenType Variable Fonts: Moving Right Along https://t.co/PVdqHRBqgy]]></document>
		<document><![CDATA[Inside the secret meeting where Apple revealed the state of its AI research https://t.co/JulnELHikE]]></document>
		<document><![CDATA[Chatbots Are The New Skeuomorphism. How Do We Find Another Way? https://t.co/vFQAxggbs0]]></document>
		<document><![CDATA[@jo_bailey tacit knowledge?]]></document>
		<document><![CDATA[@thomaslebas about a day ago! But I can actually sleep for close to 17 hours straight when allowed.]]></document>
		<document><![CDATA[Quoted for truth... https://t.co/jorTdu1rYU]]></document>
		<document><![CDATA[@antonynevin many many thanks Ant!]]></document>
		<document><![CDATA[Confession of an Ivy League teaching assistant: Here’s why I inflated grades https://t.co/26Wn9dZRQV]]></document>
		<document><![CDATA[When bias in product design means life or death https://t.co/MHKfgipLfJ]]></document>
		<document><![CDATA[The Linq mixed reality headset blends the real and the virtual https://t.co/NVKyoXMcyH]]></document>
		<document><![CDATA[Snap’s Spectacles Are the Beginning of a Camera-First Future https://t.co/LpDDxkLjOI]]></document>
		<document><![CDATA[Inside the 21st-Century Craze for Redesigning Everything https://t.co/nT8rOKB7zc]]></document>
		<document><![CDATA[The Simple Economics of Machine Intelligence https://t.co/ZUKbq931UL]]></document>
		<document><![CDATA[Your Best Design Work Will Be Invisible https://t.co/rrTiFXGce1]]></document>
		<document><![CDATA[We need to talk about buttons. https://t.co/shNLhLv9E6]]></document>
		<document><![CDATA[The convergence of UX, CX and Service Design | The Great Convergence | Adaptive Path https://t.co/XdqVkwXJKM]]></document>
		<document><![CDATA[@Tezzica thanks Tess! All good here.]]></document>
		<document><![CDATA[@GabiSchaffzin all safe here. A wild night tho!]]></document>
		<document><![CDATA[@jason_ohara @Spinprofessor @cocamassey campus closed until midday! More info. to come...]]></document>
		<document><![CDATA[@spinprofessor @cocamassey All good here! Kids already back to sleep!]]></document>
		<document><![CDATA[@nickkapica I saw flashes lighting up the sky as well! Are there warning lights in Petone? Thats where I saw them eminating from.]]></document>
		<document><![CDATA[Doppler’s Futuristic Earbuds Sound Great. They Also Speak Spanish https://t.co/JyvuwjDeK2]]></document>
		<document><![CDATA[The Myth of Invisible Design https://t.co/KpiJiUQpIt]]></document>
		<document><![CDATA[Now seems an opportune moment to share some open academic positions here in beautiful Wellington, New Zealand: https://t.co/VzWZo4PkL2]]></document>
		<document><![CDATA[Now seems an opportune moment to share some open academic positions here in beautiful Wellington, New Zealand: https://t.co/n7bAWHje33]]></document>
		<document><![CDATA[Innovative, articulate, critically engaged. Such a pleasure to see #coca4 interacting with their industry peers. #EXP16]]></document>
		<document><![CDATA[On Generative Algorithms by @inconvergent https://t.co/hyOK3bNoXr]]></document>
		<document><![CDATA[@NickKapica @jo_bailey @tristamsparks @thomaslebas I am in the delegation hosting the PLA Monday night. Sorry to miss it.]]></document>
		<document><![CDATA[Chicago Friends: Lunch with my CoCA @DesignDem colleagues at the University of Chicago Institute of Politics https://t.co/IduoTJJZ1c]]></document>
		<document><![CDATA[Long Before Twitter, Martin Luther Was a Media Pioneer https://t.co/GLZ9M24GMd]]></document>
		<document><![CDATA[The darker side of machine learning https://t.co/Sa5ICfDgBq]]></document>
		<document><![CDATA[Algorithms Might Be Everywhere, But Like Us, They’re Deeply Flawed https://t.co/fFVRHMKkIE]]></document>
		<document><![CDATA[Artificial Intelligence as a Bridge for Art and Reality https://t.co/mbtBGI845m]]></document>
		<document><![CDATA[Type Timeline and Colors added to Typography Insight for HoloLens https://t.co/Ly9I1SYPbn]]></document>
		<document><![CDATA[Magic Leap Says Dev Milestones Met, Patent Shows Sleek Form Factor https://t.co/KyLsWYIRtR]]></document>
		<document><![CDATA[VR started with gaming—but it will take over every other industry https://t.co/Od1emvfYBp]]></document>
		<document><![CDATA[Inside the New Zealand VR/AR Association's plan for virtual world domination https://t.co/bM7KRVRqwl]]></document>
		<document><![CDATA[After Decade of Growth, MFA Enrollments are Dropping | artnet News https://t.co/fz8Fj6FMR7]]></document>
		<document><![CDATA[Inside the New Zealand VR/AR Association's plan for virtual world domination https://t.co/XsFALqH466]]></document>
		<document><![CDATA[Microsoft’s speech recognition is now just as accurate as humans https://t.co/HjuO129FXp]]></document>
		<document><![CDATA[Why we need to plan for a future without jobs https://t.co/JCJxVwddZm]]></document>
		<document><![CDATA[@jason_ohara Its going to take months to colour-correct the orange glow out of your photos and videos of pristine white snow…]]></document>
		<document><![CDATA[Let’s stop talking about THE design process – Stanford https://t.co/SgfTy0lJVJ https://t.co/wJVBaJr0dP]]></document>
		<document><![CDATA[Ten Myths About Machine Learning https://t.co/2EaSbITn2h]]></document>
		<document><![CDATA[How to stop designing things that won’t get built https://t.co/tmtaWUSwCy]]></document>
		<document><![CDATA[Giving Back to the Design Community – Facebook Design https://t.co/r0dYfHvp9C]]></document>
		<document><![CDATA[A Return to Machine Learning https://t.co/7q1ftQH6BQ]]></document>
		<document><![CDATA[Design and UX for an AI-first world – Clarifai Blog | Artificial Intelligence in Action https://t.co/jEAJIVVm7I]]></document>
		<document><![CDATA[Mark Zuckerberg and philanthropy: it’s not like it was in Rockefeller’s day | Evgeny Morozov https://t.co/V4zVAwUnEs]]></document>
		<document><![CDATA[How to cope when robots take your job https://t.co/t7FqXUUBpX]]></document>
		<document><![CDATA[Casey Reas’s Disconcerting Software Paintings https://t.co/zBbLfT07eY]]></document>
		<document><![CDATA[The Existential Question of Higher Education https://t.co/v9QoBKWulf]]></document>
		<document><![CDATA[Will VR Give Us the Next Toy Story? https://t.co/SvVM0mAo2C]]></document>
		<document><![CDATA[Interaction Design is dead. What now? https://t.co/l12lahnWUP]]></document>
		<document><![CDATA[A Return to Machine Learning https://t.co/UBS9p0IpVH]]></document>
		<document><![CDATA[How to think like a data journalist: Chad Skelton at Information+ https://t.co/S15D2vRHM5]]></document>
		<document><![CDATA[Ten Rules for Negotiating a Job Offer https://t.co/WIIhJ0zsUc]]></document>
		<document><![CDATA[I tried Oculus’s cordless VR headset https://t.co/jOHgctCaWB]]></document>
	</documents>
</author>