<author lang="en">
	<documents>
		<document><![CDATA[Time for Dead Hangs! Finished off my 2.5 hour workout with dead hangs because they are essential… https://t.co/VVkmtgyxOW]]></document>
		<document><![CDATA[The feeling of excitement when I know that so many of you conquered my #31daychallenge 
I am so… https://t.co/c7ytUoiJpt]]></document>
		<document><![CDATA[#Repost @maddfitness with @repostapp
・・・
🚨🚨Are you ready to join me for the next challenge to… https://t.co/kjyUJdFSdU]]></document>
		<document><![CDATA[Day 31 of the #31daychallenge 
TOTAL BODY BLAST
40 seconds on, 20 seconds recovery
8… https://t.co/K3hUvyofOM]]></document>
		<document><![CDATA[THRIVE in everything you do! Give your all, be your best and focus on the positive. Today I… https://t.co/fBnfUo1uq4]]></document>
		<document><![CDATA[Check out my video with beginner, intermediate &amp; advanced options @maddfitness https://t.co/Zt7QGQBgUE]]></document>
		<document><![CDATA[Day 30 of the #31daychallenge 
Tap, push &amp; hop
45 seconds on, 15 seconds to recover.
5 rounds… https://t.co/JUAs5O7ALI]]></document>
		<document><![CDATA[So excited that my friend Christine is joining me for an awesome trail this weekend! This race… https://t.co/qmhmObq8TH]]></document>
		<document><![CDATA[🚨🚨Are you ready to join me for the next challenge to get in the best shape of your life? Now is… https://t.co/VXJ1yFBTPy]]></document>
		<document><![CDATA[Day 29 of the #31daychallenge 
Animal Moves 
✅Beginner: Start with knees just above floor and… https://t.co/U6g4oEJD7Z]]></document>
		<document><![CDATA[Who is joining me tonight for Barbell, Core or/and Cycle lifetimefitness ? Get that booty in… https://t.co/YsVDkOVK8A]]></document>
		<document><![CDATA[Day 28 of the #31daychallenge 
Total Challenge
3 sets
✅Beginner: Plant 2 light weights hip width… https://t.co/UVqIVPO9gE]]></document>
		<document><![CDATA[One of the most amazing opportunities to use my strength to help others @strengthtoserve with… https://t.co/r2cJ8LevDK]]></document>
		<document><![CDATA[Every day is different but it's an opportunity for you to give your all so rather then compare… https://t.co/wep4NJGiYr]]></document>
		<document><![CDATA[Day 27 of the #31daychallenge 
LEGS 
3 sets
✅Beginner: Step to the side and squat 24 times.… https://t.co/5XBnsGTeKX]]></document>
		<document><![CDATA[Sheer leggings make the pain so worth it! Super fun bikini camp michellefitness12 https://t.co/wwR7oHEfvj]]></document>
		<document><![CDATA[Excited to officially announce that I am part of the Bmax Activation ambassador team!… https://t.co/XVaafVB94U]]></document>
		<document><![CDATA[AWESOME training this morning with michellefitness12 
#totalbodyworkout #fitnessmodel… https://t.co/HC3xysfrsq]]></document>
		<document><![CDATA[Really good hip opener &amp; glute move! So my question is if everyone is trying to get nice round… https://t.co/EuW1AymY2l]]></document>
		<document><![CDATA[Happy Saturday!
Day 26 of the #31daychallenge 
Pump, Lunge &amp;Row
3 sets
✅Beginner: Use light… https://t.co/Ez1I42ohAO]]></document>
		<document><![CDATA[Happy Friday! You are less than a week away from achieving amazing results!
Day 25 of the… https://t.co/EtKPwAQVIS]]></document>
		<document><![CDATA[Excited to announce I have been chosen to be a @AndyBerler ambassador! Yes some of the hottest… https://t.co/dh75PKaaWO]]></document>
		<document><![CDATA[Day 24 of the #31daychallenge
It was a nice day so all I needed was the bench in front of… https://t.co/t2HyAOMAa2]]></document>
		<document><![CDATA[When you try to put 28 hours into a 24 hour day, thank God the mascara held up @LOrealParisDE https://t.co/6EXqwX2phc]]></document>
		<document><![CDATA[Day 23 of the #31daychallenge 
Pliet Power
3 sets
✅Beginner: Start with a wide stance, toes… https://t.co/KEnFe2V2Xf]]></document>
		<document><![CDATA[@sleepnumber I would love one!!!]]></document>
		<document><![CDATA[Day 22 of the #31daychallenge 
Good Mornings
So GOOD for those hamstrings, yes the back of your… https://t.co/kvPe1texnS]]></document>
		<document><![CDATA[Day 21 of the #31daychallenge 
Curtsy Lunge
SO GOOD for your legs!
15 reps on one side &amp; then… https://t.co/dvjA6rtT9l]]></document>
		<document><![CDATA[Day 20 of the #31daychallenge 
Reverse Fly (3 sets)
One of my favorite exercises for a sexy back… https://t.co/qLrLdG0jbJ]]></document>
		<document><![CDATA[Day 19 of the #31daychallenge 
Lateral hops, walk it out, push-up &amp; walk back
♨️3 ROUNDS OF… https://t.co/nOVh701NVW]]></document>
		<document><![CDATA[Day 18 of the #31daychallenge 
Side Lunge with Punches
✅Beginner: Step to the side sitting back… https://t.co/rAeRA70Yx8]]></document>
		<document><![CDATA[Today is the inauguration of the new president. Regardless of  your political view, we have a… https://t.co/IdC1yZnlMZ]]></document>
		<document><![CDATA[Sheer &amp; Army styles together make the workout 🔥🔥🔥
#madfitness #fitnessmodel #fitnessmotivation https://t.co/gimFuAS5gV]]></document>
		<document><![CDATA[Day 17 of the #31daychallenge 
Chest Press &amp; Core
✅Beginner: Place arms wide like a goal post &amp;… https://t.co/6O57G0ZvqG]]></document>
		<document><![CDATA[Day 16 of the #31daychallenge 
Goblet Walking Lunges
18 repetitions &amp; 3 sets 
✅Beginner: Hold… https://t.co/ndXeBFpwmD]]></document>
		<document><![CDATA[Day 15 of the #31daychallenge 
Plie Squats
Make sure stance is wide and toes are pointed out. 
3… https://t.co/MIkUIRqLBS]]></document>
		<document><![CDATA[Day 14 of the #31daychallenge 
Deadlift
3 sets of 15 
(Intermediate &amp; Advanced-15 per leg)
Great… https://t.co/Fp5VCnh611]]></document>
		<document><![CDATA[This is your week to make it happen. There will always be obstacles but they will only make you… https://t.co/bHKRUayKDP]]></document>
		<document><![CDATA[Day 13 of the #31daychallenge 
Bear Crawl
45 seconds on, 15 seconds to recover.
3 rounds… https://t.co/miGjxbYrCJ]]></document>
		<document><![CDATA[Day 12 of the #31daychallenge 
30 BURPEES
Time how long it takes you so if we do this again you… https://t.co/wXQKxO5G7m]]></document>
		<document><![CDATA[Day 11 of the #31daychallenge 
HOPS 
Use a step, bench or something else that is stable. Hop for… https://t.co/69pAh8VKsw]]></document>
		<document><![CDATA[When you are contemplating whether to take a nap or go exercise, remember you will always feel… https://t.co/wA2TR0xAq9]]></document>
		<document><![CDATA[Day 9 of the #31daychallenge 
Bicep Curls
3 sets 
✅Beginner: Single Arms, 10-12 repetitions… https://t.co/P8jlAev6kJ]]></document>
		<document><![CDATA[For everyone on the #31daychallenge there will be days you want to sleep more, put it off for… https://t.co/5BGBQybyaw]]></document>
		<document><![CDATA[Day 9 of the #31daychallenge 
Hollow Body
Yes one of the best core exercises to mankind! 
Hold… https://t.co/Mc8bRl4Cqr]]></document>
		<document><![CDATA[Day 8 of the #31daychallenge 
Single Arm Row
10 reps each arm &amp; 3 sets
✅ Beginner: Hinge from… https://t.co/DMATkInhI4]]></document>
		<document><![CDATA[Day 7 of the #31daychallenge 
Tricep Dips
3 sets
✅Beginner: 8-10 repetitions, knees… https://t.co/f1PUxBAYfr]]></document>
		<document><![CDATA[Day 6 of the #31daychallenge 
Lateral Raises
✅Beginner: Seated, arms bent in 90 degree angles.… https://t.co/YGnz4ZK60d]]></document>
		<document><![CDATA[Day 5 of the #31daychallenge 
 Step Ups
40 on each leg

✅Beginner: Use a step that is 8-12… https://t.co/uFhkbvUpL1]]></document>
		<document><![CDATA[Train anywhere with the #spartanrace workouts dailyburn 
Sign up now and receive 25% off a… https://t.co/gNrEcIP0B1]]></document>
		<document><![CDATA[Loving gray &amp; this designer https://t.co/CG3BJxGwqd]]></document>
		<document><![CDATA[Day 4 of the #31daychallenge 
Planks for a beautiful core!
✅Beginner: Basic Plank held as long… https://t.co/Me9w92sDVW]]></document>
		<document><![CDATA[Day 3 of the #31daychallenge 
Lunges
✅Beginner: Alternating Forward Lunges
❎Intermediate: Jump… https://t.co/fMxYyVGaFd]]></document>
		<document><![CDATA[Day 3 of the #31daychallenge 
30 Lunges
✅Beginner: Alternate Forward Lunge 
❎Intermediate: Lunge… https://t.co/tpzppijbgq]]></document>
		<document><![CDATA[Day 2 of #31daychallenge 
30 Push-ups
✅Beginner: On Knees
❎Intermediate: On Feet
✳️Advanced:… https://t.co/DWU7QuWVNW]]></document>
		<document><![CDATA[Day 1 of 31 Day Challenge https://t.co/2roHm9Dflu]]></document>
		<document><![CDATA[Day 1 of the #31daychallenge 
♨️100 Squats♨️
✅Beginner: Basic Squat using one's own… https://t.co/sNDJtwLp5J]]></document>
		<document><![CDATA[Today begins the 31 day challenge. You will see videos each day with a beginner, intermediate,… https://t.co/WjL2Ynq1Xq]]></document>
		<document><![CDATA[Make time in 2017 for your health. The Daily Burn Spartan workouts are awesome and something you… https://t.co/gn0YAq735T]]></document>
		<document><![CDATA[Goal 1: Detox &amp; Clean Eating. Highly recommend @AdeleCavaliere for the best nutrition plans.… https://t.co/95cJ2liQH0]]></document>
		<document><![CDATA[Happy New Years 2017 to all you amazing friends! #2017 #madfitness https://t.co/GX3GADivC1]]></document>
		<document><![CDATA[Finishing off 2016 with these 2 amazing ladies, let the night begin! Happy New Year! https://t.co/yQlfaFCmzY]]></document>
		<document><![CDATA[As the year comes to an end, take some time to look back on your goals, what you achieved, what… https://t.co/RroMzAM3yh]]></document>
		<document><![CDATA[Your BAR challenge that will give you an awesome total body workout! 
1. Core Rotation
2. Lunge… https://t.co/XLmZcZBdsK]]></document>
		<document><![CDATA[#Repost jaxsab with @repostapp
・・・
Hey Spartans! Download Daily Burn now for a free month and… https://t.co/VW15dmgZtV]]></document>
		<document><![CDATA[After having a stomach bug &amp; being sick to my stomach, I'm hoping some sleep &amp; activated… https://t.co/jnlOvt0Ilb]]></document>
		<document><![CDATA[The Upper Body &amp; Treadmill Workout. Place weights where the water bottles go. Start with a 5… https://t.co/0FKkIYTvKY]]></document>
		<document><![CDATA[I'm so excited to share with you the most awesome workouts ever for @spartanrace that you can do… https://t.co/eeMskmvcSM]]></document>
		<document><![CDATA[Life isn't about being perfect. It's not about being better than everyone else. It's about being… https://t.co/iwUHbLNspD]]></document>
		<document><![CDATA[Sometimes you have the best intentions but life doesn't always go as planned. When you fall, get… https://t.co/wMz5nSiue6]]></document>
		<document><![CDATA[Squatting with my friends' kids Hannah &amp; Ruth next to the Christmas tree in Jamaica, proving… https://t.co/6TGS9uhynU]]></document>
		<document><![CDATA[Merry Christmas to you &amp; your families! Lots of love, health &amp; happiness! https://t.co/rV26WGXawr]]></document>
		<document><![CDATA[Happy Hanukkah &amp; Merry Christmas! Here's a quick workout you can do before all the festivities!… https://t.co/MlzpyNAGaT]]></document>
		<document><![CDATA[Your treadmill workout:
7.5 incline at an easy pace for 5 minutes
Minute 6: Walking… https://t.co/pjxAf0xSuh]]></document>
		<document><![CDATA[To me fitness is about being able to do anything at any age. Looking good? That's just the icing… https://t.co/Ou8LjMfVC2]]></document>
		<document><![CDATA[Have a drink this holiday &amp; still looking stunning for New Year's! 
A week ago I was at an… https://t.co/GUMS7FkGJN]]></document>
		<document><![CDATA[Best option is always from the natural source. Forget about drinking sugary juices, get it from… https://t.co/gD54IJVL52]]></document>
		<document><![CDATA[Bikini workout because the #gymiseverywhere 
1. 20 Squats
2. 20 Back Kicks
3. Walk it Out, Tap… https://t.co/wuJwAcgeu4]]></document>
		<document><![CDATA[Working out the Moms &amp; their kids with skipping, bear crawls, ape swings, sprints in beautiful… https://t.co/9v9cGOrIDt]]></document>
		<document><![CDATA[Core exercises you can do anywhere 
1. Spider-Man Push-up 16 total reps
2. Side Chop (Legs at a… https://t.co/iTGywTSixm]]></document>
		<document><![CDATA[Honored to join the team of Spartan Race Ambassadors and excited to bring to you amazing… https://t.co/PtZY7x7xhH]]></document>
		<document><![CDATA[It's the middle of winter and today was in the low 60s so I got to have an awesome run with my… https://t.co/sYLydcALuD]]></document>
		<document><![CDATA[@DaveReadle @hiitstep sorry doesn't count as a burpee if the chest doesn't touch the floor]]></document>
		<document><![CDATA[Check out this blog https://t.co/FEe6MXUZgK]]></document>
		<document><![CDATA[Check out this blog https://t.co/0KcQokjzPn]]></document>
		<document><![CDATA[Check out the @reebok blog for fun runs in every city. The link is under my profile. 📸 taken by… https://t.co/LGUAFs9MEo]]></document>
		<document><![CDATA[Don't just be better, be your best! This morning was a tough one madarlington 
5 minutes of bear… https://t.co/YoeWQfoNPa]]></document>
		<document><![CDATA[This is a special workout for one of my photographers as well as one of my favorite followers… https://t.co/K50SDyH0jO]]></document>
		<document><![CDATA[Look cute after a sweaty workout &amp; prevent yourself from getting sick by wearing a Supercute… https://t.co/GhL8fnxwyA]]></document>
		<document><![CDATA[Traveling the world is one of my greatest passions! It is an honor to meet and learn from so… https://t.co/RRfc7Uqwfa]]></document>
		<document><![CDATA[Today I began journaling my nutrition &amp; fitness routines because it's the repeated effort that… https://t.co/JZ41yenHnd]]></document>
		<document><![CDATA[It started with my abs class in Baltimore, Maryland. I met this beautiful blond who took my… https://t.co/cug1mrO09W]]></document>
		<document><![CDATA[Here's a video of my HIIT work out for the beautiful bride in Montego Bay, Jamaica! https://t.co/wCEEsoA5vE]]></document>
		<document><![CDATA[Check out the video of my HIIT workout for the beautiful bride! fitbodiesinc @reebok @reebokone… https://t.co/9WQdzfLzQT]]></document>
		<document><![CDATA[Had a blast teaching a HIIT workout on the beach to the super-hot wedding crew in Montego Bay,… https://t.co/CizUz0M1nR]]></document>
		<document><![CDATA[A fun treadmill workout from the Caribbean https://t.co/5zhYcZaX0o]]></document>
		<document><![CDATA[Resort Treadmill workout🕶✈️🏝
5 min Jog
1 min Squat
5 min Jog
1 min Squat
1 min moving lunges
1… https://t.co/1SkM3PZxm0]]></document>
		<document><![CDATA[Resort Workout having a ball! 
Do each exercise for 45 seconds followed by 15 seconds… https://t.co/dy9OgBEjxC]]></document>
		<document><![CDATA[Your RESORT WORKOUT that you can download anywhere and NO EQUIPMENT NEEDED!
1. Walk out, 4… https://t.co/UoK1BbyAHe]]></document>
		<document><![CDATA[Being prepared on vacation means having a plan and then packing it all thanks to my nutritionist… https://t.co/UqdfnOigpi]]></document>
	</documents>
</author>