<author lang="en">
	<documents>
		<document><![CDATA[Fucking mon the rose what a win 🌹 3 assists n a goal will do nicely 😝 now on to newki]]></document>
		<document><![CDATA[@cammymcdonald67 happy birthday cmac, bring on newki 😝]]></document>
		<document><![CDATA[@Ashleightownsle happy birthday Ashleigh x]]></document>
		<document><![CDATA[How the fuck am I only up now 😭]]></document>
		<document><![CDATA[Cmac is the worst but I love um 💚💚💚]]></document>
		<document><![CDATA[I deh think I could hack work tomoz 😭]]></document>
		<document><![CDATA[@ben_cole90 was a bet m8888]]></document>
		<document><![CDATA[Oh well 😭]]></document>
		<document><![CDATA[Why the fuck am a still up 😭]]></document>
		<document><![CDATA[The auld WBA letting me doon for 161 😢]]></document>
		<document><![CDATA[This bus is no fun]]></document>
		<document><![CDATA[Just the 21 so far this season 🌹😴]]></document>
		<document><![CDATA[Who shagged who is my question? https://t.co/lXIbszsEgR]]></document>
		<document><![CDATA[Canny wait to play tomorrow and keep our unbeaten run going 🌹⚽️]]></document>
		<document><![CDATA[Having nae money is just the worst, Canny do fuck all]]></document>
		<document><![CDATA[Wanyama to get ye winner the night 👀]]></document>
		<document><![CDATA[What a finish fucking hell]]></document>
		<document><![CDATA[Class game to watch]]></document>
		<document><![CDATA[Claudio yacob by the way 😳🔥]]></document>
		<document><![CDATA[@johnny6775 dm fixed it 😎]]></document>
		<document><![CDATA[Absolutely no fucking luck at all]]></document>
		<document><![CDATA[Canny believe I bought tickets to West Brom game n now my dads car has broke down n we canny go 😭 £42 doon the drain then]]></document>
		<document><![CDATA[No getting hame till aboot half 8 is pish]]></document>
		<document><![CDATA[They were my funds for the night 😭]]></document>
		<document><![CDATA[How the fuck did my jumper get chored fuck sake]]></document>
		<document><![CDATA[Up at 4 wow mate]]></document>
		<document><![CDATA[@Lewisgray_98 happy birthday Lewis chief 🌹]]></document>
		<document><![CDATA[West Brom tickets arrived 😛]]></document>
		<document><![CDATA[To put a tenner on falcao anytime or no 🤔]]></document>
		<document><![CDATA[@Rebeccalamb1998 happy birthday becca]]></document>
		<document><![CDATA[Think I might die the day]]></document>
		<document><![CDATA[What a win for the rose again 🌹🌹]]></document>
		<document><![CDATA[@marcocavallox thanks bby 😘😘]]></document>
		<document><![CDATA[@marcocavallox then my car is so shit it's a Toyota Corolla fae 1999 😂😂 still 1.6 grand insurance 😢]]></document>
		<document><![CDATA[@marcocavallox aye but then im@paying for all my food n lessons n that been heavy bumped like 😭]]></document>
		<document><![CDATA[Paying £350 a month for digs is fucking scandalous]]></document>
		<document><![CDATA[Thank fuck I get paid today 😛]]></document>
		<document><![CDATA[Actual in bits after that win, mon eh rose 🌹]]></document>
		<document><![CDATA[My grans no even got scran in her hoose what a disgrace]]></document>
		<document><![CDATA[Very nice finish]]></document>
		<document><![CDATA[Put falcao to score n he's no even in the squad before the team was even announced 🙃]]></document>
		<document><![CDATA[I should never bet actual cat shit at it]]></document>
		<document><![CDATA[Canny believe it 🌹]]></document>
		<document><![CDATA[Man U game was class last night tho]]></document>
		<document><![CDATA[It's so annoying trying to get someone of yer mind]]></document>
		<document><![CDATA[@Jordansteel63 will be unreal son gonna get the day off for it 😝]]></document>
		<document><![CDATA[@Jordansteel63 I'll be happy a month fae now San 😀 on this exact day 😂]]></document>
		<document><![CDATA[No been in this big a rager for a long time 😡😤]]></document>
		<document><![CDATA[Bayern have humped me]]></document>
		<document><![CDATA[@craaigforrest Monaco* was so raging like trusted him at the weekend done the business but fucked it tonight canny believe especially a pen]]></document>
		<document><![CDATA[Canny believe falcao let me doon for £102 tonight especially knowing he missed a pen 😭]]></document>
		<document><![CDATA[My phones fucked]]></document>
		<document><![CDATA[Worst start to the day then working sounds fucking horrendous 😡😡]]></document>
		<document><![CDATA[Just put a team on n concede straight after classss]]></document>
		<document><![CDATA[Why am putting fiver bets on the fucking Mexican league at this time at the morn I have Nae clue]]></document>
		<document><![CDATA[Fucking mon the Rose what a win 🌹]]></document>
		<document><![CDATA[Fuck Brighton]]></document>
		<document><![CDATA[Fucking atrocious am working while my pals are at the pub watching the game 😭]]></document>
		<document><![CDATA[Am incredibly bored its minging]]></document>
		<document><![CDATA[@Iamcerysss_ happy birthday Cerys xx]]></document>
		<document><![CDATA[@Summerjadeee_ happy birthday summer 😀 xx]]></document>
		<document><![CDATA[Abso patches ohollahan]]></document>
		<document><![CDATA[@chloe_grimley happy birthday Chloe x]]></document>
		<document><![CDATA[Getting hame at half 2 after spending £130 uptoon is a shambles never again]]></document>
		<document><![CDATA[Fucking hell man people canny hack it nip my heed]]></document>
		<document><![CDATA[Canny believe how unlucky I am]]></document>
		<document><![CDATA[Canny believe I cashed oot for a fiver cause Villarreal hadn't scored n they did last min 😭]]></document>
		<document><![CDATA[Am just gonna stop betting spent £30 in last day n won sweet fuck all]]></document>
		<document><![CDATA[Man city are a shower ae arseholes]]></document>
		<document><![CDATA[No looking forward to at 7 hour drive far London tomoz 😭]]></document>
		<document><![CDATA[People who either go oot or go to a concert and take videos the whole night are genuinely the worst people gon]]></document>
		<document><![CDATA[It's so embarrassing that most the goals we shift are from mistakes]]></document>
		<document><![CDATA[Such a horrific game to watch]]></document>
		<document><![CDATA[Bitton is doing my tits in]]></document>
		<document><![CDATA[Im 33p off Chinese might die]]></document>
		<document><![CDATA[Too get a watch next month or no 🤔]]></document>
		<document><![CDATA[Thank fuck am on holiday for a week 😍]]></document>
		<document><![CDATA[Raging that Celtic let me doon 😡😭]]></document>
		<document><![CDATA[@Cmon_the_Rose naw I back heeled it to him prick]]></document>
		<document><![CDATA[@lewis_weir_ happy birthday Lewis Sen x]]></document>
		<document><![CDATA[Desperately need a chop]]></document>
		<document><![CDATA[Meant to be in for 7 n still no even got on the bus yet 😭😭]]></document>
		<document><![CDATA[Working 5 days a week till 10 in the middle ae town is fucking shite]]></document>
		<document><![CDATA[Can only see a bisping win]]></document>
		<document><![CDATA[Calf better be better for tomorrow 😡]]></document>
		<document><![CDATA[@fraserdoddscfc 4 was enough bro 😂😭]]></document>
		<document><![CDATA[Having a Colombian mum can be so frustrating]]></document>
		<document><![CDATA[This place is pure weird af]]></document>
		<document><![CDATA[My calf is killing this is shite]]></document>
		<document><![CDATA[Season 6 ae still game finally on Netflix, thanking you 😘]]></document>
		<document><![CDATA[Bayern n Basel goal plz 🙌🏿😭]]></document>
		<document><![CDATA[Am actual deed no went doon stairs in 3 days am feeling that sick n missing oot on a hundred odd quid cause I canny work 😭😭]]></document>
		<document><![CDATA[I feel like genuine shite, thank fuck I called in sick 🤒]]></document>
		<document><![CDATA[Ac Milan r a bunch ae bastards man]]></document>
		<document><![CDATA[Why I've just put a fiver on an Aberdeen win to return £12.50 😭]]></document>
		<document><![CDATA[Worst I've played in fucking ages might commit]]></document>
		<document><![CDATA[Fucking hate coming hame this late when aw my pals are oot 😡😡]]></document>
		<document><![CDATA[@marcocavallox always knew you would be there for me 😘]]></document>
		<document><![CDATA[Speaking tae Nae cunt is boring as fuck 😭😴]]></document>
		<document><![CDATA[@jameswilson_4 happy birthday bro 🌹]]></document>
	</documents>
</author>