<author lang="en">
	<documents>
		<document><![CDATA[Tarte .. why you do this to me 4 weeks before I go to New York?!? #HowCanIResist https://t.co/m1BA23Obzj]]></document>
		<document><![CDATA[I wish Nicola would change the fucking record .. so boring man. #ShutUp #Bully #CBB]]></document>
		<document><![CDATA[Coleens reaction to having to cut up James's letter has made me more upset than any of the letters #CBB 😢]]></document>
		<document><![CDATA[My eye has actually been watering from the second I woke up this morning #WhyMe]]></document>
		<document><![CDATA[@Sj_alexa maybe your so called 'friends' thought you needed it 🙃🙃💖]]></document>
		<document><![CDATA[@Sj_alexa He's actually the weirdest person. You know when someone's just annoying but you don't know why #ThatsHim]]></document>
		<document><![CDATA[@Sj_alexa Alex isn't okay either #SoWeird]]></document>
		<document><![CDATA[@Sj_alexa He's not okay in the head]]></document>
		<document><![CDATA[@tayloroboyle_ What's not to like? 💋]]></document>
		<document><![CDATA[@tayloroboyle_ Yeah. We would easily win boo 💖]]></document>
		<document><![CDATA[Calum best is just the nicest 😍 #CBB]]></document>
		<document><![CDATA[@nicoleduncanxo Oh trust me they do .. 🔫]]></document>
		<document><![CDATA[Kim Woodburn is something else #Crackers #CBB]]></document>
		<document><![CDATA[Great when you order stuff next day but actually forget to hit next day 🔫]]></document>
		<document><![CDATA[It's so hard to pack for a night away when you've got 30 lipsticks &amp; the matching liners to pick from #GirlProbs]]></document>
		<document><![CDATA[Is Kim woodburn okay in the head?!?! #CBB]]></document>
		<document><![CDATA[I just love @Schofe so much 💖 #CanWeBeFriends #ThisMorning]]></document>
		<document><![CDATA[Just saw the cornflakes advert .. as if people eat them with warm milk?!! 🙅🏼]]></document>
		<document><![CDATA[Fuck sake Chloe you fancy Calum .. Everyone fancies Calum #CBB #CalumBest 😍]]></document>
		<document><![CDATA[@charlesmcgrath is this you? 😂 https://t.co/rSVX8GHJnU]]></document>
		<document><![CDATA[Kim Woodburn has been on my tv for two seconds and I hate her already 😒 #CBB]]></document>
		<document><![CDATA[@charlesmcgrath might do this to you .. https://t.co/y1TM1MYdji]]></document>
		<document><![CDATA[Im surprised twitter hasn't gone into meltdown over drake moving his concert dates or doesn't anyone know yet? #BreakingNews 🙈]]></document>
		<document><![CDATA[@tayloroboyle_ @girlsandrobbers I'm still raging about that bruv 👊🏼]]></document>
		<document><![CDATA[Story of my life .. #WhoWantsToBeAnAdult https://t.co/R7spbSIb9L]]></document>
		<document><![CDATA[Stacey if you could just not go any louder please. #CBB]]></document>
		<document><![CDATA[Going to the gym tonight means I can eat this right? 😍 https://t.co/R11xXgnH5P]]></document>
		<document><![CDATA[@Ashton87x @Sj_alexa @CatherineLornie So right]]></document>
		<document><![CDATA[I know what will fix my life problems my second spin class in so many days #Jk #KillMe]]></document>
		<document><![CDATA[Well today has been challenging to say the least 😨]]></document>
		<document><![CDATA[@charlesmcgrath @Sj_alexa Not make up .. just highlighter]]></document>
		<document><![CDATA[@Sj_alexa Think I've maybe got enough highlighters 🙃🙄]]></document>
		<document><![CDATA[@Sj_alexa @BeautyPostss Oh wow 😍 not as good as the ABH moon child tho!]]></document>
		<document><![CDATA[@tayloroboyle_ how much would this coming back make your life?! 😏😏 https://t.co/EvuYdCfopI]]></document>
		<document><![CDATA[@CatherineLornie @PLLTVSeries Omg I can't actually wait!!!]]></document>
		<document><![CDATA[@Sj_alexa @charlesmcgrath @CatherineLornie Unlucky I'm just eating sweets in bed 😍🎣🚫]]></document>
		<document><![CDATA[@Sj_alexa @charlesmcgrath @CatherineLornie GUYS. I AM SLEEPING have this convo elsewhere]]></document>
		<document><![CDATA[@CatherineLornie @charlesmcgrath This is not fun .. I don't like people keeping secrets from me]]></document>
		<document><![CDATA[I'll annoy you and get it out of you .. https://t.co/3NJadJ1QzQ]]></document>
		<document><![CDATA[Having a real love hate relationship with double wear atm 🙃❌ #GirlProbs]]></document>
		<document><![CDATA[@CatherineLornie @charlesmcgrath @Sj_alexa There is a very high chance that will be the case.]]></document>
		<document><![CDATA[@CatherineLornie @charlesmcgrath @Sj_alexa Dont worry soon ill have my own car and none of you will have this issue 👌🏼😘]]></document>
		<document><![CDATA[@charlesmcgrath you'll eat anything you can fit in your mouth so ..]]></document>
		<document><![CDATA[Putting holidays in at work is the best #SeeYa 😍🎉✈️]]></document>
		<document><![CDATA[Raging that Sainsbury's managed to sneak kidney beans in my lunch without me noticing #WhoEvenLikesThemAnyway]]></document>
		<document><![CDATA[There is no better feeling than going to sleep without having to set an alarm #Goodnight]]></document>
		<document><![CDATA[🙂😍or a complete weirdo too! https://t.co/yqDkcAR5TJ]]></document>
		<document><![CDATA[Why do all weirdos want to talk to me?!!]]></document>
		<document><![CDATA[@Sj_alexa YOU'RE RUINING MINE. I'm usually asleep about two hours ago 🙃🙃🙃]]></document>
		<document><![CDATA[Angie Best looks absolutely fabulous #CBB]]></document>
		<document><![CDATA[@marielouise_hay 😂 I don't think I've ever seen clear shellac]]></document>
		<document><![CDATA[@marielouise_hay tell her that I recommended you because she told me she doesn't tend to take on new clients she doesn't know]]></document>
		<document><![CDATA[@marielouise_hay She's from £32 but if she does it she takes it off for free when it's re applied. She's really nice]]></document>
		<document><![CDATA[@CatherineLornie @Sj_alexa @jamie_genevieve Thanks. Even happier now 🙄🙃]]></document>
		<document><![CDATA[@CatherineLornie @Sj_alexa @jamie_genevieve Kind of jel but I've got a fave from her too so I can cope 💁🏼]]></document>
		<document><![CDATA[Why do people insist on PDAs in public. You don't have to stroke his face .. everyone can tell he's your boyfriend by the hand holding.]]></document>
		<document><![CDATA[Story of my life 😫😫 https://t.co/qvs4JB3C7K]]></document>
		<document><![CDATA[@slinky_heather Nah probably not. You can't just kill everything that annoys you #LiveAndLetLive #ItsANoFromMe #FoxHunting]]></document>
		<document><![CDATA[@Sj_alexa @charlesmcgrath In fairness Sarah was the only person who knew that #Psychic]]></document>
		<document><![CDATA[Such an inconvenience that I can never remember if I like the blue or pink iceblast better 🙃🙃]]></document>
		<document><![CDATA[@charlesmcgrath Me and you https://t.co/vEAK7JIrcf]]></document>
		<document><![CDATA[Pizza express for lunch is the best idea I've had in 2017 #SoGood 😍]]></document>
		<document><![CDATA[@AdamAlkhateb Remember that time you didn't believe I was sleeping 😂😂 https://t.co/UavouAMwXU]]></document>
		<document><![CDATA[#FactOfTheDay https://t.co/als5efhAjs]]></document>
		<document><![CDATA[Fuck Edinburgh and it's cold weather and street party #DiversionsEverywhere]]></document>
		<document><![CDATA[I'd actually rather spend new year alone than tan right now 🆘]]></document>
		<document><![CDATA[@CatherineLornie @kevinbridges86 @BBCTwo I would if I had actually made it in from work yet ☹️]]></document>
		<document><![CDATA[@CatherineLornie 😂😂😂 I'll stick to make up I think]]></document>
		<document><![CDATA[@CatherineLornie She's going to need a dentist when I punch them down her throat #Vile 😤😩😷]]></document>
		<document><![CDATA[So hard to resist watching someone's insta story while creeping on them 🆘]]></document>
		<document><![CDATA[If the girl across from me in chiquito could refrain from picking her dinner out her teeth with a tooth pick til she gets home it'd be ideal]]></document>
		<document><![CDATA[I'm going to miss hearing all I want for Christmas is you everywhere I go ☹️☹️☹️ #ComeBackChristmas]]></document>
		<document><![CDATA[People are really beginning to grate on me. #GetMeToBed #Forever]]></document>
		<document><![CDATA[Card machines in Starbucks down. Good luck to them today 😂]]></document>
		<document><![CDATA[8:14 &amp; there is no place to park on George street already .. can't wait for today 😧 #RetailLife #BoxingDay]]></document>
		<document><![CDATA[@PrayForPatrick Defffffffinitely would]]></document>
		<document><![CDATA[@Cammy_Anderson 😂😂 Merry Christmas!]]></document>
		<document><![CDATA[@Cammy_Anderson I got Pringle, what did you get?]]></document>
		<document><![CDATA[@Sj_alexa No Sarah we're not thinking about that today #HighlighterTwins 😏✨]]></document>
		<document><![CDATA[@Sj_alexa I hope santa got me one of those 😍🤣]]></document>
		<document><![CDATA[Also got slippers that warm up in the microwave, hand warmers and two blankets #AlwaysCold]]></document>
		<document><![CDATA[If there was one thing I didn't think I was going to get for my Christmas it was a giraffe print door stopper 🤣🤣🤣… https://t.co/CTRyIW2sRT]]></document>
		<document><![CDATA[@Sj_alexa That was actually me this morning x4 🤣😺🚫]]></document>
		<document><![CDATA[Hate my NYE dress .. this is all I need. #MeltdownInProgress 😭😭😭]]></document>
		<document><![CDATA[Would actually rather poke my own eyes out than watch mrs browns boys 👋🏼🔫]]></document>
		<document><![CDATA[When you forget you're white and try and eat your Indian colleagues wifes home made curry 🙈🔥🔥]]></document>
		<document><![CDATA[@Sj_alexa Get kerastas or Philip Kingsley .. high street shampoos are shit 👸🏼]]></document>
		<document><![CDATA[@Sj_alexa @charlesmcgrath Unfollow me if you don't like pineapple on pizza okay!?]]></document>
		<document><![CDATA[@Sj_alexa @charlesmcgrath Most of mine are definitely weird. #AboutToBeUnfollowed]]></document>
		<document><![CDATA[@Sj_alexa @charlesmcgrath Just because your twitter followers are as weird as you doesn't mean you're right. ✋🏼]]></document>
		<document><![CDATA[@Sj_alexa @charlesmcgrath Go then ..]]></document>
		<document><![CDATA[@charlesmcgrath @Sj_alexa Baes got my back 😏]]></document>
		<document><![CDATA[Shut up pineapple is the best all the time 😍 https://t.co/AfV9sywHhP]]></document>
		<document><![CDATA[@charlesmcgrath @UberFacts It's not a win for you because I would never come home and you would be sad]]></document>
		<document><![CDATA[@AdamAlkhateb Oh I hope is me 🙂🙂🙂🙂]]></document>
		<document><![CDATA[Bridesmaids is the best 😍]]></document>
		<document><![CDATA[It's probably about time twitter got an edit button]]></document>
		<document><![CDATA[Putting myself on a McDonald's ban for the rest of the festive period 😭🐷]]></document>
		<document><![CDATA[@CatherineLornie @charlesmcgrath Better bring Catherine back a bottle of vodka.]]></document>
		<document><![CDATA[@bigevy I knew they existed #MaybeNextTime]]></document>
	</documents>
</author>