<author lang="en">
	<documents>
		<document><![CDATA[I liked a @YouTube video https://t.co/dEL13f1V8t Everything Wrong With Batman Returns in 16 Minutes Or Less]]></document>
		<document><![CDATA[I liked a @YouTube video https://t.co/LYM7kqqXB9 Buses Going In And Out Of Harristown Garage]]></document>
		<document><![CDATA[I liked a @YouTube video https://t.co/RtNxxS2Ei2 The Spectrum Show Ep 58]]></document>
		<document><![CDATA[I liked a @YouTube video https://t.co/xJAEgd2Ttt A Career in Video Games - Computerphile]]></document>
		<document><![CDATA[I liked a @YouTube video https://t.co/N1L9cVFD56 Characters, Symbols and the Unicode Miracle - Computerphile]]></document>
		<document><![CDATA[Yes, Good enough for me to post here.  Business Relationships are also spoken about. https://t.co/AZrtaPPqyF]]></document>
		<document><![CDATA[I liked a @YouTube video from @britishpathe https://t.co/vimO5fdv4S Old News | British Pathé]]></document>
		<document><![CDATA[Joe’s Python Progress and other Business https://t.co/kLELxatRq8]]></document>
		<document><![CDATA[I liked a @YouTube video https://t.co/wW61senSIk Everything Wrong With Batman (1989)]]></document>
		<document><![CDATA[I liked a @YouTube video https://t.co/g5VkYmrMWO Everything Wrong With Life of Pi In 4 Minutes Or Less]]></document>
		<document><![CDATA[I liked a @YouTube video https://t.co/9Ze1nPbB3A Everything Wrong With Men In Black 3 In 6 Minutes Or Less]]></document>
		<document><![CDATA[I liked a @YouTube video from @lazygamereviews https://t.co/s0O82iT5UW LGR Tech Tales - eMachines: Never Obsolete?]]></document>
		<document><![CDATA[I liked a @YouTube video https://t.co/OugAi0uxhc British Army Begins Biggest Commitment Since Afghanistan]]></document>
		<document><![CDATA[I liked a @YouTube video from @lazygamereviews https://t.co/Lyhg0gbXXP Why Are Texas Instruments Calculators So Expensive? [LGR Tech]]></document>
		<document><![CDATA[I liked a @YouTube video from @frag_hero https://t.co/gyckEeGaPg 8 Controversial Games That Let You Play as God]]></document>
		<document><![CDATA[I liked a @YouTube video from @frag_hero https://t.co/muLvpluy2Y 10 Unique Games that Deserve Respect for not Following the Crowd]]></document>
		<document><![CDATA[I liked a @YouTube video from @lazygamereviews https://t.co/NB5CEAXB8v LGR Tech Tales - How Dell Dominated PCs]]></document>
		<document><![CDATA[I liked a @YouTube video https://t.co/IeqKgupEyT Ewan McGregor Was Nervous About The Trainspotting Sequel | This Morning]]></document>
		<document><![CDATA[I liked a @YouTube video https://t.co/NnNnsWcKLF How Did Sony Start? (The Origins of Sony)]]></document>
		<document><![CDATA[I liked a @YouTube video https://t.co/zShuUPaMJ4 The Portable 'Speccy' - Computerphile]]></document>
		<document><![CDATA[Don't sneer yet.  I own a couple of packs of colouring pencils myself. https://t.co/Z84jJaTWIe]]></document>
		<document><![CDATA[I liked a @YouTube video https://t.co/zhSSB4c9Rj The 3Dfx Voodoo Difference: This is why we love them]]></document>
		<document><![CDATA[I liked a @YouTube video https://t.co/vZ2aX1SUxA Dublin to Cork by train in 83 seconds]]></document>
		<document><![CDATA[I liked a @YouTube video https://t.co/xkgyIlO0Ha Iarnród Éireann Line improvement works 2016]]></document>
		<document><![CDATA[I liked a @YouTube video from @eiretrains https://t.co/TutW8o1lUE CIÉ - Freight trains @ Ballinacourty to Waterford Railway (1982)]]></document>
		<document><![CDATA[Rebooting my Python language learning https://t.co/OrcnwgRB4y]]></document>
		<document><![CDATA[Storefronts on Rathmines Road: https://t.co/69L5gyZBjH via @YouTube]]></document>
		<document><![CDATA[I liked a @YouTube video from @abandoned_uk https://t.co/gMfPCOcEIJ Urbex ~ The Red Fox]]></document>
		<document><![CDATA[I liked a @YouTube video from @mkbhd https://t.co/U8Gx5CEIi0 Dope Tech: The Best Drones!]]></document>
		<document><![CDATA[I liked a @YouTube video from @dave2dtv https://t.co/5SXDPivjJI The Best Laptops of CES - GTX 1050 vs GTX 960M!]]></document>
		<document><![CDATA[Inspirational in my own attempts to learn Chinese. https://t.co/TwQq1Q5158]]></document>
		<document><![CDATA[I liked a @YouTube video https://t.co/EAEBYDB9YH Computer Science ∩ Mathematics (Type Theory) - Computerphile]]></document>
		<document><![CDATA[Joseph discontinued his own drone flights a while back. https://t.co/rYCAVQwoNh]]></document>
		<document><![CDATA[I liked a @YouTube video from @bel99tv https://t.co/jTmk7h8Vrm A Career in Sales - How to Sell - 1970s Salesmen at Work - Cars to]]></document>
		<document><![CDATA[I liked a @YouTube video from @bel99tv https://t.co/UySdIREvTl Cats - Fluffy &amp; Kittens - Cat Life &amp; Health Care Tips 1960s]]></document>
		<document><![CDATA[I liked a @YouTube video from @bel99tv https://t.co/a3pLmBfR1a Your School Lunch - The National School Lunch Program in Action 1960s]]></document>
		<document><![CDATA[I liked a @YouTube video https://t.co/cKS3QY5bG9 Everything Wrong With Suicide Squad In 20 Minutes Or Less]]></document>
		<document><![CDATA[I liked a @YouTube video https://t.co/J8LunyOFZq Office 365: End-User Training]]></document>
		<document><![CDATA[Useful to see what ms is up to, if not implemented as of now. https://t.co/AtqnTJRgEK]]></document>
		<document><![CDATA[I liked a @YouTube video https://t.co/HfkBqC0BkH Threat Intelligence for Office 365]]></document>
		<document><![CDATA[How Joe scored on the moral machine:
https://t.co/ydmrUiYIBt
via @ScalableCoop
#MoralMachine #trolleyProblem #morality #AI #ethics]]></document>
		<document><![CDATA[I liked a @YouTube video https://t.co/70SH1nLaqM Spaceman &amp; King Arthur, Alnwick Castle, rare footage 1978]]></document>
		<document><![CDATA[I liked a @YouTube video from @kimxxxjustice https://t.co/RkRC0g89oi A Look at Cascade's Cassette 50 (Spectrum) - The Micro's answer]]></document>
		<document><![CDATA[I liked a @YouTube video from @retrogamervx https://t.co/H9owWlA8g2 RGVX Attempts : Not Pacman ( Pacman With Physics !! ) WTF ?]]></document>
		<document><![CDATA[I liked a @YouTube video from @dave2dtv https://t.co/lwezr7L1eB SUPERCHARGE your 2016 MacBook Pro !!!]]></document>
		<document><![CDATA[I liked a @YouTube video https://t.co/dwwnI9U3bS VFR tutorial for FlightGear 2016.4 Zurich (Video Edition)]]></document>
		<document><![CDATA[I liked a @YouTube video from @theyoungturks https://t.co/9OzEkA73h9 John Kerry Calls Out Israel]]></document>
		<document><![CDATA[I liked a @YouTube video from @euronews https://t.co/SqKWyD01Qc John XXIII, the surprising pope]]></document>
		<document><![CDATA[I liked a @YouTube video https://t.co/mM932euhjV The X Files S04E07 Gorbachev Just Resigned, Merry Christmas.]]></document>
		<document><![CDATA[I liked a @YouTube video https://t.co/zkLvzRQutF CSM - Red Right Hand]]></document>
		<document><![CDATA[Not a moment too soon. https://t.co/h1DeH3hKQb]]></document>
		<document><![CDATA[I liked a @YouTube video https://t.co/iJMgh5RGMj Misfits | All the Romance | Series 1 &amp; 2]]></document>
		<document><![CDATA[I liked a @YouTube video https://t.co/3T73txwj8c Life cycle of a drone honey bee]]></document>
		<document><![CDATA[I liked a @YouTube video https://t.co/y7xnF4F9SS FOUND ABANDONED BOEING 747'S AND 727'S!]]></document>
		<document><![CDATA[I liked a @YouTube video https://t.co/BxD3GYdwmL Claremorris - Kiltimagh Inspection car trip 1981]]></document>
		<document><![CDATA[I liked a @YouTube video https://t.co/Fwm35hHBdF A Ratings Scale For Packed Tube Carriages]]></document>
		<document><![CDATA[I liked a @YouTube video https://t.co/7Vyix5Zu0G Abandoned Tube Stations (Pt.1)]]></document>
		<document><![CDATA[I liked a @YouTube video from @kimxxxjustice https://t.co/Ket8KQCDsW The Kim Justice Christmas Special! Xmas Reviews + Top 10 KJ]]></document>
		<document><![CDATA[I liked a @YouTube video https://t.co/MTDWMGKjbP KICKDOWN|Dublin Bus Route 41X (Towards Swords Manor) DT3]]></document>
		<document><![CDATA[I liked a @YouTube video https://t.co/EQXmqgAEFa 1986 - Persil Automatic &amp; Bendix Washing Machine [Look Who's Talking]]]></document>
		<document><![CDATA[Pair of Swans on the River Liffey: https://t.co/Rr6Jxaf0UX via @YouTube]]></document>
		<document><![CDATA[I added a video to a @YouTube playlist https://t.co/H0MngT9YiZ VIDEO0011FULL SIZE Train Level Crossing in Action]]></document>
		<document><![CDATA[I added a video to a @YouTube playlist https://t.co/UESlht0eoF Using Multiple Camcorders Together on SINGLE PC in Windows 7]]></document>
		<document><![CDATA[I added a video to a @YouTube playlist https://t.co/TBHFenTp7l Connolly Bound Departure from Dunleary train station]]></document>
		<document><![CDATA[I added a video to a @YouTube playlist https://t.co/d2uerX1WQk DART at Dun Laoghaire departs for Greystones]]></document>
		<document><![CDATA[I added a video to a @YouTube playlist https://t.co/vfS8HQrgLT Rathmines Road]]></document>
		<document><![CDATA[I added a video to a @YouTube playlist https://t.co/mxk1wDADsc Down Aungier Street on the Bus]]></document>
		<document><![CDATA[I liked a @YouTube video https://t.co/HM7fSQnHT4 Blade Runner 2049 Official Trailer - Teaser (2017) - Harrison Ford Movie]]></document>
		<document><![CDATA[I liked a @YouTube video from @lawrencelot https://t.co/cxOWuLgrf0 The Shawshank Redemption - Get Busy Living or Get Busy Dying.]]></document>
		<document><![CDATA[I liked a @YouTube video https://t.co/QX40dHQ3vD Why is Chocolate Bad for Dogs?]]></document>
		<document><![CDATA[Film Photography Folio https://t.co/BCL9gEFM61]]></document>
		<document><![CDATA[I liked a @YouTube video https://t.co/gCFZVJt3eY New Order - True Faith (1987) [OFFICIAL MUSIC VIDEO]]]></document>
		<document><![CDATA[I liked a @YouTube video https://t.co/xiLZdzNh4w Veronica Yen plays Mozart Fantasie in Dm on Spinet /]]></document>
		<document><![CDATA[I liked a @YouTube video https://t.co/3yG57y0ZSS Shawshank Redemption - Andy Dufresne, headed for the Pacific]]></document>
		<document><![CDATA[I liked a @YouTube video https://t.co/PtrBwNDkeM Best Quotes from The Shawshank Redemption]]></document>
		<document><![CDATA[I liked a @YouTube video https://t.co/oy2RVXiNFK The Map of Physics]]></document>
		<document><![CDATA[I liked a @YouTube video from @techmoan https://t.co/XNu2g9JbZS RetroTech: Play Vinyl like a CD - Sharp RP-117]]></document>
		<document><![CDATA[I liked a @YouTube video from @kimxxxjustice https://t.co/ZGmbpPS8dN The Story of Imagine Software: The Rock 'n' Roll Games Company -]]></document>
		<document><![CDATA[I liked a @YouTube video from @dave2dtv https://t.co/piDFtUZGVl 2016 Razer Blade Pro Review (GTX 1080) - The Best Laptop for Pros?]]></document>
		<document><![CDATA[I liked a @YouTube video https://t.co/oJtUlaLkrC Game Physics (in Assembler) - Computerphile]]></document>
		<document><![CDATA[I liked a @YouTube video from @techmoan https://t.co/FcdvyBN5xJ MQS SD - The Newest Physical Music Format]]></document>
		<document><![CDATA[I liked a @YouTube video https://t.co/0YqEPl0ix2 Arduino: Hobbyist Electronics to Orbit! - Computerphile]]></document>
		<document><![CDATA[I liked a @YouTube video https://t.co/31nk1MVyL0 How to use DATEDIF in excel 2013 (calculate difference between dates)]]></document>
		<document><![CDATA[I liked a @YouTube video from @adamkoralik https://t.co/MuFK1zW33z Second VideoGame Generation Recap - Magnavox Odyssey 2 - Adam]]></document>
		<document><![CDATA[Outrage as Romanian Gypsy targets the old and vulnerable between stations on dart once doors shut https://t.co/G7BZAOGHtE via @theliberal_ie]]></document>
		<document><![CDATA[I liked a @YouTube video https://t.co/IfYS8Tjbnk Passing the Google interview as a software engineer]]></document>
		<document><![CDATA[I liked a @YouTube video https://t.co/z0v8NPh442 Everything Wrong With Star Trek Beyond In 17 Minutes Or Less]]></document>
		<document><![CDATA[I liked a @YouTube video from @ap_archive https://t.co/7Sn3UXmTZF CONCORDE TRAINING AT SHANNON AIRPORT - COLOUR]]></document>
		<document><![CDATA[I liked a @YouTube video https://t.co/WBwlMm75ey CONCORDE BRITISH AIRWAYS SHANNON AIRPORT.]]></document>
		<document><![CDATA[I liked a @YouTube video https://t.co/JyOG2460In DJ Sharpnel - Lost Connections]]></document>
		<document><![CDATA[All work and no play makes Joe very tired https://t.co/RAUxbs7Vz0]]></document>
		<document><![CDATA[I liked a @YouTube video from @bel99tv https://t.co/L9HagWni1T Freight Trains - Diesel Electric Locomotives in Action - 1950s]]></document>
		<document><![CDATA[I liked a @YouTube video https://t.co/t3sgNbFecZ Live Firing Tactical Training - 1 RIFLES | British Army]]></document>
		<document><![CDATA[I liked a @YouTube video from @kimxxxjustice https://t.co/IIj8jjlwzm A Look at Every Codemasters Simulator Game on the Spectrum! - Kim]]></document>
		<document><![CDATA[I liked a @YouTube video https://t.co/Nfup5vKFhc Concorde - Take-off over the neighbourhood - Heathrow]]></document>
		<document><![CDATA[I liked a @YouTube video https://t.co/EWxErVDPNg Games as Medicine - Computerphile]]></document>
		<document><![CDATA[I liked a @YouTube video https://t.co/LwzSbHCIpL How to Work at Google: How We Hire]]></document>
		<document><![CDATA[I liked a @YouTube video from @kimxxxjustice https://t.co/h5tV10E4VN Hard Drivin' (Sega Mega Drive/Genesis) Review of a Mundane Game -]]></document>
		<document><![CDATA[I liked a @YouTube video https://t.co/rVRDHMwRtt Welcome To Choosing Your Soundtrack]]></document>
		<document><![CDATA[I liked a @YouTube video https://t.co/hF5sM4gcnv Ask a Google Engineer - Challenging Tasks feat. Fitz and Ben from Chicago]]></document>
	</documents>
</author>