<author lang="en">
	<documents>
		<document><![CDATA[Always love getting back to Island Bay #home https://t.co/Is7dIcsdVF]]></document>
		<document><![CDATA[Pretty excited about this! https://t.co/mGELjzP2ci]]></document>
		<document><![CDATA[@RachelNZVR @VRARNewZealand gutted to miss it!]]></document>
		<document><![CDATA[So much good stuff today. Thanks Auckland, you've been ace.  Now to pull a few late nights getting docs done.]]></document>
		<document><![CDATA[@kr1t1c4l haha I know. We put logs on the base on day 2 when the winds where high!]]></document>
		<document><![CDATA[@HelloMissPotter thought I saw you on my plane - have fun!]]></document>
		<document><![CDATA[Anyone keen to help? This is a great group #femalefounders https://t.co/PAOVHBznMP]]></document>
		<document><![CDATA[Loving @CohenHolloway &amp; his bros entertaining us tonight - classic. And what a spot. Beautiful. #summercity… https://t.co/eU64Y1LzRp]]></document>
		<document><![CDATA[@roddrury oh shit 😢 feel your pain. I put the springs on before connecting the net &amp; had to start again...]]></document>
		<document><![CDATA[@MiramarMike this is so good!]]></document>
		<document><![CDATA[This is epic! Very excited about this. https://t.co/s1bQKVtFur]]></document>
		<document><![CDATA[Ah Friday night, perfect time to assemble a trampoline.... https://t.co/9tFHWsPRLF]]></document>
		<document><![CDATA[@justin_lester wow glad you are ok. Definitely time for a beer!]]></document>
		<document><![CDATA[@HardwareAKL sorry got New Frontiers in Welly so won't be around. Maybe March?]]></document>
		<document><![CDATA[I should have offered you a beer. That would have topped it off. https://t.co/K6RVeWMPvG]]></document>
		<document><![CDATA[I'm dancing in my office. Everything is coming together &amp; I'm so excited about @projectrnz  #VR #MR #AR]]></document>
		<document><![CDATA[Thankful for coffee. Lots of late nights working at the mo. https://t.co/NgxwPMBIDy]]></document>
		<document><![CDATA[Really enjoyed hearing about the teams working on @HoloLens development in NZ today &amp; their process.]]></document>
		<document><![CDATA[It's very satisfying building websites (I don't code, use @squarespace ) got my #MR hackathon site drafted. Love that I can do it myself.]]></document>
		<document><![CDATA[Come on #techtalent move to Welly! You can hang out at @projectrnz when you're not coding https://t.co/tHRPuJNplb]]></document>
		<document><![CDATA[@tashmahal that they are.]]></document>
		<document><![CDATA[@medickinson @ecoya and burnt my wood...]]></document>
		<document><![CDATA[@medickinson @ecoya same thing happened to me. https://t.co/04GODU5nc9]]></document>
		<document><![CDATA[Who are the leading females working in #VR #AR around the world?]]></document>
		<document><![CDATA[Listen up people - this is my gorgeous sister with one of her original songs from her first EP @NZMusician… https://t.co/etmIG09E5C]]></document>
		<document><![CDATA[Took Jasper for #WomensMarch #WMNewZealand in Welly. Thanks to the organisers &amp; here's to community action as a fir… https://t.co/l69Nwpa962]]></document>
		<document><![CDATA[@SavIsSavvy bloody left my phone at home 😟]]></document>
		<document><![CDATA[@SavIsSavvy @DevelopsterTeam heading to the Welly march with Master Jasper so a bit tricky for me to be streaming sorry]]></document>
		<document><![CDATA[@nickshewring @LJBagshaw @rnz_news @BizDojo I know @where_is_anna has a great list you can check out. Yay let's get more women on boards!]]></document>
		<document><![CDATA[@LJBagshaw @rnz_news when I was at @StarNow we had 2 females on our board. @BizDojo had none. Hoping they will change that!]]></document>
		<document><![CDATA[Still lots of work to do here ladies &amp; gents https://t.co/sgrauqczw6]]></document>
		<document><![CDATA[@domesticexec thanks working hard!]]></document>
		<document><![CDATA[Feb issue of @nzbusinessmag just landed at my office - thanks for covering @VRARNewZealand  and my #VR #AR mission https://t.co/yquwhRgLNr]]></document>
		<document><![CDATA[Today @LinkedIn is definitely my friend. Appreciate the awesome #VR people replying to me. @projectrnz is getting close to opening...]]></document>
		<document><![CDATA[When you join the wrong  bootcamp at the park...new year fail number one.]]></document>
		<document><![CDATA[When you ask for help supporting a new development &amp; community and they say yes! https://t.co/n1ZpCj0zq8]]></document>
		<document><![CDATA[It's all about content creation this year. Great opportunity for NZ #VR #AR https://t.co/UJkIyYjmbY]]></document>
		<document><![CDATA[This is exciting @8iReality https://t.co/stG8qRtAkO]]></document>
		<document><![CDATA[@virtmedcoach @VRARNewZealand ask @HITLabNZ they had some at our CHCH event]]></document>
		<document><![CDATA[I've never spent so much time in cashflow &amp; P&amp;L documents in my life #grants #startups #spreadsheetsaremyfriend]]></document>
		<document><![CDATA[@Ohheykenny that's the one]]></document>
		<document><![CDATA[Any of my twitter friends free for a drink after work? I'm childfree!!!]]></document>
		<document><![CDATA[Keen to improve your public speaking confidence and develop your storytelling techniques? Get to this! https://t.co/G6GJbuytZ2 #SWP17]]></document>
		<document><![CDATA[Love that @SlackHQ is using @BreneBrown quotes when you open the app. Makes me smile every time. #positive #MotivationalQuotes]]></document>
		<document><![CDATA[@USAmbNZ @ambmarkgilbert you will be missed.]]></document>
		<document><![CDATA[I need this! https://t.co/VKbPtYTMY9]]></document>
		<document><![CDATA[A long bus ride home. Glad to see this view &amp; thankful for @EverythingVRAR keeping me engaged with their podcasts… https://t.co/lMNAfIfTuN]]></document>
		<document><![CDATA[@NorthwardsDS right back at ya Mr x]]></document>
		<document><![CDATA[Entree is ready - back to the 80s with some prawn cocktails https://t.co/4eSlGS1Lod]]></document>
		<document><![CDATA[@rantydave @gnat happy to help you out]]></document>
		<document><![CDATA[It's our time! Bring on 2017 "Rise of the Women (in Tech)” by @daniellenewnham https://t.co/XGGUdW6Wjj]]></document>
		<document><![CDATA[@jamese my 3 year old would be well impressed]]></document>
		<document><![CDATA[Great event &amp; very much needed in all areas of business #publicspeaking https://t.co/PdfIlHPhTu]]></document>
		<document><![CDATA[@kr1t1c4l clearly an advanced human]]></document>
		<document><![CDATA[Gutted @amyschumer cancelled her gig but heading to AKl with the girls anyway - bring on some weekend fun. Very ready for some time off.]]></document>
		<document><![CDATA[Definitely had a skip in my step this week &amp; grateful to be part of @VRARNewZealand &amp; it's 85 strong membership across NZ. #VR #AR]]></document>
		<document><![CDATA[@BradFraserNZ @SavIsSavvy @MnstryofAwsm @where_is_anna has an awesome list she can share]]></document>
		<document><![CDATA[Fantastic to hear all your learnings &amp; understand what it takes to build a #VR game solo in your own time #NZVRARA https://t.co/x3ci1RGY6X]]></document>
		<document><![CDATA[#VR gaming transports you into a new world https://t.co/q6FKVzAjwq]]></document>
		<document><![CDATA[@beVR_nz @ParkRoadPost always a hard call. See you tonight @VRARNewZealand 😀]]></document>
		<document><![CDATA["If you were able to believe in Santa for 8 years, you can believe in yourself for 5 seconds. You got this." Wise w… https://t.co/JFVetpWt54]]></document>
		<document><![CDATA[@teh_aimee @NZTechIA always interesting to see how these commitments playout -hopefully positively!]]></document>
		<document><![CDATA[Great news, look forward to seeing the outcomes of this relationship https://t.co/TSK6ycvSJL]]></document>
		<document><![CDATA["You can only achieve world domination by working together"  #buglab @Mahuki_TePapa @WetaWorkshop Stoked to be part… https://t.co/4h6MeOKQET]]></document>
		<document><![CDATA[@VicUniWgtn thanks]]></document>
		<document><![CDATA[@VicUniWgtn interesting, how do I access the paper?]]></document>
		<document><![CDATA[@GarethMP @awizardsbeard it's using @LeapMotion with @htcvive 😀]]></document>
		<document><![CDATA[@sarb it did thanks. Lots of interest in the impact on our education system so we will be going back to talk more about this with MPs.]]></document>
		<document><![CDATA[Love seeing people experience #VR for the first time &amp; of course be blown away by @HoloLens - now for @magicleap to… https://t.co/bzRBq4zdEM]]></document>
		<document><![CDATA[Getting the @HoloLens out for a demo with @geoffthemusical https://t.co/2r7JjHi18R]]></document>
		<document><![CDATA[@StephaniePride @MiramarMike @VRARNewZealand excellent! See you then]]></document>
		<document><![CDATA[Heading to parliament to present on #VR #AR #MR tonight. Maybe @johnkeypm will show up for some fun before he leaves  😉]]></document>
		<document><![CDATA[@MiramarMike @StephaniePride sure we have @VRARNewZealand xmas drinks/chats on the 13th https://t.co/FIpGq6TguE come say hi!]]></document>
		<document><![CDATA[@nickshewring @FirstLookAsia @Mahuki_TePapa awesome I'm planning a trip to Singapore, hopefully Feb with @BlackeyeVR]]></document>
		<document><![CDATA[Proud to have supported this team during my time @BizDojo #colliderwgtn #mahukiNZ https://t.co/nz7WkIxpqK]]></document>
		<document><![CDATA[Only 5% of exhibitions are on display in museums @openwindowvr use #VR to experience art in an immersive way… https://t.co/HW8IWrVl7V]]></document>
		<document><![CDATA[An inspiring #femaleleader @tuitehau @Mahuki_TePapa well done in leading this new accelerator #mahukiNZ https://t.co/g99mytFp4r]]></document>
		<document><![CDATA[@Mahuki_TePapa simply beautiful]]></document>
		<document><![CDATA["It's been an interesting day" opening of @Mahuki_TePapa w/ @stevenljoyce https://t.co/u91VJ6K6Ng]]></document>
		<document><![CDATA[@where_is_anna I hear ya.]]></document>
		<document><![CDATA[Stuck at home with a sick kid all day, finally free and @Mahuki_TePapa bound! Bring on the showcase, super pumped for this #innovation #GLAM]]></document>
		<document><![CDATA[Looking forward to presenting on #VR #AR next week thanks to @GarethMP - totally understand how tough this balance… https://t.co/sNh0YYXxuW]]></document>
		<document><![CDATA[Grateful for a Saturday arvo chat with @VictorianPurple &amp; @where_is_anna for making it happen 😀]]></document>
		<document><![CDATA[Lots of brain activating convos this evening #blockchain #VR #brainstrust https://t.co/BHayhGKPgE]]></document>
		<document><![CDATA[Some mornings just getting to the office is an achievement #toddlerlife]]></document>
		<document><![CDATA[Go @SianSimpson that's awesome https://t.co/o5M3adCIUC]]></document>
		<document><![CDATA[Totally agree. Well done @ruthmcdavitt &amp; @summeroftech team https://t.co/ovsACtzl3R]]></document>
		<document><![CDATA[@jamienilsson @Allbirds nice. I feel like I may end up with a few pairs....]]></document>
		<document><![CDATA[@jamienilsson @Allbirds what colour you got?]]></document>
		<document><![CDATA[@VicMetcalf_NZ @Allbirds yes super comfy. Also as someone who can never find socks these are perfect!]]></document>
		<document><![CDATA[Finally joined the @Allbirds crew. Love them! #nzmade #innovation https://t.co/9DviptnBLq]]></document>
		<document><![CDATA[@envycollect @rockingladies @toniemoyes also just had an awesome lady I know peer review some of my work. Love the supportive network ❤️]]></document>
		<document><![CDATA[Can not wait for my @rockingladies #peermentoring session tonight. See you soon @envycollect @toniemoyes]]></document>
		<document><![CDATA[Spreadsheet fatigued. Must be time for a #WestworldHBO break. Trip myself out in their mad #AI world before I go back to my #AR one]]></document>
		<document><![CDATA[@justadandak @EHFNewZealand ah those specific people 😉]]></document>
		<document><![CDATA[@justadandak assuming you sent them to @EHFNewZealand amped for all the international talent joining us]]></document>
		<document><![CDATA[Got to see this last week. Cutting edge application for #MR https://t.co/356xa2D0gE]]></document>
		<document><![CDATA[Love this educational immersive experience, very creative #VR https://t.co/eknVMxWxqd]]></document>
		<document><![CDATA[Some great reminders for taking care of ourselves when we are running so fast in life @ZeldaZumbaNZ you're awesome… https://t.co/PH9iiBC9SW]]></document>
		<document><![CDATA[Lovely catchup with the @CreativeHQ team sorry to be missing @justadandak &amp; the others for 7x7 - looks like it'll be a fun night, enjoy!]]></document>
	</documents>
</author>