<author lang="en">
	<documents>
		<document><![CDATA[@robhosking @SusieFergusonNZ @GrumpyYetAmusin thankfully we have access to better whiskey these days #rtp]]></document>
		<document><![CDATA[@robhosking @SusieFergusonNZ @GrumpyYetAmusin i'm surprised not more of you had heard about depth chargers...they were purely medicinal.....]]></document>
		<document><![CDATA[@brenakiwi yeah but when staring at the stars, I'm ok with that.]]></document>
		<document><![CDATA[@sweat7coaching i just had 4 jellybeans...they were earned]]></document>
		<document><![CDATA[@brenakiwi post swimming munchies]]></document>
		<document><![CDATA[@robhosking just poured frozen peas over my porridge. Sorta like blueberries #notquite #firstdayofpicking #gonnabealongseason]]></document>
		<document><![CDATA[@robhosking that's a helluva long day]]></document>
		<document><![CDATA[What the heck! Holding up Berry Farms now? Jiminy Cricket..whatever next https://t.co/gWobUdxoml]]></document>
		<document><![CDATA[@Jacky_Braid @ProckyHorror patience patience. Wellington is sending us more https://t.co/XcrfxPNxdO]]></document>
		<document><![CDATA[@ProckyHorror @Jacky_Braid So are most of the farmers in Hawke's Bay :-)]]></document>
		<document><![CDATA[@condy_ian @WeatherWatchNZ @MetService yes it's lovely steady rain...started 4:30ish and still falling :-)]]></document>
		<document><![CDATA[@cheviotjane Wine would be the correct procedure from here.]]></document>
		<document><![CDATA[@Jacky_Braid @ProckyHorror Yeah 😘 but to let you know...it's starting drizzling here now. Hope that makes you feel better.]]></document>
		<document><![CDATA[@brenakiwi captures market]]></document>
		<document><![CDATA[@ProckyHorror shall I tell her or will you @Jacky_Braid ... oh Ok I will ... this at 11am https://t.co/WCXs5bjmyD]]></document>
		<document><![CDATA[@Jacky_Braid @twoa online or actual classes]]></document>
		<document><![CDATA[@ianapperley going into our 30th apple season. We have been assimilated. We are Borg :-) 🍎🍎🍎🍎🍎🍎]]></document>
		<document><![CDATA[@brenakiwi that is one thing that REALLY annoys me. The email you get to tell you, you unsubscribed from the email !!!!!!]]></document>
		<document><![CDATA[@iangriffin @Apple yeah Apple! Damned annoying]]></document>
		<document><![CDATA[@NZStuff not news. #personsellshouses https://t.co/rxYqLtyM4a]]></document>
		<document><![CDATA[@DairyCowQueen sent you a dm...its happening and goes direct to payroll too :/)]]></document>
		<document><![CDATA[@LewSOS so unfair having a cold in summer; had mine in December #sucks]]></document>
		<document><![CDATA[@billbennettnz that Napier-Taupo road's a killer though... 1hr 45mins when there a no campervans. :-)]]></document>
		<document><![CDATA[@FoxyLustyGrover hubbies off 🎣, lots of time to myself:-)]]></document>
		<document><![CDATA[Who knew it was a competition https://t.co/mssyruLexv]]></document>
		<document><![CDATA[He'a not draining the swamp, he's damning is (spelling intentional) and filling it with crocs]]></document>
		<document><![CDATA[Video of Dartmoor fire  https://t.co/cjpQisnpQZ]]></document>
		<document><![CDATA[@IronyDept @MotherJones where the hell is @HillaryClinton]]></document>
		<document><![CDATA[@JoeMyGod @Pseudony_Ms @BNONews jeeeeeeepersholyschomoooly ...*puts popcorn down, picks up whiskey*]]></document>
		<document><![CDATA[@Pseudony_Ms @StuFlemingNZ my quibble IS with the label. Rich dumbass privilege fits better...they are that too :-)]]></document>
		<document><![CDATA[@Pseudony_Ms @StuFlemingNZ i understand this basic shit, needs another label.]]></document>
		<document><![CDATA[@Pseudony_Ms understand that BUT defending my wonderful husband and son from 'white male privilege' label. As they would defend me from....]]></document>
		<document><![CDATA[@StuFlemingNZ @Pseudony_Ms or just privileged sociopaths. White male label discriminates and inmo opinion no better than 'muslim']]></document>
		<document><![CDATA[@Pseudony_Ms i am also defending white males who don't have privilege....this privilege needs a different name. Too big a group.]]></document>
		<document><![CDATA[@Pseudony_Ms we need to be better than that. Be better than Trump.]]></document>
		<document><![CDATA[@Pseudony_Ms no@I dont think that, but I dont want to be sucked into grouping people based in their gender, skin colour, religion...]]></document>
		<document><![CDATA[@Pseudony_Ms @jbendery im not so worried about his skin colour or gende, as his actions.]]></document>
		<document><![CDATA[@LI_politico i have the WHOLE WEEKEND to myself...will finish The Goldfinch, it is riveting]]></document>
		<document><![CDATA[@Pseudony_Ms 'at this time' is probably the bone-chiller...]]></document>
		<document><![CDATA[@ddale8 @CoryBooker Jeeper, didn't see this coming...sigh...#sarcasm]]></document>
		<document><![CDATA[@FoxyLustyGrover @LI_politico I'll get the popcorn...been waiting for this]]></document>
		<document><![CDATA[@Ash_Stewart_ as i go to bed i think on the fact that it has only taken him 7 days to mention WWIII #orisit8 Your job is more impt than ever]]></document>
		<document><![CDATA[@Beathhigh @SarahPinborough now added to my electronic tbr pile :-)]]></document>
		<document><![CDATA[@iangriffin both disciplines are standing tall in this week old world 🌎]]></document>
		<document><![CDATA[@tutukaus @BallyshonogFarm @andrew_hoggard @1NewsNZ oops one #watchingthecricket]]></document>
		<document><![CDATA[@tutukaus @BallyshonogFarm @andrew_hoggard @1NewsNZ as was won of our regional councillors]]></document>
		<document><![CDATA[@stephosphere just because it's WtP https://t.co/4sjBUUGqvw]]></document>
		<document><![CDATA[@SiouxsieW and New Zealand is better for having you ❤️]]></document>
		<document><![CDATA[He's a self-fulfilling prophecy.. https://t.co/yiprg1jogT]]></document>
		<document><![CDATA[@pronounced_ing yay mental health breaks!]]></document>
		<document><![CDATA[@brenakiwi i think we need to bring that campaign back! https://t.co/eKjKDw7INr]]></document>
		<document><![CDATA[@billbennettnz @beekaynz yes even @pronounced_ing has stopped giving us cute pictures of fluffy animals. No time for mental health breaks.]]></document>
		<document><![CDATA[@brenakiwi be a tidy kiwi :-)]]></document>
		<document><![CDATA[@CNN but they can detain? Is this right?]]></document>
		<document><![CDATA[@Jacky_Braid got* #crikey]]></document>
		<document><![CDATA[@Jacky_Braid and you've git a long weekend to look fwd to https://t.co/DnZxOcW5mg]]></document>
		<document><![CDATA[@LI_politico @mrbarnabyb extremely tactical and deeply evil...@resisterhood thread shows new level of fwd planning https://t.co/kTByLun88M]]></document>
		<document><![CDATA[@LI_politico and the tweeters....don't forget the tweeters. #rallyingtroups #reportingthetruth]]></document>
		<document><![CDATA[@Birdy328 @AthertonKD and that their ratings are tanking. SAD.]]></document>
		<document><![CDATA[@BallyshonogFarm @Slate hearing feom @SenSanders but not @HillaryClinton what's going on? #amimissingsomething @LI_politico]]></document>
		<document><![CDATA[@StuFlemingNZ it needs to be a soild case. No room for semantics or judicial filibuster]]></document>
		<document><![CDATA[@ChrisKeall @Reuters watching with interest]]></document>
		<document><![CDATA[@StuFlemingNZ don't be sucked, you'll be stuck in traffic for the rest of your life]]></document>
		<document><![CDATA[@LI_politico  oi! Innocent until guilty #itsthepersonnottheircolour https://t.co/1PJug1iEQq]]></document>
		<document><![CDATA[@dairymanNZ please tell me this is not you... https://t.co/8Pc3makaN8]]></document>
		<document><![CDATA[@SirWB is it on the telly? #cantfindit]]></document>
		<document><![CDATA[@upulie @AusmaZehanat and there is no worldwide definition of fenetic modification...most people think potatoes+toads]]></document>
		<document><![CDATA[@CateOwen it happens, dunno how but it happens. #offtoa60thtonight!!!!]]></document>
		<document><![CDATA[@GrumpyYetAmusin picked it already...]]></document>
		<document><![CDATA[The Wall, by C.K. Stead https://t.co/BXnYctgru0]]></document>
		<document><![CDATA[@TwoPaddocks @MiriamLoewi @julia_zemiro Glamdals are ok though, right? https://t.co/5MkmHB7FIK]]></document>
		<document><![CDATA[@StuFlemingNZ 0km/hr around Papakura was it? #everysingletime]]></document>
		<document><![CDATA[@StuFlemingNZ @brenakiwi then you defo dont want to move to BoP Stu :-)]]></document>
		<document><![CDATA[@BryanAppleyard @fundypost ..and the house has gone quiet]]></document>
		<document><![CDATA[@Lesleyattalk @publicaddress @LewSOS but I 
AM learning stuff I never knew about #subtweeting #butttweeting I was so naive :-)]]></document>
		<document><![CDATA[@publicaddress @LewSOS King Donald the Demagogue]]></document>
		<document><![CDATA[@lukeappleby @nytimes and in times like this we need to be on the righter side of right. #dontgivehimleeway]]></document>
		<document><![CDATA[@five15design @Jacky_Braid @StuFlemingNZ there'd be enough of you here, so we could. I'd teach biology, that's that department covered..]]></document>
		<document><![CDATA[@StuFlemingNZ @Jacky_Braid I'll just leave this here... https://t.co/3WAHIaHdrn]]></document>
		<document><![CDATA[@Jacky_Braid @StuFlemingNZ ...and sunshine]]></document>
		<document><![CDATA[@StuFlemingNZ @Jacky_Braid Bay of Plenty is a retirement village #notjudging]]></document>
		<document><![CDATA[@StuFlemingNZ @Jacky_Braid how far are we up on the list?]]></document>
		<document><![CDATA[@Jacky_Braid @StuFlemingNZ @five15design i appear, recently, to have collected a group of Australians,Otagoites will fit in just fine 🍷 🍷 🍷]]></document>
		<document><![CDATA[Hey @Jacky_Braid, @StuFlemingNZ just liked that tweet, do you think we'll have another convert]]></document>
		<document><![CDATA[Just for you @Jacky_Braid https://t.co/nffXoAnOty]]></document>
		<document><![CDATA[@GlobeOpinion @TrumpWatchNews there has never been a more important time]]></document>
		<document><![CDATA[@marcuslush what towns don't? Even Kamo has one :-)]]></document>
		<document><![CDATA[@brenakiwi ...soaked in coffee ☕️]]></document>
		<document><![CDATA[@brenakiwi gingernuts in thid house]]></document>
		<document><![CDATA[@MartinTaskerNZ great reporting on the tennis but it's the Czech Republic 🇨🇿 not Czechoslovakia (see no flag ⛳️:-) )]]></document>
		<document><![CDATA[@brenakiwi off to the stupormarket you go. https://t.co/yyunRvxWcW]]></document>
		<document><![CDATA[@Margie186 not really, but had REALLY ling rows at the end.]]></document>
		<document><![CDATA[@Margie186 yes it's a fantastically creative and relaxing syndrome https://t.co/kF5Yve6ovy]]></document>
		<document><![CDATA[@jennpozner actually journalists, it's not about you and what the Pres said about you. Rise above it and get the job done #dontgetsuckedin]]></document>
		<document><![CDATA[@jennpozner more worried about the numbers at inauguration than #WomensMarch. Also concerned that Trump picked on them #itsnotaboutyou 2/2]]></document>
		<document><![CDATA[@jennpozner Watched it on twitter. Amazing. Tuned into our @SkyNews @CNN @FoxNews @BBCNews we have here in NZ and NOTHING but a ticker 1/2]]></document>
		<document><![CDATA[@WeatherWatchNZ hot and windy. Where's our rain? Any respite soon? #HawkesBay https://t.co/4GJCwxHps9]]></document>
		<document><![CDATA[@elonjames not the press the 'dishonest media']]></document>
		<document><![CDATA[@MargaretAtwood @SkyNews we can migrate to 'millions' now.]]></document>
		<document><![CDATA[@KatydidNZ yes I like to know that too - getting worse than Fb]]></document>
	</documents>
</author>