<author lang="en">
	<documents>
		<document><![CDATA[Tehran's conviction that most effective approach to US relies on force not conciliation has near-exact analogue in Flynn/Mattis view of Iran]]></document>
		<document><![CDATA[Rezaei reflecting mainstream conservative view that seeking detente w/US makes Iran less secure, perhaps w/eye on May presidential election]]></document>
		<document><![CDATA[Mohsen Rezaei on conciliatory diplomacy: dialogue of civilizations (Khatami) resulted in Bush's threats, nuclear de… https://t.co/yrWfSeWx1S]]></document>
		<document><![CDATA[Interesting piece by @berubea1: Modesto has large community of Assyrians, an ethnic &amp; religious minority in Iran, I… https://t.co/dExLC93tHZ]]></document>
		<document><![CDATA[.@BahmanKalbasi @comprehendiran Where in the 159 pages of the JCPOA are the provisions that state this?]]></document>
		<document><![CDATA[Cause that ended so well for her? https://t.co/wE9iCIFjaw]]></document>
		<document><![CDATA[Now that Tillerson's confirmed, reupping why I think (as fmr State, XOM) he'll make a good SecState. Really hope so! https://t.co/T1OqLZdlIP]]></document>
		<document><![CDATA[First, they came for the Iranians: What the Trump admin's entry ban means for Iran, for Iranians, and for Americans https://t.co/tCNOxc63lX]]></document>
		<document><![CDATA[I think the scope of this is unprecedented. And it should be taken extremely seriously by the administration &amp; inco… https://t.co/olHFJOrsiW]]></document>
		<document><![CDATA[This is an important set of principles for a news organization to commit to upholding in this complicated time https://t.co/zwzEl9LPC7]]></document>
		<document><![CDATA[Americans are pretty awesome. They know that we  are all personally impacted by injustice. https://t.co/4CZ7RyiALs]]></document>
		<document><![CDATA[Oh good, 'Not Without My Daughter' is on some random cable station tonight. Sally Field desperately trying to exit 1980s Iran. Coincidence?]]></document>
		<document><![CDATA[As fmr staffer in office resp for handling dissents, criticizing authors would've been unthinkable. Respect institu… https://t.co/HepiKhPAhs]]></document>
		<document><![CDATA[Corporate America doesn't favor these kinds of policies. Hurts global reputation for US products &amp; market; heighten… https://t.co/kZhf1auuTX]]></document>
		<document><![CDATA[An isolated POTUS w/shrinking inner circle might mean a weak administration. Trump's 1st week suggests the opposite. https://t.co/BgDPIewRCk]]></document>
		<document><![CDATA[Veteran who gave Purple Heart to Iraqi family hoped "to send a message to them-What they believe America was, it is” https://t.co/3pszrJPhou]]></document>
		<document><![CDATA[It may be succeeding in exactly what it was intended to do: fire up the base. https://t.co/GII0ysNMWA]]></document>
		<document><![CDATA[Expect to hear the same from @khamenei_ir any time now. Worst is that more ppl in the region will believe these lie… https://t.co/UbaxDn0Sn3]]></document>
		<document><![CDATA[Funny but also foreboding. Test for Trump entry ban is supposedly citizenship, not heritage. Banning based on birth… https://t.co/ZSdjdNFScp]]></document>
		<document><![CDATA[Spot on by @hadighaemi: Trump’s travel ban is a gift to Iran’s repressive rulers. Will make US less secure not more. https://t.co/NpeWlyVaOg]]></document>
		<document><![CDATA[It's a standard part of Holocaust denial / revisionism by many Islamic Republic officials as well. https://t.co/CvZdNc5Gew]]></document>
		<document><![CDATA[Just in case anyone thought the outrage was only a blue state phenomenon https://t.co/gx3Ln3pZQR]]></document>
		<document><![CDATA[As context, Copley Square was the scene of the marathon bombing. Bostonians understand terrorism. But they also und… https://t.co/cv5AFOuAZF]]></document>
		<document><![CDATA[Is this part of Trump's super secret plan to defeat ISIS? https://t.co/5NG1bR4SWv]]></document>
		<document><![CDATA[As they should be. If only the Trump admin had cabinet officials w/CEO experience to add real-world perspective to… https://t.co/HXi7RsHCsf]]></document>
		<document><![CDATA[In other words, Trump is prepared to shatter American principles as well as our internat'l standing &amp; influence to serve his own ambitions.]]></document>
		<document><![CDATA[Heard sth similar from a Republican: WH wants to reassure MAGA diehards they won't sell out like establishment Rs.… https://t.co/HpBdWUTrqa]]></document>
		<document><![CDATA[An Iranian whose parents remain detained: "If I'd known this would happen, I would have never come [to US]...I thou… https://t.co/iMQ9YB5E1m]]></document>
		<document><![CDATA[Twitter's executive chairman https://t.co/Dupgwfw3O7]]></document>
		<document><![CDATA[Entry ban may strand renowned Iranian dissident cleric/intellectual in Germany. Imprisoned by Iran, now banned by T… https://t.co/1zobE6DzG3]]></document>
		<document><![CDATA[This is what "New York values" look like. In other words, American values. https://t.co/n3atVMJ5Wu]]></document>
		<document><![CDATA[How exactly does detaining linguistics students make America safer? https://t.co/RHj2jgWUmU]]></document>
		<document><![CDATA[#Blackish star speaks out against Trump entry ban https://t.co/YfkscQ6JYL]]></document>
		<document><![CDATA[The entry ban *may* be only temporary but it will define views of America for a long time to come, as hostile, hateful, foolish, unreliable.]]></document>
		<document><![CDATA[But that fails to appreciate cataclysmic damage that such an ill-conceived, un-American policy does to US standing in the world.]]></document>
		<document><![CDATA[I've heard half-hearted justifications of Trump entry ban on basis of its (relatively) limited duration. May enable some to rationalize it.]]></document>
		<document><![CDATA[This is exactly how Tehran treats its own people. Every previous US president denounced such policies. What will we… https://t.co/aShfV6OBNm]]></document>
		<document><![CDATA[Tillerson--like Mattis &amp; others in Trump cabinet--surely appreciates how counterproductive this move will be. https://t.co/2fHlBVACID]]></document>
		<document><![CDATA[In Oct Trump pledged to protect "our people"--US citizens--unjustly imprisoned unjustly in Iran. But his entry ban… https://t.co/hOFG5gPt3C]]></document>
		<document><![CDATA[.@EmadEsfeden Not many. But I routinely meet random Americans who've been or hope to go to Iran via tour groups, incl some at AIPAC last yr.]]></document>
		<document><![CDATA[This is an Iranian own goal, albeit minor &amp; understandable for once; US visitors are nearly all tourists - good for… https://t.co/y6ViUJmHbe]]></document>
		<document><![CDATA[Watch the ripple effects on third country nationals. Entry ban will impact businesses &amp; govts around the world. https://t.co/yRWPNJvI86]]></document>
		<document><![CDATA[@SohrabAhmari Also heard in 81, 89, 93, '01, '09. Always ends in letdown. Only fix to Iran problem comes from Iranians. Visa ban hurts that.]]></document>
		<document><![CDATA[.@SohrabAhmari Accurate or not, criticism of previous president now irrelevant. Gulf fury at Bush admin over Iraq never did much for Obama.]]></document>
		<document><![CDATA[BTW, no one should understand this better than Trump administration's own cabinet officials, esp Mattis &amp; Tillerson.]]></document>
		<document><![CDATA[.@mohalsulami Obviously. But remember: JASTA passed Congress overwhelmingly &amp; remains law.]]></document>
		<document><![CDATA[But that doesn't make it easy (esp w/lower oil prices) or obvious that US trade &amp; strategic cooperation w/Mid East allies will go unscathed.]]></document>
		<document><![CDATA[For rest of region, popular outrage over visa ban will complicate official ties w/DC. Yes, our allies have dealt w/those pressures before.]]></document>
		<document><![CDATA[For front-line states like Jordan, US refugee ban is strategic &amp; moral affront. Trump exacerbating what is already an existential challenge.]]></document>
		<document><![CDATA[Hard to imagine Saudi govt jeopardizing relations w/new US admin over ban on Iranians or Yemenis. But ripple effects will be hard to avoid.]]></document>
		<document><![CDATA[Limiting ban to these 7 countries meant to avoid disrupting regional security cooperation &amp; vital trade w/US. Will that succeed? Perhaps.]]></document>
		<document><![CDATA[Watch reaction from US allies in region whose citizens aren't included in Trump ban on US entry: Egypt, Jordan, Saudi &amp; GCC, Pakistan.]]></document>
		<document><![CDATA[.@nahaltoosi does this preference also apply to would-be entrants other than refugees, such as an Iranian Bahai seeking a student visa?]]></document>
		<document><![CDATA[The bitter irony: A horribly un-American move by the White House uniformly offends a nation that lives under horrib… https://t.co/DhHiuRv17N]]></document>
		<document><![CDATA[This! https://t.co/hzvpyHuzEH]]></document>
		<document><![CDATA[A travesty. #FreeNazanin https://t.co/mQPowT27Fw]]></document>
		<document><![CDATA["The age of Trump will pass. The institutions will contain him &amp; the laws will restrain him if enough people care a… https://t.co/HAzqG05HSX]]></document>
		<document><![CDATA[I keep hoping someone will write a good biography of Rafsanjani. This is a great start. Hope @EskandarSadeghi expan… https://t.co/x4yh5b8Wmz]]></document>
		<document><![CDATA[This is a terrific opportunity for new PhDs interested in foreign policy. Apply and/or spread the word! https://t.co/A4FRm35eLW]]></document>
		<document><![CDATA[I still find Manning's commutation odious but @elilake's balanced take is worth reading. https://t.co/uYv0kgzoQw]]></document>
		<document><![CDATA[Thanks @OrenDorell. Your piece was fair, accurate, and important. People should read that, rather than debating my critique of the headline!]]></document>
		<document><![CDATA[.@JuddLegum There is no difference. Both are organizations I've worked for. Both are listed in my bio. Neither influences what I say today.]]></document>
		<document><![CDATA[.@JuddLegum I've worked at State as well. Do you demand that I disclose that in every tweet on US foreign policy?]]></document>
		<document><![CDATA[.@JuddLegum BTW do you include your past campaign affiliations in every election-related tweet? Why not?]]></document>
		<document><![CDATA[.@JuddLegum No. My view is that my comments reflect solely my own opinions. My past experience is relevant but my CV doesn't fit in a tweet.]]></document>
		<document><![CDATA[.@JuddLegum Hair splitting. My bio is public, my short stint w/XOM as well as my PhD &amp; 25yrs academic expertise related to Iran &amp; sanctions.]]></document>
		<document><![CDATA[.@JuddLegum You're free to disagree w/my views, but you have no basis to impugn my integrity. My bio is transparent. Ethical AND nonpartisan]]></document>
		<document><![CDATA[.@JuddLegum How classy. I don't run defense for anyone. My commentary reflects solely my own views. The XOM/Iran headline was misleading.]]></document>
		<document><![CDATA[Iranians' hope in Rafsanjani "was more a reflection of their desperation for change than a genuine affinity for an… https://t.co/qch694ASQh]]></document>
		<document><![CDATA[Or, put in less sensational terms, a partially owned XOM subsidiary did business w/Iran, completely consistent w/ex… https://t.co/5wfF8dOWwT]]></document>
		<document><![CDATA[In annals of pointless US gestures to Tehran, this wins. Dodges Raf's (at best) mixed legacy &amp; for what? Won't win… https://t.co/f3yNcV6HfY]]></document>
		<document><![CDATA[As someone warned just yesterday https://t.co/S3m2AIDusO https://t.co/rXsE3RxS4S]]></document>
		<document><![CDATA[.@HadiNili Another bit of minutia that's puzzled me. Used to only cite him w/Akbar. But Ali Akbar is used in his memoirs, incl on documents]]></document>
		<document><![CDATA[Perhaps most important takeaway of Rafsanjani's death: the ongoing demise of the Islamic Republic's gerontocracy. B… https://t.co/cmJPLu4KNl]]></document>
		<document><![CDATA[This take on Rafsanjani's death is well worth reading, esp for those less familiar w/Iranian history prior to 2009 https://t.co/7T85F2hVmd]]></document>
		<document><![CDATA[Was Rafsanjani's status as an ayatollah ever affirmed? Routinely identified in the press as such in recent years bu… https://t.co/5345Jv2s8a]]></document>
		<document><![CDATA[Smart take on XOM mindset: "hierarchical, centralised, fact-driven, unemotional, uncompromising &amp; ruthlessly focuse… https://t.co/BmvRTenfzy]]></document>
		<document><![CDATA[Great piece on Iranian youth appeal for accountability: "history will condemn us bc we have been silent about Syria… https://t.co/51UHUXzAo5]]></document>
		<document><![CDATA[.@BrookingsFP's Bruce Riedel on Saudi efforts to boost religious tourism to the Kingdom https://t.co/q03C3OeCAK]]></document>
		<document><![CDATA[.@natansachs opens our first public panel on '4 tribes' of Israel #IsraelsFuture https://t.co/fvQJFNSti8]]></document>
		<document><![CDATA[The presumption that a CEO can't manage foreign policy is wrong. Great diplomats have come from many walks of life. https://t.co/T1OqLZdlIP]]></document>
		<document><![CDATA[Were and are. https://t.co/VogPgY2l2q]]></document>
		<document><![CDATA[.@McFaul Corporations have obligations to shareholders. Policymakers have obligations to citizens. Many wise leaders have moved btw spheres.]]></document>
		<document><![CDATA[Exactly. https://t.co/d8NJp7WUYH]]></document>
		<document><![CDATA[Tillerson rose to top of a company that prizes technical excellence, rock-solid financials, hard work &amp; integrity. State cld do a lot worse]]></document>
		<document><![CDATA[In run-up to Iraq invasion, I heard far more skeptical questions &amp; realistic scenarios from energy execs than from most DC pundits, R or D]]></document>
		<document><![CDATA[Inside-the-Beltway types don't have monopoly on wisdom about international affairs: my XOM colleagues had sharp grasp of regional dynamics]]></document>
		<document><![CDATA[In this sense Tillerson's business experience gives him very different lens than other execs in Trump cabinet--&amp; very relevant for diplomacy]]></document>
		<document><![CDATA[Oil folks know stuff: anyone who manages multi-billion dollar, multi-decade projects needs deep, nuanced understanding of political context]]></document>
		<document><![CDATA[Presumption that Tillerson must be a pro-Putin ideologue bc he / XOM did business successfully in Putin's Russia is simplistic &amp; patronizing]]></document>
		<document><![CDATA[Full disclosure: I spent a couple of years working at XOM (but not directly for Tillerson.) I'm proud of that experience; I learned a lot.]]></document>
		<document><![CDATA[A lot of the negative/shocked reactions to Rex Tillerson as SecState seem to come from people w/limited understanding of private sector 1/x]]></document>
		<document><![CDATA[Thank you! @EskandarSadeghi]]></document>
		<document><![CDATA[Smart piece by @rihamkousa dispels myths re social media &amp; political change. How Facebook hurt the Syrian Revolution https://t.co/qVMzpZTfUZ]]></document>
		<document><![CDATA[Apple meet tree. Flynn Sr reportedly pushed bogus conspiracy theories re Iran &amp; Benghazi while DIA chief. Bad judgm… https://t.co/SsZpneBIbL]]></document>
		<document><![CDATA[But Obama didn't break w/past US precedent on Iran: he used carrots &amp; sticks--just like every one of his predecesso… https://t.co/ImlYlQlNCF]]></document>
		<document><![CDATA[Infinitely more tragic, yes. The relative recklessness remains to be seen. Great power relationships still matter,… https://t.co/be6IurvPo9]]></document>
		<document><![CDATA[Dig up your FA password &amp; read this thoughtful piece by @pedestrian on Iran-Iraq war &amp; its legacy for Iranians today https://t.co/29p3uFNfaP]]></document>
		<document><![CDATA[As parent of 2 kids, I sincerely hope these future jobs include Minecraft Player and Youtube Viewer. https://t.co/UFXKzrPy6R]]></document>
		<document><![CDATA[Tehran consistently misrepresents sanctions provisions in #Irandeal https://t.co/EudLwd5gxW]]></document>
	</documents>
</author>