<author lang="en">
	<documents>
		<document><![CDATA[@liedra O_O

Although, really, that bio looks like Trump wrote it.]]></document>
		<document><![CDATA[I am melancholy and strongly suspect I've forgotten how to talk to people.]]></document>
		<document><![CDATA[@nfornihilism Ganondorf for the US Supreme Court.]]></document>
		<document><![CDATA[@purserj I’m waiting for the season premiere of Supreme Court At First Sight.]]></document>
		<document><![CDATA[My pick for Supreme Court Justice. https://t.co/ZSrHvzo9xF]]></document>
		<document><![CDATA[holy shit it’s february?]]></document>
		<document><![CDATA[Why am I awake so early? 
*meow*
Oh.]]></document>
		<document><![CDATA[@nerdi I keep meaning to spend some more time playing that. Might give it a crack.]]></document>
		<document><![CDATA[This evening I wanted to go running to clear my head, but just tore my toe open again so I limped for 20 minutes and now feel much worse. :/]]></document>
		<document><![CDATA[Last night I stubbed my toe so bad it tore off a huge chunk of flesh, but it took a good five minutes of tracking blood all over to notice.]]></document>
		<document><![CDATA[Suspect I'm listening to too much Eels.]]></document>
		<document><![CDATA[@teknetia @shrydar This was very confusing out of context.]]></document>
		<document><![CDATA[@keysight_daniel It was a combination of trigger levels and completely underestimating the timescale. All good now. :)]]></document>
		<document><![CDATA[@Keladeine Because it was hot and because KSP plugins are C#.]]></document>
		<document><![CDATA[@shrydar I like to annoy people with play 1 and discard all rules.]]></document>
		<document><![CDATA[Has anybody told Trump that he’s in US Government, not a game of Fluxx?]]></document>
		<document><![CDATA[@liedra I’m just surprised he went straight to the grand final without any elimination rounds.]]></document>
		<document><![CDATA[It’s 2am and instead of sleeping I’m sweating a bunch and trying to understand C# delegates.]]></document>
		<document><![CDATA[On the plus side, I am supporting multiple devices - hopefully large scale simpits should be much easier. https://t.co/38xsyMuEEX]]></document>
		<document><![CDATA[@rellarc79 They promise to do it better, faster and cheaper. And then unsurprisingly deliver a turd and expect you to be grateful.]]></document>
		<document><![CDATA[@stibbons And the upshot of all of that is that I’m now using a standard nuget library for the serial port, but won’t support Windows 10.]]></document>
		<document><![CDATA[@_dnch I’m using it to decode serial data. Basically on overpowered logic analyser. Pretty sweet stuff.]]></document>
		<document><![CDATA[@aimee_maree Apparently doesn't realise that foreign-owned media is about the only reason she has a job, either.]]></document>
		<document><![CDATA[Getting back in to hacking my KSP controller. I'm sometimes surprised that I know what I'm doing. https://t.co/OhkvTm2bu7]]></document>
		<document><![CDATA[I know I’ve used my oscilloscope to grab serial traffic from an arduino before, but can’t seem to get it right now. :/]]></document>
		<document><![CDATA[You’re having a pretty bad day when the dude from Stranger Things wants to punch you in the face.

Hopefully.]]></document>
		<document><![CDATA[@purana Oscilloscopes are very, very awesome things to own. :D https://t.co/JLqOEgtKDz]]></document>
		<document><![CDATA[@purserj The replies to that tweet are *amazing*]]></document>
		<document><![CDATA[@liedra It’s basically like talking to your teammate two desks over on chat instead of in person. Thumbs up.]]></document>
		<document><![CDATA[“Wait you know java?” from the guy who wasn’t even born the last time I wrote any serious java.]]></document>
		<document><![CDATA[Fine all weekend, feeling like utter shit this morning. Is there such thing as a weekday flu?]]></document>
		<document><![CDATA[@nkav That was the shittiest segue ever, just FYI.]]></document>
		<document><![CDATA[FYI the line being toed by Australian conservative commenters is "it's not a Muslim ban silly leftards". https://t.co/eWKfX7u2RP]]></document>
		<document><![CDATA[@nkav Nah, I'll skip dreaming and just keep joking about it thanks.]]></document>
		<document><![CDATA[Idly wondering if the US government is still under warranty.]]></document>
		<document><![CDATA[@internetofshit I like how your replies are currently exploring alternative meanings of your username.]]></document>
		<document><![CDATA[@spooky_girl Have to bring your own splashes at the pool. :-(]]></document>
		<document><![CDATA[@jamezpolley @TaniaWalker TUZ SHIRTS *grabby hands*]]></document>
		<document><![CDATA[(I don’t have a bath but I really really wish I did)]]></document>
		<document><![CDATA[Chunk of topside marinating in beer and spices. @stibbons marinating in cold bath.]]></document>
		<document><![CDATA[@jaimekristene Being able to look at a real dollar figure was great motivation for me. :)]]></document>
		<document><![CDATA[4 months ago I stopped drinking and started saving booze money. After donating to GX Aus, Outreachy and buying new… https://t.co/vK5evZy85r]]></document>
		<document><![CDATA[I'm just saying that sometimes an orbital sander is better than a soapy cloth.]]></document>
		<document><![CDATA[Bloke in the shop let me buy a meat pie and coffee for breakfast even though I wasn't wearing a high-vis shirt. #blessed]]></document>
		<document><![CDATA[*wibble*]]></document>
		<document><![CDATA[@benno37 Because choosing the right cover art for Abraham Lincoln: Vampire Hunter is definite more important than mopping the bathroom.]]></document>
		<document><![CDATA[@benno37 This is how I avoid trying to clean the house.]]></document>
		<document><![CDATA[Well yes, obviously I’m spending Friday night obsessively curating my media collection.]]></document>
		<document><![CDATA[@benno37 @slashr @penelly Well I for one don’t want to be there when that fight breaks out.]]></document>
		<document><![CDATA[@chrisjrn Only just left Kokiri Forest, hadn’t noticed much difference yet apart from needing to come back with a hook shot. Awesome. :D]]></document>
		<document><![CDATA[How can I tell which ones are the *real* alt-gov accounts?]]></document>
		<document><![CDATA[@chrisjrn I’ve been playing OoT every year or so since it first game out, but this is first time on master quest. Bizarro!]]></document>
		<document><![CDATA[Started playing Ocarina of Time on master quest mode. Having everything mirrored is much more disorienting than expected.]]></document>
		<document><![CDATA[tfw @PressSec’s password is the same as your luggage.]]></document>
		<document><![CDATA[@nerdi @techoglot If it was your hair filling out your TPS reports then there might be a problem.]]></document>
		<document><![CDATA[@lokified This guy sounds kind of amazing.]]></document>
		<document><![CDATA[@stibbons (it was a three line patch, and it was not fun)]]></document>
		<document><![CDATA[I’ve been working in a java shop for three years, but my team just expressed absolute horror that I might have written any in that time.]]></document>
		<document><![CDATA[@benetherington With. Although I guess it could also be for. https://t.co/HEgQUiK5Zn]]></document>
		<document><![CDATA[@benno37 I mean literally trawling using magnets. My youtube recs are weird. https://t.co/HEgQUiK5Zn]]></document>
		<document><![CDATA[Today I learned magnet fishing is apparently a thing.]]></document>
		<document><![CDATA[Today I am Cougher McCougherson.

*cough*]]></document>
		<document><![CDATA[@jaimekristene There’s a pretty solid chance that’ll happen anyway.]]></document>
		<document><![CDATA[How can I stop this Thursday feeling like a Saturday?]]></document>
		<document><![CDATA[@nerdi A slightly damp couch fort is also acceptable.]]></document>
		<document><![CDATA[@nerdi Drape it over a couple of chairs works for me. Maybe something on each chair seat to weigh it down.]]></document>
		<document><![CDATA[@NforNihilism That said, hooray for punching fucking Nazis though m]]></document>
		<document><![CDATA[@NforNihilism Same suit. Same Pepe. Same sign in the background. Same black hoodie.]]></document>
		<document><![CDATA[@NforNihilism I read a thing that said he got punched twice in the same day by the same puncher.]]></document>
		<document><![CDATA[Help none of my limbs are responding to instructions.]]></document>
		<document><![CDATA[Walked 12km from Faulconbridge to Springwood. Lovely, but not recommended after dealing with a cold the last couple of days. 😰]]></document>
		<document><![CDATA[@Ascii211 Blue. Always blue.]]></document>
		<document><![CDATA[@argumatronic @afcowie We don’t get many FP submissions, you should definitely consider writing one!]]></document>
		<document><![CDATA[Today was the worst timed cold ever. Really hope it's cleared up some by tomorrow.]]></document>
		<document><![CDATA[@benno37 Honestly, the fact that it just wasn't very good is also a significant factor.]]></document>
		<document><![CDATA[@benno37 @timl Might be a good way to take care of that one bone he hasn't broken, too.]]></document>
		<document><![CDATA[@MarcinS Gosh, why don't you just salt the earth while you're at it.]]></document>
		<document><![CDATA[@hexsteph Work paid for my Aeron, but I'd definitely buy my own if they hadn't.]]></document>
		<document><![CDATA[Dammit, body. Stop being sick.]]></document>
		<document><![CDATA[@MarcinS @Demios101 Reddit: not even once.]]></document>
		<document><![CDATA[*empties every kitchen cupboard looking for water bottle*
*two hours later finds water bottle in fridge. full of water*]]></document>
		<document><![CDATA[Just realised I think I have a use for trello. This is exciting!]]></document>
		<document><![CDATA[I want to bbq things but there is a cat sitting on me.]]></document>
		<document><![CDATA[Shots fired. https://t.co/W296YmTaFS]]></document>
		<document><![CDATA[@_dnch You can literally get letsencrypt running with a `curl | sudo sh` and you can’t complain about that without being a massive hypocrite]]></document>
		<document><![CDATA[@Brocklesnitch So basically you'd be doing a public service?]]></document>
		<document><![CDATA[Watching the rain radar with bated breath.]]></document>
		<document><![CDATA[@benno37 Mostly I’m just impressed the government came up with a way to make it *worse*.]]></document>
		<document><![CDATA[grumping around a little]]></document>
		<document><![CDATA[@demios101 I was flying in a wing with my little brother, he took that screenshot.]]></document>
		<document><![CDATA[This train is at optimal nap temperature.]]></document>
		<document><![CDATA[Look, sometimes you just crave a chiko roll, you know?]]></document>
		<document><![CDATA[@_dnch I think googling “nazi punch compilation” at work is about where I draw the line for today.]]></document>
		<document><![CDATA[@steve_evil @pjf I’ve seen somebody do `docker run | sudo bash`, but my brain is trying to shield me from it, can’t recall what it was now.]]></document>
		<document><![CDATA[@br3nda I want to turn my IoTuz in to a general homeassistant remote.]]></document>
		<document><![CDATA[Stocking up on Fisher space pens. I keep losing the little buggers.]]></document>
		<document><![CDATA[It's ok you guys I was only completely wrong about *most* of what's been getting my goat this month.]]></document>
		<document><![CDATA[@nfornihilism I’m pretty upset nobody seems to have shooped Pepe’s head on to him yet.]]></document>
		<document><![CDATA[It is 2017 and apparently we are having a serious discussion about the legitimacy of Nazism. Well… OK then.]]></document>
		<document><![CDATA[I tried watching the Spicer press briefing but it literally made my head hurt.]]></document>
	</documents>
</author>