<author lang="en">
	<documents>
		<document><![CDATA[@IcarFaem @claytonhickman Too late, Facebook EMU group has suffered a coup https://t.co/R5PKjIczI3]]></document>
		<document><![CDATA[We must keep "evil" out of the colony! https://t.co/6Bl8DUgncY]]></document>
		<document><![CDATA[@IcarFaem @claytonhickman I think I've only seen the '79 one, with Tom and John Cleese]]></document>
		<document><![CDATA[@stretchmonkey @OldRoberts953 @hellothisisivan that's a binge these days]]></document>
		<document><![CDATA[@IcarFaem @claytonhickman I keep telling them to put Michael Parkinson pics in their own album]]></document>
		<document><![CDATA[@grahamkw @claytonhickman is it true the Tardis seen in the title sequence has been replaced on some merchandise? https://t.co/1Xiz8Lv5Pf]]></document>
		<document><![CDATA[@StephenNDBB @claytonhickman ORAC: Villa weighs 70 kilos. And counting...]]></document>
		<document><![CDATA[@Gary_Gillatt @claytonhickman @trevorbaxendale tops up wine https://t.co/ckXOIXTOj2]]></document>
		<document><![CDATA[@claytonhickman @The_Cybermatt Troughton/Pertwee the Spoofless Years]]></document>
		<document><![CDATA[@claytonhickman Less cropped, higher rez! https://t.co/mcTv4RWfc1]]></document>
		<document><![CDATA[@claytonhickman sets up Facebook Emu Photograph Research Group]]></document>
		<document><![CDATA[That's 12:30 CAT - Central Alternative Time https://t.co/lOmR7Nikfv]]></document>
		<document><![CDATA[@claytonhickman @jonnymorris1973 @anghelides get_iplayer though is a terrible thing, and must never be used. #dawson #tw3 #hancock]]></document>
		<document><![CDATA[@claytonhickman @jonnymorris1973 @anghelides schools with access to the BBC Shakespeare archive get to watch this https://t.co/j4LFNekXoa]]></document>
		<document><![CDATA[@claytonhickman there's somebody at the oars!]]></document>
		<document><![CDATA[Move that chair... You see? Well, just think what this could do for the mining, processing, packaging ... of CHAIRS… https://t.co/aw8L7K3uyt]]></document>
		<document><![CDATA[Supporter of the current administration peacefully filming, is attacked by ally of so-called 'rebels'. What he look… https://t.co/mjRX9r6qU4]]></document>
		<document><![CDATA[@PaulVanezis @radiophonicwork @MarkAyresRWS Eocene what you did there]]></document>
		<document><![CDATA[@IcarFaem or Paul Putner. "Unlike you, professor, I no longer have the luxury of legs" https://t.co/mEAIjo50Xc]]></document>
		<document><![CDATA[@IcarFaem a la Farty Towels]]></document>
		<document><![CDATA[@IcarFaem Android Invasion, Terror of the Zygons. Is it a pub or a hotel in Battlefield?]]></document>
		<document><![CDATA[Bored with you now. Blocked. And email sent to Celestial Internal Affairs at the Capitol. Get your act together. https://t.co/5Q5bi52Y0X]]></document>
		<document><![CDATA[He's going to get this guy to admit to being Chris Bidmead and cry in a minute. #dotat]]></document>
		<document><![CDATA[@IcarFaem love a bit of Ewar Woowar]]></document>
		<document><![CDATA[@spankybackpack @OldRoberts953 like an irascible, senile, murdering Wizard of Oz, yes. :)]]></document>
		<document><![CDATA[@whoer_pete @42TODoomsday build, don't buy. #BESSIEvWHOMOBILE]]></document>
		<document><![CDATA[A source in the Department of Homeland Security (DHS) said Trump transition team members first met with a CVE task… https://t.co/mi9tatMvXN]]></document>
		<document><![CDATA[Trump's CVE to focus solely on Islamic extremism. "People of the universe, please attend carefully..." https://t.co/2UAyvG8zEn]]></document>
		<document><![CDATA[@OldRoberts953 @spankybackpack he lands it in the junkyard and kills the real I. M. Foreman (not necessarily at the same moment). Obvs.]]></document>
		<document><![CDATA[@42TODoomsday @KrynoidPodCast @BritishGQ ironically it reads like a letter the 12 year old Capaldi would have written to DWAS. IN CAPITALS.]]></document>
		<document><![CDATA[@BadWilf Under the Lake (specifically that half of the two parter). Genuinely spooky.]]></document>
		<document><![CDATA[@WhoSFX thank goodness, thought you'd missed something off his cv there for a minute]]></document>
		<document><![CDATA[@WhoSFX @ManningOfficial she handles it magnificently https://t.co/c62EOSOY5M]]></document>
		<document><![CDATA[Just came across this. Was "Doctor WhoFest" anything interesting? @edwardrussell? https://t.co/c870OPZvX4]]></document>
		<document><![CDATA[@misterphipps @The_Cybermatt @hellothisisivan I have a lot of time for Chris Jeffries and Tommy Laird]]></document>
		<document><![CDATA[Where do you think you are @WhoSFX? This is a scientific laboratory. Kindly keep your politics out of it. Come on,… https://t.co/rPc4W3228I]]></document>
		<document><![CDATA[The next #DoctorWho https://t.co/TaDWuAjOF9]]></document>
		<document><![CDATA[@grahamkw No thanks]]></document>
		<document><![CDATA[#PeterCapaldi to leave #DoctorWho - speculation is already mounting... https://t.co/fXFOKUlk9i]]></document>
		<document><![CDATA[@trevorbaxendale according to the man himself on Radio 2. Regeneration in the Xmas spesh]]></document>
		<document><![CDATA[@adriangreetham think you can only do if the tweet has a picture attached.]]></document>
		<document><![CDATA[@MiwkPublishing They show what befalls those who refuse to obey the orders by which the people of #Reigate must live.]]></document>
		<document><![CDATA[@MiwkPublishing SIL: Are they very disturbing, these videos you sell?]]></document>
		<document><![CDATA[@W15_DAN "You know @claytonhickman half the time you astound me." "Only half the time, dear boy? What's happened to your memory?"]]></document>
		<document><![CDATA["Disturbances?" 

"Yes.. Rebel national parks twitter accounts, petitions, nothing important you understand, but it… https://t.co/0mDit5Kfje]]></document>
		<document><![CDATA[@TobyHadoke "nail him to a tree!"]]></document>
		<document><![CDATA[@WhoSFX @trevorbaxendale @claytonhickman Madam, the Whomobile has 64 enormous spark plugs]]></document>
		<document><![CDATA[If there was a bomb tied to a baby timed to go off in an hour, would you ask my permission before you tortured the… https://t.co/oaZaOlqdqP]]></document>
		<document><![CDATA[@tSLateTackle I failed to recognise Maggie Philbin once. Or possibly many times.]]></document>
		<document><![CDATA[@themindrobber for those who would like to see the back of Bill already https://t.co/M8jevS7R6Y]]></document>
		<document><![CDATA["Lesterson? But he didn't open the capsule." "He said he didn't open the capsule, let's get our alternative facts s… https://t.co/Y0TvCfvlTt]]></document>
		<document><![CDATA[@hellothisisivan and that's just the wives]]></document>
		<document><![CDATA[The Doctor nervously entered the password which would open the capsule... n9y25ah7 https://t.co/82KHyi3m3s]]></document>
		<document><![CDATA[@jonnymorris1973 Human League 'Don't You Want Me', Moby 'Why Does My Heart...', Dandy Warhols 'Last Junkie...', Velvet Ugrnd 'Perfect Day']]></document>
		<document><![CDATA[Imagine a baby was tied to a timebomb, and we had 1 hour. Do I #torture the terrorist to find the baby or let it di… https://t.co/P34hntwnKq]]></document>
		<document><![CDATA[@KrynoidPodCast cannot unhear]]></document>
		<document><![CDATA[Some rogue scientist has tweeted reports about this space capsule. That's it, isn't it? It might be dangerous. It m… https://t.co/v721rl8SEN]]></document>
		<document><![CDATA[@SawbonesHex professor Stephen Hawking? #BigBangTheory]]></document>
		<document><![CDATA[I wonder why Earth has chosen to send an Examiner to Vulcan? Just now I mean. Is it due to the Governor's historica… https://t.co/QWmhLzhzNP]]></document>
		<document><![CDATA[@IcarFaem @memento_murray it's a newer usage for something self-referential. Assume they're using it wrong. ;)]]></document>
		<document><![CDATA[@IcarFaem @memento_murray meta, from the Greek 'with, after', metadata is (properly) data about data.]]></document>
		<document><![CDATA[Today, the amount of mercury in the atmosphere is higher than at any time in the last 650,000 years. #climate https://t.co/0Qb3wsGfD0]]></document>
		<document><![CDATA[Getting ahead of myself in my rewatch of #DoctorWho's Trumpton era, but had to dig this one out https://t.co/xHnkK35cWE]]></document>
		<document><![CDATA[@NicholasPegg @jonnymorris1973 or the bit about the computer prog which comes up with logical steps to back up whatever outcome you want...]]></document>
		<document><![CDATA[@NicholasPegg @jonnymorris1973 there's the bit about the electric monk Believing in things no matter what the facts are, that bit?]]></document>
		<document><![CDATA[This razor is changing the shaving industry.

Tap to learn more. https://t.co/sVbRDaoaxO]]></document>
		<document><![CDATA[#DoctorWho https://t.co/5J1gVbp4Jf]]></document>
		<document><![CDATA[Largest audience ever to witness an inauguration, period. #DoctorWho #SpicerFacts #SpicerPeriod https://t.co/ioHRd3P1cb]]></document>
		<document><![CDATA[#DoctorWho #PowerOfTheDaleks #Inauguration https://t.co/3Ir6gwEiyg]]></document>
		<document><![CDATA[#DoctorWho #churchillbust #churchill https://t.co/mY4pBhgtYu]]></document>
		<document><![CDATA[#DoctorWho #draintheswamp https://t.co/c2XR7zfZt3]]></document>
		<document><![CDATA[#DoctorWho #Inauguration https://t.co/kuhYlN8pr1]]></document>
		<document><![CDATA[@IcarFaem You mean this one? https://t.co/l6nFViAMCV]]></document>
		<document><![CDATA[@IcarFaem 20/20. Better with.]]></document>
		<document><![CDATA[@fireh9lly The Get Down? https://t.co/VgdHsZDxx3]]></document>
		<document><![CDATA[⚡️ “The Nth Prannet”

https://t.co/Z91Zh6ua0F]]></document>
		<document><![CDATA[#DoctorWho #Inauguration https://t.co/96467R6HpW]]></document>
		<document><![CDATA[#doctorwho #Inauguration https://t.co/bzKd6xmMKr]]></document>
		<document><![CDATA[#DoctorWho #Inauguration https://t.co/pbKDAKjw8a]]></document>
		<document><![CDATA[#DoctorWho #Inauguration https://t.co/IxKZrxsvSx]]></document>
		<document><![CDATA[#Inauguration #DoctorWho https://t.co/Sm7Rdyms7o]]></document>
		<document><![CDATA[0/10. Cast of this over-rated panto disrespectful! Very bad! @claytonhickman @MILTONSUBOTSKY @OldRoberts953… https://t.co/ww54LK0aj4]]></document>
		<document><![CDATA[@claytonhickman I'm sure I've seen something like that © @Andydrewz https://t.co/MsbxlDEvE9]]></document>
		<document><![CDATA[#courgettecrisis #doctorwho https://t.co/kcQpcs8Wum]]></document>
		<document><![CDATA[I've met that fake @GeoffreyBayldon, he's a complete Organon. #fake #BayldonGate #DoctorWho https://t.co/jC86i5uWhb]]></document>
		<document><![CDATA[@Andydrewz Truth And Reconciliation On Varos #ModerniseClassicDoctorWho]]></document>
		<document><![CDATA[@Andydrewz The Sub/Dominators #ModerniseClassicDoctorWho]]></document>
		<document><![CDATA[@Andydrewz #ModerniseClassicDoctorWho The MAGA Terror]]></document>
		<document><![CDATA[@Andydrewz #ModerniseClassicDoctorWho https://t.co/tP3ZIbn4MW]]></document>
		<document><![CDATA[Writing my inaugural address in the TARDIS  library while trying to escape the Time Lords. Looking forward to Frida… https://t.co/6CEz1MMkTE]]></document>
		<document><![CDATA[@PatrickMulkern @RadioTimes I believe you did, and thank you for doing so. Great to see a little piece of history]]></document>
		<document><![CDATA[@claytonhickman Dear @PatrickMulkern ... Best wishes, Patrick Trumpton https://t.co/ef6uVEggYN]]></document>
		<document><![CDATA[#junkyard #doctorwho https://t.co/sq5OQ4nhhE]]></document>
		<document><![CDATA[@chinnyhill10 @claytonhickman @CameronYardeJnr @LFBarfe some closings had the colour knocked back so far they were practically monochrone]]></document>
		<document><![CDATA[@GingertrevTrev @claytonhickman "she is a... tart!" #bread See also: "in... HONG KONG?!“]]></document>
		<document><![CDATA[@claytonhickman it has a definite whiff of pipe-cleaners about it]]></document>
		<document><![CDATA[@Babelcolour very nice! Liked the shot of @Markgatiss :)]]></document>
		<document><![CDATA[@MrsSteveMOBrien no smirking in the bogs O'Brien!]]></document>
		<document><![CDATA[@JoeV2689 @sophie_aldred it was plugged in and charging last time I was there @spacecentre https://t.co/94QoN3gbsQ]]></document>
		<document><![CDATA[@IcarFaem "As yet, it is all only a vision, a vision of family heritage urine and fun leisure amenity vomit."]]></document>
	</documents>
</author>