<author lang="en">
	<documents>
		<document><![CDATA[@Omearanz @rnz_news so much for the post-tpp #PivotToPutin]]></document>
		<document><![CDATA[@adzebill Youship will do it cheaper]]></document>
		<document><![CDATA[@jgmccl my word, that is quite an endorsement]]></document>
		<document><![CDATA[@jgmccl Partner going truly ape over Three-body Problem by Liu Cixin. Very China, very Cultural Revolution]]></document>
		<document><![CDATA[@RussellClarkNZ Suspect most unions would avoid AWUNZ site anyway. Good luck to bro - sometimes is tough to build union relationships]]></document>
		<document><![CDATA[@RussellClarkNZ for lots of reasons I'd always recommend solidarity with union on site. fwiw they used to be regarded as pretty feisty.]]></document>
		<document><![CDATA[@RussellClarkNZ Old school, still hanging in there. Some folks who work in concrete.]]></document>
		<document><![CDATA[@Mihi_Forbes kids today would love it if given the chance, a unique opp for real field trips. Sad support not there. Npbhs tried in my day]]></document>
		<document><![CDATA[@Mihi_Forbes I did a tour of Waitara battle sites in yr9 in '94. TeAtiawa k'matua included. Excellent fun, incredible stories]]></document>
		<document><![CDATA[@SamSachdevaNZ Twyford was a stuntman in a Front Lawn short film]]></document>
		<document><![CDATA[David Shearer leaves early, but somehow Labour Party lumbered with Cosgrove till the election? Fer gawds sake]]></document>
		<document><![CDATA[@TheSpinoffTV @huihoppa @DavidSlack @MorganGodfery @dbseymour @keith_ng @SEaqub bravo doodle there @milkshakebot]]></document>
		<document><![CDATA[The Labour List in the 2014 election ranked Michael Wood 31 places below Clayton Cosgrove.]]></document>
		<document><![CDATA[@lyndonhood presumably neem will have a disruptive effect]]></document>
		<document><![CDATA[@matthewjpb thought that was you. My mum too]]></document>
		<document><![CDATA[@actparty early election or it didn't happen]]></document>
		<document><![CDATA[@johnkeypm Remember when you stood alongside the families of the Pike River disaster? Good times.]]></document>
		<document><![CDATA[@JCE_PC Dave Mossop still had D7 when I was there; a treasure. Also in my day: reports of laziness]]></document>
		<document><![CDATA[@katieabradford If the go-slow Christchurch rebuild is the precedent, I'd expect traffic to resume on SH1 sometime around Key's 7th term]]></document>
		<document><![CDATA[Love Friedlander's Hotere: he fair melds with the blackness behind. A sad moment today https://t.co/qF6YRywFb8]]></document>
		<document><![CDATA[@beckeleven vale silver kitten, so pleased she had the best with you https://t.co/l50g4sOxmM]]></document>
		<document><![CDATA[@beckeleven that's so sad, such a naughty beautiful silver tabby]]></document>
		<document><![CDATA[@philquin @nzlabour @jonallendc Clinton -16 on under $30k compared to Obama, and you think there's nothing there? Batty.]]></document>
		<document><![CDATA[@Sportsfreakconz @ShaneWarne just when you think he chucked it way outside leg...]]></document>
		<document><![CDATA[The next US president literally campaigned on imprisoning Clinton - she now needs to flee the country]]></document>
		<document><![CDATA[@DavidSlack boy those evangelicals love to hate don't they?]]></document>
		<document><![CDATA[@nessthenoodle they're full of sand, around whatever NY hotel Clinton is in too]]></document>
		<document><![CDATA[@nessthenoodle prevent a vehicle with a bomb ramming the building]]></document>
		<document><![CDATA[@TaliaShadwell @tmurphyNZ Er! Hoping next female president is gay so this issue is unresolved for generations]]></document>
		<document><![CDATA[@TaliaShadwell @tmurphyNZ addressed by highest rank he has held]]></document>
		<document><![CDATA[@chrishipkins Bankruptcy appropriate for other debt, what distinguishes SL debt? It's peanuts. The $6billion tax evasion hole is -&gt; thataway]]></document>
		<document><![CDATA[@chrishipkins Banning SL bankruptcy? Monstrous. But is time to acknowledge that SL debt isn't proper debt]]></document>
		<document><![CDATA[@DylanReeve He's wrong, but US does import more than previously. Eg F35 program is international https://t.co/y908Fr7YED]]></document>
		<document><![CDATA[Sunday morning, demanding attention https://t.co/S1bZF25Hpj]]></document>
		<document><![CDATA[@billbennettnz Ascent have a few Adata available https://t.co/whrHzbM6Bl]]></document>
		<document><![CDATA[@adzebill @MxDEJ Of course Clayton Prosser here claims both ripped from a Hindu symbol adopted as a flag of Europea… https://t.co/i9BULH0zMy]]></document>
		<document><![CDATA[@MxDEJ @garethmorgannz I will support Red Peak double if the white stripe is replaced with a transparent layer]]></document>
		<document><![CDATA[Dear @metlinkwgtn, can we please allow boxed or bagged? 🐶😂 https://t.co/OyfFmN7rtQ]]></document>
		<document><![CDATA[@actparty Has the education undersecretary managed to reclaim the $1.3million farm bought by his failed charter school yet? Why not?]]></document>
		<document><![CDATA[@LachlanForsyth You'll get something great in a brown paper bag from Elite Bakery at 175 Victoria St. Previous medal winners]]></document>
		<document><![CDATA[@guywilliamsguy Clicked hoping it was dusting off the ole pilot uniform]]></document>
		<document><![CDATA[@ClintVSmith Also a key Parmjeet priority: local bustops. The new associate parliamentary undersecretary for local government!!???]]></document>
		<document><![CDATA[@klendool @paulabennettmp the ADE651 is $65000USD and totally exceeds current HNZ meth testing requirements https://t.co/op2iDnY3gZ]]></document>
		<document><![CDATA[BREAKING: @paulabennettmp announces Housing NZ investment in high tech "meth detectors" for testing state houses… https://t.co/63xjQv2Y0V]]></document>
		<document><![CDATA[@TheDailyShow FYI he has a twitter account -  @An_ActualDoctor]]></document>
		<document><![CDATA[@DuncanGarnerNZ keep the powder dry, if Parker is any good he'll have chance to fight here in much bigger bout than Ruiz]]></document>
		<document><![CDATA[@DuncanGarnerNZ 3rd rate boxing match mate for a 2nd rate title. Bob Jones is right this time]]></document>
		<document><![CDATA[@damianchristie only 1 broadcasting router? might be worth a thread on Geekzone]]></document>
		<document><![CDATA[@damianchristie mine struggled with 3rd party wifi extender on same SSID as main wifi. Separate  ssid for xtendr needed]]></document>
		<document><![CDATA[@AnaSamways They shit like cows. Lovable cows.]]></document>
		<document><![CDATA[@GarethMP @jamespeshaw @gnsscience @NZGreens Cool!]]></document>
		<document><![CDATA[@publicaddress Especially when the specific objection is that the blogger has been paid as a photographer. Batty!]]></document>
		<document><![CDATA[Poverty tourist has a great time

https://t.co/EC4tUpNyNv]]></document>
		<document><![CDATA[Shakes the Curia 8ball

"Outlook not so good" https://t.co/3LhtHGXg9S]]></document>
		<document><![CDATA[John Key optimistic there is still time for Donald Trump to say something rude about New Zealand]]></document>
		<document><![CDATA[Government announces funding for Joseph Parker title fight - on condition it is held in Serco-run prison]]></document>
		<document><![CDATA[@billbennettnz possibly, but more likely to be JDAMs used  against an unarmoured militia]]></document>
		<document><![CDATA[@billbennettnz Very nice Bill. With this decline its almost conceivable that in a decade the only thing MS will provide is Office.]]></document>
		<document><![CDATA[@spat106 also the same expression he gives when the hot &amp; spicy promotion finishes and it's back to the colonel's recipe]]></document>
		<document><![CDATA[Gavel in a fist? The story is not about an angry auctioneer. https://t.co/F0xbKhFojn]]></document>
		<document><![CDATA[@dbseymour @KeepingMum Remember that charter school that she was advised not to open? They bought a farm! Good times.]]></document>
		<document><![CDATA[@dbseymour @KeepingMum I think a school locking little kids in a closet is a disaster, but hey, YMMV]]></document>
		<document><![CDATA[Good to hear Weetbix doing well @NZMorningReport, maybe they can stop freeloading on the NZ public and start paying tax]]></document>
		<document><![CDATA[@LewSOS Has any party in NZ ever advocated for unlimited entry for any and all migrants?]]></document>
		<document><![CDATA[Plum    #ScaleBackaNZBook]]></document>
		<document><![CDATA[@HuttHutt our council is crying out for an SM presence - here's the link anyhow https://t.co/SJeUDG0Pi8]]></document>
		<document><![CDATA[@Campbell_Barry @nzlabour Very best of luck with your candidacy]]></document>
		<document><![CDATA[@LachlanForsyth straight outta t-sauce]]></document>
		<document><![CDATA[Sister's puppy is best friends with a cat https://t.co/NugcYdU9iQ]]></document>
		<document><![CDATA[@guywilliamsguy "piqued" your interest; the only thing that has "peaked" on that stage is Donnies' cocaine rush]]></document>
		<document><![CDATA[@SirWB who knew that sign waving at Kapiti/Hutt commuters driving into the city would yield so few votes?]]></document>
		<document><![CDATA[Good good... let the hate flow through you! https://t.co/EI9aTcVEDm]]></document>
		<document><![CDATA[@damianchristie and when you want to restrict the kid's computer use just take out the ball https://t.co/4JCpzkdano]]></document>
		<document><![CDATA[@secondzeit loo screw]]></document>
		<document><![CDATA[@actparty @dbseymour We could call our special club "The Cream of the Commonwealth". We rise to the top!]]></document>
		<document><![CDATA[@JeromeChandra Santa's spending this year in prison for home invasion. And if he does it again next Christmas, it'll be four to six.]]></document>
		<document><![CDATA[@SirWB "[no] communication regarding the cancellation, preparing for the 3rd Test as planned" https://t.co/qFmhYFWA7a]]></document>
		<document><![CDATA[@joshua_drummond Check distribution of Colin's kooky pamphlet - Herald et al say 1.6M, but you've put 1.9M? @TheSpinoffTV]]></document>
		<document><![CDATA[@MatthewHootonNZ That's no navy boat, that's an army vessel. Lols aside, the PLA surface ships are not nuclear capable.]]></document>
		<document><![CDATA[@Ellipsister Partner loved that book, author also has newsletter worth getting apparently]]></document>
		<document><![CDATA[@mattyglesias That's Paul Owen]]></document>
		<document><![CDATA[@TheACCnz Williamson still in isolation at hotel with virus, getting plenty of runs]]></document>
		<document><![CDATA[Sickening. @MPI_NZ has facilitated fish dumping for years, and repeatedly lied to cover it up #corrupt https://t.co/ixeyPfLtX2]]></document>
		<document><![CDATA[@dairymanNZ Up to $27 according to my partner who has left the anti-tobacco sector as of today]]></document>
		<document><![CDATA[@BLACKCAPS Kane Williamson struck down by viral illness? Poor bugger, get well soon #SteadyTheShit @TheACCnz]]></document>
		<document><![CDATA[@JohnJCampbell if you talk to Hinewehi Mohi 2nite, please ask if she can get a better video of Kotahitanga online. It's a taonga! #WhakaAue]]></document>
		<document><![CDATA[Jury in Colin Craig defamation trail relieved of belts, shoelaces https://t.co/JLNZeWPo27]]></document>
		<document><![CDATA[@keeweedoc @miriampierard exactly. Hence importance of peer review &amp; more study, not kneejerking]]></document>
		<document><![CDATA[@miriampierard @keeweedoc authors controlled for those factors]]></document>
		<document><![CDATA[A $750k inquiry into rumours about lolly scrambles represents terrific value @NzMorningReport, &amp; a high point in career of @MaungakiekieSAM]]></document>
		<document><![CDATA[@TraceyBarnett Looks same as what Bush wore in 04 - a device that allows her to be remotely controlled by Cheney https://t.co/a9zNFMioii]]></document>
		<document><![CDATA[@SteveBraunias Trump claims he called tax changes "big league" not "bigly". Personally I'm a bigly-truther https://t.co/RRFDtkeP1N]]></document>
		<document><![CDATA[Knowingly advertising a wrong price is a breach of the fair trading act! @NZComCom @CellCity_NZ @nessthenoodle]]></document>
		<document><![CDATA[@keith_ng @replyall @TheEconomist That sure is a tepid effort. An explanation of the AR without "cuckoldry"? Fo shame, their Pepe no rare]]></document>
		<document><![CDATA[@MattNippert @AndreAlessi Ah, twas only 2004 when claiming to be a "fundamentalist" engaged in "holy war" was OK! Was my interview btw]]></document>
		<document><![CDATA[Vindication for @patrickCrewdson - fan of Steve Taylor a decade before he took his act mainstream
https://t.co/2NosuvYSog]]></document>
		<document><![CDATA[.@taranakinews Did you genuinely publish a column advocating for people to ingest animal shit to increase "immunity"?]]></document>
		<document><![CDATA[@MetroMagNZ @thebumbleveee This is very good. That Alex Burton photo right there is something else https://t.co/Omal5sr87k]]></document>
		<document><![CDATA[@actparty The worthless make-work roles of Parliamentary Under-Secretary to the Ministers of Education and for Regulatory Reform]]></document>
		<document><![CDATA[iOS 10 - phone currently has 3 different message threads from a contact. Apple: can't software worth piss.]]></document>
	</documents>
</author>