<author lang="en">
	<documents>
		<document><![CDATA[Hi, I'm Ursula #actuallivingscientist researching how #penguins and other #wildlife best cope with us humans… https://t.co/BgxqTFkB2W]]></document>
		<document><![CDATA[@KermadecKaren @redkingcraw @NNZST @BirdLife_News @AUS_NZ_Seabirds @seabird_nerd @Seabirders sad #seabird # fisheri… https://t.co/hKYFlDk9dD]]></document>
		<document><![CDATA[@iMariaJohnsen great shot! Who took it?]]></document>
		<document><![CDATA[Love Tawaki way more as #NewZealand  elusive forest #penguins -  those #crazy woods have enough edges &amp; vertical le… https://t.co/g2zWmH46W5]]></document>
		<document><![CDATA[Congratulations @johngreen @hankgreen to celebrate we @TawakiProject named a penguin in your honour https://t.co/6gVemflHSK]]></document>
		<document><![CDATA[Lucky lighter not eaten by #seabirds but washed ashore &amp; made into #ocean #art @5gyres @OurOcean @Seabirders… https://t.co/wljoh1mH1q]]></document>
		<document><![CDATA[Better use for #MarineLitter found on an afternoon #stroll at Squeaky Beach #WilsonsProm @ParksVictoria… https://t.co/UlVvG0mbZ5]]></document>
		<document><![CDATA[5 Tips on How to Talk Climate Change This Holiday Season https://t.co/Di1kSV5ary]]></document>
		<document><![CDATA[@BiotopeOffice Thanks heaps! Looking forward to Christmas in January :)]]></document>
		<document><![CDATA[Good on you team RED! And now enjoy the well deserved break with your loved ones!! https://t.co/wpkIr9zi5D]]></document>
		<document><![CDATA[@BiotopeOffice Thanks heaps! Sure you want to send it all the way to Australia? With luck I'll come to Norway in 2017 &amp; could pick it up :)]]></document>
		<document><![CDATA[Thx @TawakiProject that's fantastic news! Glad Jr survived &amp; looks really great! Now we need to think of a name. An… https://t.co/m36ZZajcKR]]></document>
		<document><![CDATA[@LTUresearchers Thanks! Enjoyed writing blog! But why is poor Hank's chick cut off? He's such a survivor! @TawakiProject how is Hank now?]]></document>
		<document><![CDATA[It's a privilege working with #penguins @TawakiProject @pengchiara @PENGUINS_GPS @CavalloDelMare @loz_tk… https://t.co/dplyGsJRyw]]></document>
		<document><![CDATA[Thanks @kelvintrautman - calm before the storm. Rounded the Cape once during a full moon still like 'un vaso de lec… https://t.co/4GVZdF8snj]]></document>
		<document><![CDATA[Lucky @TawakiProject gets great support to study NZ's elusive forest penguins! Thanks to #DocNZ  @SouthernDisc… https://t.co/4NQi8VO8zT]]></document>
		<document><![CDATA[My favourite NZ dunny poem to brighten up a wet Wednesday @pengchiara @loz_tk @emrich0 @CavalloDelMare… https://t.co/gItcUndIMh]]></document>
		<document><![CDATA[@tseenster @latrobenews great outcome of our first #twitterconference @PhillipIslandNP #pisci1 https://t.co/wEzYlz8sTh]]></document>
		<document><![CDATA[@NewtonK_ @Lou_Gib sounds good. Enjoy owl hunting. Pretty silent night around these shores...]]></document>
		<document><![CDATA[@NewtonK_  @Lou_Gib yes, sounds like a little owl, where are you based? https://t.co/PWvW19MySS]]></document>
		<document><![CDATA[@danieltmiller1 @loz_tk maybe of interest? https://t.co/Uew9Rl28kI]]></document>
		<document><![CDATA[Thank you @fernhames that's what I needed! #inspiredbynature @emrich0 @loz_tk @TawakiProject @KermadecKaren… https://t.co/SVHmzsG2bv]]></document>
		<document><![CDATA[Risk: #climatechange &amp; earlier increase of SST may result in mismatch of timing of breeding &amp;  resource availabilit… https://t.co/ymiiQ7anlp]]></document>
		<document><![CDATA[@pengchiara @loz_tk communicating #climatechange # research has never been more important! Keep up the great work! https://t.co/4qKkdkBnlr]]></document>
		<document><![CDATA[@duncsuth great seeing you today! What a fantastic event! @danieltmiller1 you were missed :) Enjoy your respective beers!]]></document>
		<document><![CDATA[@rmcint16 fantastic stuff! W'd have loved to stay longer &amp; catch up properly! Looking forward to seeing you soon! A… https://t.co/iCDWWL8ZOj]]></document>
		<document><![CDATA[@pengchiara @CavalloDelMare #pisci1 thank you for "lifting my arm" to contribute to this fantastic event! Now back… https://t.co/iDz4NtCQIQ]]></document>
		<document><![CDATA[6/6 #PISCI1 check out our “twalks” 5, 8 &amp; 9 to hear about our projects @latrobe #LTUconsBiol and stay tuned to see… https://t.co/5QX83ap4ox]]></document>
		<document><![CDATA[5/6 #PISCI1 Dan @danieltmiller1 @latrobe correlates predator presence and behaviour with #vegetation structure… https://t.co/ePIYF4aTxz]]></document>
		<document><![CDATA[4/6 #PISCI1 Jacob @latrobe analyses ammonia concentrations in nesting burrows in relation to ambient temperature… https://t.co/gCj2n8hvEo]]></document>
		<document><![CDATA[3/6 #PISCI1 Lauren @loz_tk @latrobe quantifies little #penguin thermoregulatory capabilities in the face of… https://t.co/yNFU0dqAcJ]]></document>
		<document><![CDATA[2/6 #PISCI1 Emily @emrich0 @latrobe uses wireless techno @JandsPtyLtd @Shure to quantify #HumanDisturbance effects… https://t.co/3AOMUVS381]]></document>
		<document><![CDATA[1/6 #PISCI1 In collaboration with @PhillipIslandNP we @latrobe #LTUconsBiol strive to provide good data informing… https://t.co/0VGqzfS2HV]]></document>
		<document><![CDATA[@DrMeaganDewar #pisci1 any ideas why? https://t.co/HTwBJPSSEY]]></document>
		<document><![CDATA[@PaulaWasiak hope these favourable conditions remain in the face of #climatechange !! https://t.co/11IWSyWqMS]]></document>
		<document><![CDATA[Humans and other wildlife need a healthy planet to live in peace. Why do we keep voting against our own best intere… https://t.co/oLjBFSxwRl]]></document>
		<document><![CDATA[It takes guts &amp; hard work to be an optimist in this world -  but you, I, we all can do it! #conservationoptimism… https://t.co/RZgZ6iY7ls]]></document>
		<document><![CDATA[Let's hope over the next 35 years we'll grow wiser &amp; make the Ross Sea a permanent #MPA! #oceanoptimism https://t.co/zEqCSUtAN2]]></document>
		<document><![CDATA[@tseenster @latrobenews great blog on why scientists should blog -  maybe this fits into "academic writing" Novembe… https://t.co/TG7EgEk9or]]></document>
		<document><![CDATA[@JakeOsborne @inexpectata -  Sounds familiar :) thanks for looking after #WhenuaHou @TawakiProject @houi… https://t.co/Rs6aUcVnbC]]></document>
		<document><![CDATA[@BirdLifeEurope @BirdLife_News Not all #aliens are invasive - the truth is out there... https://t.co/jUSyDdFzSc]]></document>
		<document><![CDATA[Poor #penguins just 58 votes! Why not give Tawaki your support? @TawakiProject @PENGUINS_GPS @PenguinCorner @houi… https://t.co/Ngd5ltnCSy]]></document>
		<document><![CDATA[Has hope become the most endangered species in conservation? https://t.co/R81LYMo1xa]]></document>
		<document><![CDATA[A handful of Tawaki chicks survive after stoat attacks. With luck they'll make it! @TawakiProject @SCBOceania @Houi https://t.co/NSPRI9oZlL]]></document>
		<document><![CDATA[Hi Milford Team! On our way to guard the West Coast: First stoat down I heard :) @TawakiProject @PENGUINS_GPS @Houi https://t.co/NhS99jvDtI]]></document>
		<document><![CDATA[On our way North finally,  go good'ol Eric! Quite some ride ahead of us still @TawakiProject @Houi @PENGUINS_GPS https://t.co/yUGev4a5Gg]]></document>
		<document><![CDATA[At the Zoo Café waiting for our West Coast ride following 2 very successful weeks on Codfish Is @TawakiProject @houi https://t.co/udhAGjTuXY]]></document>
		<document><![CDATA[@tawakiproject waiting for fog to clear to fly over to Whenua Hou, little beach left to land. Fingers crossed! https://t.co/RzYXgQvCFG]]></document>
		<document><![CDATA[The 8 million Americans abroad could stop Trump. This tool can make sure they all vote! Share and RT
 https://t.co/WjXGuvmzE7]]></document>
		<document><![CDATA[@NathanJBennett thanks for your RT! Sad to see how NZ keeps neglecting conservation goals over the last few years. https://t.co/FnZvGfvYwv]]></document>
		<document><![CDATA[NZ Gov refuses to support international marine protection motion @saverygo @inexpectata https://t.co/yhkhrq7oCa https://t.co/KP6x8gtK1a]]></document>
		<document><![CDATA[@GotoNewZealand @johnkeypm @IUCN @PopiBorboroglu @RhinoGoddess @KermadecKaren What's wrong with New Zealand? https://t.co/I58mXwzz69]]></document>
		<document><![CDATA[@GotoNewZealand @johnkeypm @IUCN #IPC9 international delegates surprised by lack of commitment to #MPAs in #NZ https://t.co/SmH5sP9bCF']]></document>
		<document><![CDATA[@PopiBorboroglu @RhinoGoddess  @LizSlooten @KermadecKaren @IUCN When will NZ live up to its responsibilities? https://t.co/hH04qpKvkr]]></document>
		<document><![CDATA[Beautiful! @inexpectata 22Sept-5Oct we'll be studying penguins @TawakiProject on Whenua Hou. Will you be around? https://t.co/BiTcW9LgEl]]></document>
		<document><![CDATA[Davis: New vagrant penguin species identified in Cape Town #IPC9 @pengchiara @TawakiProject https://t.co/Uy6gFfsWwP]]></document>
		<document><![CDATA[A long way can only be covered with many little steps #IUCN #determination @IUCN @SCBOceania @OceanOptimism https://t.co/ikqs0EuDYK]]></document>
		<document><![CDATA[Dann: Penguin tourism generates $1.4 billion annually! #IPC9 @IUCN Benefits for penguins? https://t.co/E5TPfSrIon]]></document>
		<document><![CDATA[@OceaNikk_1 we'll be loosing Otago Peninsula YEPs unless we reduce human impacts to increase population resilience! https://t.co/zRupMxAcXY]]></document>
		<document><![CDATA[@TawakiProject while others had fun climbing up cloudless Table Mtn! May our efforts advance conservation efforts!! https://t.co/IsYi0EN8p0]]></document>
		<document><![CDATA[@DrMeaganDewar thanks for having us @vviblanc @#IPCW2 enjoyed the great energy even be4 the start of the #IPC9 :) https://t.co/imdyLoCg7k]]></document>
		<document><![CDATA[Like your attitude @BiodiversityGuy @EcologySteve bet the "burden" has increased heaps over the last few hours ;) https://t.co/WTrQZMhdFH]]></document>
		<document><![CDATA[When being asked if he believes in #climatechange @neiltyson usually answers 'Do you believe in gravity?' https://t.co/CpoYNKcFXP]]></document>
		<document><![CDATA[Thanks heaps @EDFOceans. Hope we'll be smart enough to make the right choice &amp; think and plan longer term! https://t.co/LaNvf9p5qm]]></document>
		<document><![CDATA[Wow, Phil @sheppywildlife, epic pics! How long did the Buzzard persist before giving up? https://t.co/ZfShrQsFUO]]></document>
		<document><![CDATA[Thank you @freydisvigfus have fond memories of watching #Arctic fox families around seabird colonies in #Svalbard https://t.co/BnCv6PnZNx]]></document>
		<document><![CDATA[Greenland #sharks don't start mating until they are 156 years, give or take 120 years I hope? #science #conservation https://t.co/tZ5tRYbPOA]]></document>
		<document><![CDATA[@brave_space @WWFCanada fantastic! Any chance you'll be at the #IPC9 in Cape Town this Sept? Would be great to have your skills!]]></document>
		<document><![CDATA[There’s a good reason Americans are horrible at science https://t.co/HtALHDLcCr via @qz]]></document>
		<document><![CDATA[Deep in the heart of Denali, ode to an aviation pioneer https://t.co/ntoPQHdq6w]]></document>
		<document><![CDATA[Davetatambu: World's oldest marine reserve respected many 1000 yrs #LMMA builds on traditional knowledge #SCBO2016 https://t.co/ip8sWcpVmy]]></document>
		<document><![CDATA[Jin: POP pollution an overlooked problem? 100% red knots collected dead in #YellowSea contained DDE #SCBO2016 https://t.co/TNIazOUqD5]]></document>
		<document><![CDATA[Drijfhout: Sentiment Analysis on the rise, great new tool to inform conservation management? #SCBO2016 @davekendal https://t.co/VPjYE1RSXB]]></document>
		<document><![CDATA[@bec_colvin same! 😃 keen to learn more about the book you mentioned]]></document>
		<document><![CDATA[@stigner: habitat loss &amp; disturbance impact migratory shorebirds &gt; our beaches have gone to the dogs #SCBO2016 https://t.co/SThBiSBY5S]]></document>
		<document><![CDATA[Szabo: It's not easy to survive as a migratory bird in the #EastAsian-Australasian flyway #SCBO2016 @SCBOceania  https://t.co/LMAzhvHF09]]></document>
		<document><![CDATA[Kadavu Is #Fiji success: trad #MPA tapu areas increase from 12-19% with community involvement #SCBO2016 @SCBOceania https://t.co/3irkM9BBAO]]></document>
		<document><![CDATA[Anderson-Lederer: Introduced fish species protected in NZ but no native fish! 100%pure? #SCBO2016 @Forest_and_Bird https://t.co/K25EpKMYkI]]></document>
		<document><![CDATA[Anderson-Lederer: 90% of NZ lowland freshwater is not safe to swim in! 100% pure? #SCBO2016 @SCBOceania https://t.co/CidqKdo5tD]]></document>
		<document><![CDATA[Evans: Deforestation in Queensland has increased dramatically over the last few years #SCBO2016 @SCBOceania https://t.co/mbGvRlsk5h]]></document>
		<document><![CDATA[Australia is now a global hotspot for land clearing. I support a call for stronger laws to #ProtectHabitat!  https://t.co/8EHvAF8IDA]]></document>
		<document><![CDATA[I just supported Protect Australian Habitats on @ThunderclapIt // @saverygo https://t.co/0t0dt36mnT]]></document>
		<document><![CDATA[@TawakiProject proof of brilliant communication ability at the end of a long day 😉]]></document>
		<document><![CDATA[Valentine: Novel resource use by cockatoos, they love Catholic cemeteries for water in summer #SCBO2016 @SCBOceania https://t.co/akZSJ7x4oM]]></document>
		<document><![CDATA[Mata: Brown butterfly = arrival of spring! Great candidate for rewilding cities? @SCBOceania @SCBOceania https://t.co/7LHJmvUVRB]]></document>
		<document><![CDATA[Hahs: Structural complexity crucial 4 biodiversity, but can impede speed of play on golf courses &gt; requires good communication #SCBO2016]]></document>
		<document><![CDATA[Kendal: Nature is important to people for different reasons, we need to respect this &amp; work together #SCBO2016 @SCBOceania @davekendal]]></document>
		<document><![CDATA[Borelle: #Plastic #pollution huge &amp; increasing problem we need to address now &amp; together! #SCBO2016 @SCBOceania https://t.co/2eC3HIPFGy]]></document>
		<document><![CDATA[Frazer: MPA management complex, but no overarching national policy in Australia #SCBO2016 @SCBOceania https://t.co/A3WsjeK09q]]></document>
		<document><![CDATA[Avery-Gomm: 70% decline in seabird abundance - here's where they struggle most #SCBO2016 @SCBOceania @saverygo https://t.co/7osr2uN8M2]]></document>
		<document><![CDATA[Scarlet honeyeater &amp; spectacled monarch @Rainbow Forest, great way to start the day #SCBO2016 @SCBOceania https://t.co/ey8kBblikP]]></document>
		<document><![CDATA[Skewes: Human well-being will be impacted by climate change &gt; pollution &amp; habitat loss need to be reduced #SCBO2016 https://t.co/1GdEfp2BiM]]></document>
		<document><![CDATA[Skewes: LMMA hugely effective. All the more reason to keep them going #SCBO2016 https://t.co/BA757VUum9]]></document>
		<document><![CDATA[Murray: &gt;60% #Tidal flats lost in Yellow Sea over last 50 years - disappearing faster than rainforests #SCBO2016 https://t.co/TSxQg4v4Q0]]></document>
		<document><![CDATA[Calvin: Social identity matters, how can we improve communication? #SCBO2016 @TawakiProject @Forest_and_Bird https://t.co/zsxgCY5fFX]]></document>
		<document><![CDATA[Navigating social conflict to achieve conservation success #SCBO2016 @TawakiProject @Forest_and_Bird https://t.co/vKXMDfDBNg]]></document>
		<document><![CDATA[@nudibranch31 @PetrelsInPeril clearly Chris in his summer plumage. Wish I was there &amp; not marking exams :)]]></document>
		<document><![CDATA[Really?!! @KermadecKaren @Forest_and_Bird @DOCTSAmbassador @LizSlooten @AlisonBallance @redkingcraw - scary stuff! https://t.co/b43hC4VNfY]]></document>
		<document><![CDATA[@paulbirder thanks for reminding me of my times on the Snares Islands - fond memories - today more involved with Fiordlands @TawakiProject]]></document>
		<document><![CDATA[Well some eat even the real ones. We prefer fishing 4 penguins @TawakiProject  @iflscience
https://t.co/W3OpZdaw6L https://t.co/3JuOErpKNz]]></document>
	</documents>
</author>