<author lang="en">
	<documents>
		<document><![CDATA[{NEW} Chocolate Hazelnut Chia Pudding is on the blog today
.
You guys, this pudding  . . .… https://t.co/FAeXdkOkJR]]></document>
		<document><![CDATA[{NEW} Chocolate Hazelnut Chia Pudding is on the blog today

You guys, this pudding  . . . insert all of the loved... https://t.co/Sf0upLQQvG]]></document>
		<document><![CDATA[Just a try and act like you didn't see it coming 😂😂😂

You know where there's deadlifts there's NOSHU foods donuts... https://t.co/C58JH6pCAI]]></document>
		<document><![CDATA[Just a try and act like you didn't see it coming 😂😂😂
.
.
You know where there's deadlifts… https://t.co/wgx6x70X6I]]></document>
		<document><![CDATA[Happiness is a quiet gym with an empty work space complete with a full set of neatly stacked weight plates,... https://t.co/PuRlCrwUSx]]></document>
		<document><![CDATA[Happiness is a quiet gym with an empty workspace complete with a full set of neatly stacked… https://t.co/o4QXOejAIz]]></document>
		<document><![CDATA[Happy Hump day 💃🏻🎉❤
.
.
Say hello to my deliciously simple, seriously satisfying, quick and… https://t.co/X6bowpv2zM]]></document>
		<document><![CDATA[Happy Hump day 💃🏻🎉❤

Say hello to my deliciously simple, seriously satisfying, quick and easy, oh so happy, hump... https://t.co/ivLD6B3VAb]]></document>
		<document><![CDATA[But seriously, you guys.... this pretty much sums up the last 2 weeks for me!

Although it's not from lack of... https://t.co/8eeldXBBHg]]></document>
		<document><![CDATA[But seriously, you guys.... this pretty much sums up the last 2 weeks for me!
.
.
Although it's… https://t.co/M9VeMoFVlq]]></document>
		<document><![CDATA[So, remember yesterday when I shared my spicy peanutty raw rainbow lettuce wraps as a little meatfree Monday... https://t.co/z3ynsRIm4l]]></document>
		<document><![CDATA[So remember yesterday when I shared my spicy peanutty raw rainbow lettuce wraps as a little… https://t.co/MwnSFay2kV]]></document>
		<document><![CDATA[So remember yesterday when I shared my spicy peanutty raw rainbow lettuce wraps as a little… https://t.co/EFYLRmcEDN]]></document>
		<document><![CDATA[Year ✌🏻 here we come ... https://t.co/JQcTE3b4Td]]></document>
		<document><![CDATA[Year ✌🏻 here we come ...
.
. https://t.co/TqoRNh7x2M]]></document>
		<document><![CDATA[Meat free Monday dinner inspo goes to my spicy, peanutty, raw rainbow lettuce wraps 😍❤👌🏻
.
They… https://t.co/NquCPBqEMp]]></document>
		<document><![CDATA[Just checking in with a little Monday Motivation....

Here's to a fresh start, a brand new week, another... https://t.co/AfPTGZZLCK]]></document>
		<document><![CDATA[Just checking in with a little Monday Motivation.... 
.
.
Here's to a fresh start, a brand new… https://t.co/LlgfklbAER]]></document>
		<document><![CDATA[Sunday's are for self care and seriously tasty snacks and I'm seriously craving one (or 2) of… https://t.co/BVdDgWxADc]]></document>
		<document><![CDATA[Seriously craving one (or 2) of these lemon and blueberry energy bites! 🍋🍇✨

These babies are all natural made... https://t.co/Gj62JDXDE5]]></document>
		<document><![CDATA[And a little trim for me too 💁🏻
.
. https://t.co/PiPVRn9vnr]]></document>
		<document><![CDATA[Back to school haircut, in progress 💇🏻💇🏻💇🏻
.
. https://t.co/N8Lp8dpJvs]]></document>
		<document><![CDATA[Yeesssssssss  ❤☕️🙌🏻
.
.
#coffee https://t.co/MTOD4t1jsP]]></document>
		<document><![CDATA[This though . . . 👇🏻❤🙌🏻
.
Can we all just start do this a little more?!
.
Not just because it's… https://t.co/y5MN0WpLgD]]></document>
		<document><![CDATA[This though . . . 👇🏻❤🙌🏻

Can we all just start do this a little more?!

Not just because it's self-care Sunday,... https://t.co/ev6phpKMN8]]></document>
		<document><![CDATA[You guys, this salad = life! 🥗🥓🥑🍇🌰😋❤🙌🏻
.
In the mix we have -
.
🍗 Homemade BBQ chicken (which is… https://t.co/7ri7RvkEvU]]></document>
		<document><![CDATA[You guys, this salad = life! 🥗🥓🥑🍇🌰😋❤🙌🏻

In the mix we have -

🍗 Homemade BBQ chicken (which is simply chicken... https://t.co/SEgyIAJkhq]]></document>
		<document><![CDATA[V-day recipe testing 🍫✨🌰🍦👌🏻

Care to take a guess at what we'll be making?! 🤔🤔🤔

A brand new, deliciously simple,... https://t.co/VqyajWsHrF]]></document>
		<document><![CDATA[V-day recipe testing  🍫✨🌰🍦👌🏻
.
.
Care to take a guess at what we'll be making?! 🤔🤔🤔
.
.
A brand… https://t.co/pgsRnGtpRt]]></document>
		<document><![CDATA[You guys know how hard I've been working to build me some more muscle so it's no surprise how ridiculously... https://t.co/GXBBh28Ffy]]></document>
		<document><![CDATA[You guys know how hard I've been working to build me some more muscle so it's no surprise how… https://t.co/RJ6inipa71]]></document>
		<document><![CDATA[If you're looking for a little Chinese New Year dinner inspo then look no further friend, these… https://t.co/ZfhVDgxu8t]]></document>
		<document><![CDATA[Care to join me for a little afternoon pick me up?
.
Today I'm making a creamy, dreamy Banana… https://t.co/Pf915nL0V1]]></document>
		<document><![CDATA[Care to join me for a little afternoon pick me up?

Today I'm making a creamy, dreamy Banana Buzz Smoothie 🍌🍯... https://t.co/hrESn0alCW]]></document>
		<document><![CDATA[WOD - because my Fri-Yay isn't complete without the following;
.
1️⃣- Donuts 🍩
.
2️⃣- Deadlifts… https://t.co/TG5MrrS9ga]]></document>
		<document><![CDATA[WOD - because my Fri-Yay isn't complete without the following;

1️⃣- Donuts 🍩

2️⃣- Deadlifts 🍑 

&amp;

3️⃣- Sharing... https://t.co/N98L2cCEpu]]></document>
		<document><![CDATA[It has been quite a week over here! 

Technology got me all 😖😤🙄

But, instead of getting all stressed and upset... https://t.co/T71roFqmAD]]></document>
		<document><![CDATA[It has been quite a week over here! 
.
.
Technology got me all 😖😤🙄
.
.
But, instead of getting… https://t.co/WBr8dTyGc3]]></document>
		<document><![CDATA[Celebrating Australia day with a big ol' Aussie beef burger! 🇦🇺🎉💙🍔
.
Tonight we have -
.
🍔… https://t.co/lytlgIW6U3]]></document>
		<document><![CDATA[Celebrating Australia day with a big ol' Aussie beef burger! 🇦🇺🎉💙🍔

Tonight we have -

🍔 Bun-less burgers (recipe... https://t.co/qG3c9KJ1kD]]></document>
		<document><![CDATA[How cute is this!
.
Little man helping his mama get ready for Australia day making my healthy,… https://t.co/kmtNVF1Arp]]></document>
		<document><![CDATA[How cute is this!

Little man helping his mama get ready for Australia day making my healthy, homemade lamington... https://t.co/54ku7qFMjA]]></document>
		<document><![CDATA[Current views . . . 😤😤😤
.
For the last 2 days I have been unable to login and access my site… https://t.co/chEg5UlyU7]]></document>
		<document><![CDATA[Current views . . . 😤😤😤

For the last 2 days I have been unable to login and access my site which means I am... https://t.co/osrDwSrYqT]]></document>
		<document><![CDATA[Seriously craving these deliciously simple, crisp and crunchy, healthy, homemade oven baked beet… https://t.co/7CstVPzXO4]]></document>
		<document><![CDATA[Seriously craving these deliciously simple, crisp and crunchy, healthy, homemade oven baked beet chips!!!! 😍😍😍... https://t.co/hziQuzGQDE]]></document>
		<document><![CDATA[Yassssssss  🎉☕️❤🙌🏻 💃🏻
.
.
#realfood #reallife #natural #treat #fitfam #chooseu  #moderation365… https://t.co/t9eJETLlHP]]></document>
		<document><![CDATA[{NEW} Roasted Almond and Jalapeno' Pesto is on the blog today 🌰🌶🍃
.
And all natural, quick and… https://t.co/X33IguEpR7]]></document>
		<document><![CDATA[{NEW} Roasted Almond and Jalapeno' Pesto is on the blog today 🌰🌶🍃

And all natural, quick and easy, light, fresh,... https://t.co/NV4nNHijNf]]></document>
		<document><![CDATA[Behold my first ever sushi bowl and let me tell you it certainly won't be the last! 😋❤👌🏻
.
I am… https://t.co/RJDZoN63mh]]></document>
		<document><![CDATA[Behold my first ever sushi bowl and let me tell you it certainly won't be the last! 

I am officially in love!!!... https://t.co/WNWdvc9WXQ]]></document>
		<document><![CDATA[This was today's 20 minute, no equipment, total body WOD if you care to join me;
.
.
✳️4… https://t.co/U2xtBH773Z]]></document>
		<document><![CDATA[This was today's 20 minute, no equipment, total body WOD if you care to join me;

✳️4 body-weight exercises... https://t.co/YYlibdxGU7]]></document>
		<document><![CDATA[At last, at last it's time to eat!!! 😍❤️🙌🏻
.
You guys . . .
.
This dinner . . . even though I've… https://t.co/hv1C4qLBeE]]></document>
		<document><![CDATA[At last, at last it's time to eat!!! 😍❤️🙌🏻

You guys . . .

This dinner . . . even though I've had it a million... https://t.co/sSLJk3qFcW]]></document>
		<document><![CDATA[Just making a fresh match of my fave sesame crusted, smoky sweet potato burgers for our meatfree… https://t.co/UT0T1pV0mL]]></document>
		<document><![CDATA[Just checking in with a little Monday Motivation....

Here's to a fresh start, a brand new week, another... https://t.co/VaQg8ghl23]]></document>
		<document><![CDATA[Just checking in with a little Monday Motivation....
.
Here's to a fresh start, a brand new… https://t.co/FezBJd6vPS]]></document>
		<document><![CDATA[Because Sunday's are for self care and seriously tasty snacks! 🍿😍😋

As I settle in for some quality couch time,... https://t.co/KnkgjXCTb8]]></document>
		<document><![CDATA[Because Sunday's are for self care and seriously tasty snacks! 🍿😍😋
.
.
As I settle in for some… https://t.co/m0G91OCiPE]]></document>
		<document><![CDATA[Sunday's are for self-care and souvlaki?! I think yes! 😍❤️🤗
.
Here we have the deliciously… https://t.co/cS5JtRMIcQ]]></document>
		<document><![CDATA[Sunday's are for self-care and souvlaki?! I think yes! 😍❤️🤗

Here we have the deliciously simple, seriously... https://t.co/FAO0T6Ihvi]]></document>
		<document><![CDATA[Have you guys made a batch of my healthy, homemade lamington bliss bites yet?! 

@riadavid has and she gave them... https://t.co/5AE3W0PPWK]]></document>
		<document><![CDATA[Have you guys made a batch of my healthy, homemade lamington bliss bites yet?! 
.
.
@riadavid123… https://t.co/gVkYRGWa57]]></document>
		<document><![CDATA[With another "Self care Sunday" upon us I want to encourage you to take some out, to marvel at and celebrate the... https://t.co/RnZ1vKQi4A]]></document>
		<document><![CDATA[With another "Self care Sunday" upon us I want to encourage you to take some out, to marvel at… https://t.co/wTVKF2ltfU]]></document>
		<document><![CDATA[So about that roasted almond and jalapeno pesto I was telling you abut earlier . . . seriously… https://t.co/RXkPPLxC12]]></document>
		<document><![CDATA[So about that roasted almond and jalapeno pesto I was telling you abut earlier . . . seriously you guys, I cant... https://t.co/ZDKZv0wKyp]]></document>
		<document><![CDATA[WOD is a short, sharp 20 minute total body workout that requires nothing but your fine self and your can-do... https://t.co/KThBSsW1cx]]></document>
		<document><![CDATA[WOD is a short, sharp 20 minute total body workout that requires nothing but your fine self and… https://t.co/lTZfJXFViP]]></document>
		<document><![CDATA[Oh my word, you guys... I just made us the most amazing roasted almond and jalapeño pesto… https://t.co/c8A9d5XKvJ]]></document>
		<document><![CDATA[And now that the little lady is safely tucked away in bed it's time for mama to have a little dessert 😍❤️🙌🏻... https://t.co/iiUU84XOzX]]></document>
		<document><![CDATA[And now that the little lady is safely tucked away in bed it's time for mama to have a little… https://t.co/6Um0IwSNek]]></document>
		<document><![CDATA[When you've done your deadlifts, been caught out in a rain storm and you're Internet is out so… https://t.co/ScK5DxJcQh]]></document>
		<document><![CDATA[And now let's take a minute to drool over, I mean talk about this week's bonus smoothie recipe . . . . .

An all... https://t.co/RZwDn0x0HV]]></document>
		<document><![CDATA[{NEW} Fit Friday Fun - A 20 Minute - Booty Building - Lower Body Workout + A Secretly Healthy Grown Up Chocolate... https://t.co/VLwAsWJr4d]]></document>
		<document><![CDATA[And now let's take a minute to drool over, I mean talk about this week's bonus smoothie recipe .… https://t.co/W4zvEazgWz]]></document>
		<document><![CDATA[{NEW} Fit Friday Fun - A 20 Minute - Booty Building - Lower Body Workout + A Secretly Healthy… https://t.co/g36Dy4bie4]]></document>
		<document><![CDATA[Happy, happy Friday friends 🍍👑✨💛
.
.
. https://t.co/PFbcOUVQin]]></document>
		<document><![CDATA[Happy, happy Friday friends 🍍👑✨💛 https://t.co/qcCcQUpC2G]]></document>
		<document><![CDATA[Craving some deliciously simple, seriously nourishing comfort food today so I'm serving up one… https://t.co/4W209Lz2sM]]></document>
		<document><![CDATA[Craving some deliciously simple, seriously nourishing comfort food today so I'm serving up one of our family... https://t.co/qTNovBHY0u]]></document>
		<document><![CDATA[Recipe of the day goes to this little jar of heaven aka my deliciously simple, healthy, homemade… https://t.co/4eOVSZ6rgd]]></document>
		<document><![CDATA[Recipe of the day goes to this little jar of heaven aka - Chai Spiced Almond Butter 🍯✨💛

Deliciously golden,... https://t.co/dklWhvUXqq]]></document>
		<document><![CDATA[Current feels after re-testing tomorrow's fit Friday workout! 😂😂😂
.
FYI - tomorrow I'll be… https://t.co/9TUQwBqiI6]]></document>
		<document><![CDATA[Current feels after re-testing tomorrow's fit Friday workout! 😂😂😂

FYI - tomorrow I'll be sharing  a short, sharp... https://t.co/COviQBxgmf]]></document>
		<document><![CDATA[Time for a little afternoon pick me up...when it's to hot for regular coffee we serve it on ice baby! ☕️❄️❤️... https://t.co/8axviQG04j]]></document>
		<document><![CDATA[Time for a little afternoon pick me up...when it's to hot for regular coffee we serve it on ice… https://t.co/gInYrdgOyL]]></document>
		<document><![CDATA[If there's a better snack than a cold crisp gala apple dipped in a vat of nut butter than I've,… https://t.co/q8K00crwlw]]></document>
		<document><![CDATA[If there's a better snack than a cold crisp gala apple dipped in a vat of nut butter than I've, yet to find it.... https://t.co/eVTtcRGTfp]]></document>
		<document><![CDATA[{NEW} Healthy, No-Bake Lamington Bliss Bites are on the blog today;
.
.
You guys are going to… https://t.co/IncR2qUD5Z]]></document>
		<document><![CDATA[{NEW} Healthy, No-Bake Lamington Bliss Bites are on the blog today;

You guys are going to love these! ❤️❤️❤️... https://t.co/sWp5WEwQm9]]></document>
		<document><![CDATA[At last, at last it's time to eat!!! 🎉💃🏻🌮❤😍
.
You guys, this chipotle copycat chorizo chicken… https://t.co/VWRxncHYTw]]></document>
		<document><![CDATA[At last, at last it's time to eat!!! 🎉💃🏻🌮❤😍

You guys, this chipotle copycat chorizo chicken burrito bowl is... https://t.co/U6FZv3u1kX]]></document>
		<document><![CDATA[You guys know how much I love a good DIY - homemade spice mix right?!
.
Well just in case you… https://t.co/dgzgKgz9yY]]></document>
		<document><![CDATA[You guys know how much I love a good DIY - homemade spice mix right?!

Well just in case you didn't know, I do.... https://t.co/WdAiJY52Ec]]></document>
		<document><![CDATA[Tuesday thoughts 😬☕️✨
.
.
#thestruggleisreal  #reallife #fitfam #chooseu  #moderation365 #beYou… https://t.co/lLVaC3SU5M]]></document>
		<document><![CDATA[Tonight's deliciously simple, seriously flavorful, meat-free Monday dinner is brought to you (or… https://t.co/c1W3ooGJZf]]></document>
		<document><![CDATA[Tonight's deliciously simple, seriously flavorful, meat-free Monday dinner is brought to you (or should I say... https://t.co/zCuVE00U5v]]></document>
		<document><![CDATA[Are bliss/energy bites still a thing?

Please say they're still a thing?! 😬🙏🏻😬

Although, if I missed the memo... https://t.co/nv9BHqqbTB]]></document>
	</documents>
</author>