<author lang="en">
	<documents>
		<document><![CDATA[Healthy mind! https://t.co/goVvzpMXzn]]></document>
		<document><![CDATA[I Absolutely HATE IT WHEN PEOPLE TALK DOWN TO ME!!😡😡😡😡]]></document>
		<document><![CDATA[John R Wentworth https://t.co/SfVXLeMBKl]]></document>
		<document><![CDATA[Chelsea Espino looks like another one is scheduled! https://t.co/Jen9HJj5IV]]></document>
		<document><![CDATA[Exactly! https://t.co/d55OaL9Wex]]></document>
		<document><![CDATA[OH YES! This is a GOOD one!! https://t.co/WwM9PzkX55]]></document>
		<document><![CDATA[YES!!!! So so awesome!!!! https://t.co/gKDTjp3IyO]]></document>
		<document><![CDATA[So excited to be a part of this!! https://t.co/yIHlNXA4dS]]></document>
		<document><![CDATA[Grace Elizabeth Torres https://t.co/P58StmqWeB]]></document>
		<document><![CDATA[SO AWESOME! https://t.co/RSiCcoWlYN]]></document>
		<document><![CDATA[😱😱 If you're even 1% interested in what I do spare time, msg me. Just got off corporate call and we're releasing... https://t.co/qZHKxsdLIl]]></document>
		<document><![CDATA[Wow! This written piece is amazing!!! https://t.co/LqNnllLPTD]]></document>
		<document><![CDATA[10 Reasons Why Most Men Can't Handle A Strong Woman https://t.co/jdIncX6okp]]></document>
		<document><![CDATA[Well, here's my confessions! https://t.co/5gAP6bXfys]]></document>
		<document><![CDATA[What else are you gonna do while driving home from a volleyball tournament other than sing Vanilla Ice with the hubby!???]]></document>
		<document><![CDATA[John R Wentworth are you going to go? https://t.co/iPTpsZwInD]]></document>
		<document><![CDATA[John R Wentworth https://t.co/9Q0tKD8I1n]]></document>
		<document><![CDATA[WOW! What an amazing video!! https://t.co/hBCIjmCtCN]]></document>
		<document><![CDATA[The names are in: 55 people vying for Woodards’ council seat https://t.co/uk50QB2PUk]]></document>
		<document><![CDATA[John R Wentworth https://t.co/4yTF1oUI7C]]></document>
		<document><![CDATA[John R Wentworth this is open to men and women. I'm going, invite anyone you think is interested https://t.co/qmhIkcx379]]></document>
		<document><![CDATA[Anyone want to know what an Inbody actually is?? https://t.co/mYDRTDsAzq]]></document>
		<document><![CDATA[Josie Rajan-Vinod this is the AWESOME place! Clem Lafrades and her staff are awesome!! You have to check it out!:) https://t.co/qnGlK5FzfF]]></document>
		<document><![CDATA[John R Wentworth interesting thought after our conversation https://t.co/X1dbT3MLTP]]></document>
		<document><![CDATA[John R Wentworth this is SUCH a comment you would think about me. LOL https://t.co/1oC50PMrQD]]></document>
		<document><![CDATA[YES! Love this! https://t.co/7SPYvuSuH1]]></document>
		<document><![CDATA[John R Wentworth is this how you feel? https://t.co/hwwvinjFhU]]></document>
		<document><![CDATA[This is SO good https://t.co/zjgOS6Pg0y]]></document>
		<document><![CDATA[Marriage isn't for the faint of heart. It's not always pretty. That part about "for richer or poorer, in sickness... https://t.co/A3rjd4nqdA]]></document>
		<document><![CDATA[Yes! I'm living THROUGH my fear! https://t.co/lCfQa8ks7X]]></document>
		<document><![CDATA[YES!!! YES!!! YES!!!! This is what commitment and hard work look like! Love Ronda and completely admire her... https://t.co/LpFAj67yKF]]></document>
		<document><![CDATA[I don't care what anyone says Rousey is an amazing woman and I admire her hard work and drive to come back for another fight.]]></document>
		<document><![CDATA[HA! very true! https://t.co/xnYESBumb3]]></document>
		<document><![CDATA[Can't wait to see this fight! https://t.co/6KuruCYnVL]]></document>
		<document><![CDATA[Hey Facebook fam! I am in search of a studio or one bedroom apt or 1 bedroom in a home. Do you know anyone that... https://t.co/Y6WFX94wgg]]></document>
		<document><![CDATA[Booked Show Prep Coach appointment for 30min on 10:30pm - Wednesday, Jan 11, 2017 with Clem at Victory Get Fit Club. https://t.co/opUAtZM9Se]]></document>
		<document><![CDATA[Posted a review ★★★★★ on "Victory Get Fit Club". https://t.co/ks6k3j9RkO]]></document>
		<document><![CDATA["Self control is not a bondage, it is actually a tremendous freedom" - Joyce Meyer. It helps you to become what you really want to be. YES!]]></document>
		<document><![CDATA["Those that do not practice self control will always end up with nothing"- Joyce Meyer. SO SO TRUE]]></document>
		<document><![CDATA[Grace Elizabeth Torres Lauren Torres MERRY CHRISTMAS?! https://t.co/qd6O9PKrep]]></document>
		<document><![CDATA[So very true in so many different scenarios. https://t.co/JnJbw7alOV]]></document>
		<document><![CDATA[John R Wentworth this is really interesting.. https://t.co/bmLgeuL5RG]]></document>
		<document><![CDATA[YES! I'm on my way! https://t.co/5p6N8CSdn4]]></document>
		<document><![CDATA[Grace Elizabeth Torres Lauren Torres watch and share with your friends. https://t.co/3vCSRMdP4E]]></document>
		<document><![CDATA[Well, I can finally say that I did it. Not alone, of course. BUT I made it! 1 of 3 has MADE it out alive! lol.... https://t.co/Yv7ArlQUYa]]></document>
		<document><![CDATA[Public announcement: John Wentworth is AWESOME!]]></document>
		<document><![CDATA[Wow!! Such a wonderful perspective that applies to BOTH people that are in the marriage. https://t.co/ivFHjtSfgE]]></document>
		<document><![CDATA[IN ALL SERIOUSNESS, who on my Facebook has NEVER tried Nerium? Please comment below!]]></document>
		<document><![CDATA[I just have a very heavy heart today. 😢 https://t.co/1KtOOe4WCP]]></document>
		<document><![CDATA[Woohoo!! Yes!! Who wants to join?? Let me help you! https://t.co/oHvRtrvNdt]]></document>
		<document><![CDATA[Tacoma friends- PLEASE SHARE this for me! https://t.co/PIZM3rZVIL]]></document>
		<document><![CDATA[2106, Court G, Tacoma, WA 98405 (MLS # 1036267) - Becky Barrick | Tacoma Seattle Realtor https://t.co/BGRfVw8agK]]></document>
		<document><![CDATA[Grace Elizabeth Torres Lauren Torres John R Wentworth https://t.co/D6lnzWLYGj]]></document>
		<document><![CDATA[Well- here I go! Headed to my first posing class.. I've got A LOT to learn!]]></document>
		<document><![CDATA[John R Wentworth https://t.co/wE6CKg1AAI]]></document>
		<document><![CDATA[Rowena Forde!! https://t.co/fyIsrhEqYK]]></document>
		<document><![CDATA[Yup- Luna is definitely a sweet dog! https://t.co/73ddWxMy5r]]></document>
		<document><![CDATA[Having fun at trunk or treat!!! — feeling happy at Life Center Tacoma https://t.co/7TV9dmA6Ez]]></document>
		<document><![CDATA[This stuff is awesome! https://t.co/JP4AIVjMbI]]></document>
		<document><![CDATA[Jenn Lasky here is another organization that is doing AMAZING things in the community. Have you heard about them? https://t.co/oxTZaRF1C4]]></document>
		<document><![CDATA[Jenn Lasky this can get you started reading about her https://t.co/mAQoE3hTnQ]]></document>
		<document><![CDATA[Ok FB, who knows an affordable service person that can fix a Maytag dryer?]]></document>
		<document><![CDATA[Made a purchase at Victory Get Fit Club https://t.co/mlzFgYULly]]></document>
		<document><![CDATA[You know it's going to be a great day when you get your order of Pepper Spray AND laminated ID badges in your mailbox at work!!! Woohoo!!!!]]></document>
		<document><![CDATA[WOW!! This is awesome! https://t.co/8eYooQngnF]]></document>
		<document><![CDATA["Don't let other people's stupid mistakes ruin YOUR day or your life". -Joyce Meyer]]></document>
		<document><![CDATA[Well isn't that the truth?! https://t.co/M8RmR9TlHr]]></document>
		<document><![CDATA[Coloring a more complete picture of Klara Bowman, Tacoma’s ‘drunken teacher’ https://t.co/aRq7kF77SE]]></document>
		<document><![CDATA[Kathy Koster-Smith I am going to see how the weather is before I decide to leave Saturday morning- I don't want... https://t.co/zbYgEa6IRH]]></document>
		<document><![CDATA[Love this!! https://t.co/mSAs7yDjc0]]></document>
		<document><![CDATA[Getting the work done with the hubs!!! — feeling happy at Boeing Oxbow ctr. https://t.co/hUJnL4DV70]]></document>
		<document><![CDATA[HAMBURGER!!!!! That is all. — feeling hungry]]></document>
		<document><![CDATA[Serve 253 - Life Center https://t.co/3ypjpgwd8l]]></document>
		<document><![CDATA[LOVE this place! https://t.co/FG6RggRoCk]]></document>
		<document><![CDATA[Omg!! Grace Elizabeth Torres Lauren Torres https://t.co/YjpUxq8zjU]]></document>
		<document><![CDATA[Well, that's a wrap. I totally failed my quiz and I had no idea what I was doing on my assignment for this week.... https://t.co/pmVLBngiZz]]></document>
		<document><![CDATA[John R Wentworth https://t.co/JJ4elpWMXF]]></document>
		<document><![CDATA[John R Wentworth https://t.co/H7WnTCBjqG]]></document>
		<document><![CDATA[I am so grateful to the Lord for giving me clarification on situations that I am confused about. KNOWING in my... https://t.co/SZsaJDen9q]]></document>
		<document><![CDATA[I HATE ACCOUNTING. — feeling stressed]]></document>
		<document><![CDATA[ADULT KIDS... How well do you know your MOM? Copy, paste, and fill in the answers. 
Tag her to grade your... https://t.co/x0g4EJFBoz]]></document>
		<document><![CDATA[Yes, very true! https://t.co/aDyjIlGrnp]]></document>
		<document><![CDATA[Carly Huff is this what you and your hubby are going to? https://t.co/jzcojuTpq8]]></document>
		<document><![CDATA[Help!! Who speaks mandarin????? I need assistance ASAP]]></document>
		<document><![CDATA[LMAO!!!! This is the BEST!!!! https://t.co/A1qI5kxavI]]></document>
		<document><![CDATA[God is so good- 5 victims were able to be helped from this raid. I am so happy to be a part of this! https://t.co/3noEsXsOtH]]></document>
		<document><![CDATA[So very very true! https://t.co/PH9O76OJ8T]]></document>
		<document><![CDATA[John R Wentworth https://t.co/apVhYUVEzM]]></document>
		<document><![CDATA[Happy Saturday! I am SO grateful for today. I've spent all week trying to stay on task with everything that I am... https://t.co/WzfunlTRHg]]></document>
		<document><![CDATA[Tacoma’s newest high school centers on industrial design, art, engineering https://t.co/l1lLtjeHBY]]></document>
		<document><![CDATA[Advice from some old people https://t.co/QO4nzLGuBl]]></document>
		<document><![CDATA[Get a FREE $75 Ross Stores Coupon to celebrate 100th Anniversary! https://t.co/Vn2fJatrVA]]></document>
		<document><![CDATA[Such a fun night with these ladies!]]></document>
		<document><![CDATA[Tacoma friends! I am looking for a fantastic recommendation for housekeeper! Anybody come to mind? Thanks!!]]></document>
		<document><![CDATA[If you are out of state or couldn't make it in person take a moment to check this out!!! https://t.co/IVN8Sfpjvn]]></document>
		<document><![CDATA[I am trying to be positive, but this homework is killing me. 9 hours today. :( and I am still not done.. — feeling brain hurts]]></document>
		<document><![CDATA[“Never give up, never give in, and when the upper hand is ours, may we have the ability to handle the win with... https://t.co/6yN2O5q4ss]]></document>
		<document><![CDATA[SO EXCITED!! Had my second INBODY SCAN this morning with my awesome Coach Clem Lafrades!! I had fantastic... https://t.co/qWaXFzy31p]]></document>
		<document><![CDATA[FINALLY! John R Wentworth someone is standing up to them!! https://t.co/WFITY5ZR7N]]></document>
		<document><![CDATA[Happy Monday! Remember, it is your mindset that will keep you where you are OR take you to the next level. Be... https://t.co/xpP8aHOane]]></document>
	</documents>
</author>