<author lang="en">
	<documents>
		<document><![CDATA[@lyallmoloney hey man really diggin your music atm ✌🏻✌🏻✌🏻🔥🔥🔥]]></document>
		<document><![CDATA[This is mental #AusOpen #7TENNIS #aofinal #ausopenfinal #nadalvsfederer 😳😳😳]]></document>
		<document><![CDATA[@TKokkinakis foath]]></document>
		<document><![CDATA[This is getting intense #AusOpen #7TENNIS #aofinal #ausopenfinal #nadalvsfederer 😳😳😳]]></document>
		<document><![CDATA[@nick_murphy well said brother]]></document>
		<document><![CDATA[Plz make this happen I miss seeing the stars https://t.co/NoLGsLf7mk]]></document>
		<document><![CDATA[@alldaychubbyboy aw bless]]></document>
		<document><![CDATA[@cubsportmusic honestly so proud of you guys! Much love 💖☺️]]></document>
		<document><![CDATA[Deadest the aus music scene is honestly good rn #Hottest100 #triplejhottest100]]></document>
		<document><![CDATA[@nick_murphy loving 'no reason' so much!!! Such a tune!!!]]></document>
		<document><![CDATA[Idc what anybody says raisin toast is life]]></document>
		<document><![CDATA[But seriously how good would a @ShawnMendes  and @edsheeran collab be]]></document>
		<document><![CDATA[@EthanDolan this is so sweet e]]></document>
		<document><![CDATA[@WhatSoNot or @lyallmoloney]]></document>
		<document><![CDATA[@si_bonobo @nick_murphy so keen for this you have no idea!]]></document>
		<document><![CDATA[Don’t spend your life trying to find yourself, create it.]]></document>
		<document><![CDATA[2016 has been full of ups and downs but I'm grateful for everything + was lucky enough to finish on a high note with people I love #blessed]]></document>
		<document><![CDATA[Oh look another white boy who thinks he is Chris brown]]></document>
		<document><![CDATA[Have a mind that is open to everything and attatched to nothing]]></document>
		<document><![CDATA[@triplejplays @Drapht @hilltophoods this song has been stuck in my head all week!!!]]></document>
		<document><![CDATA[@joe_weller_ @YouTube fyeah]]></document>
		<document><![CDATA[@GraysonDolan it's the best]]></document>
		<document><![CDATA[@nick_murphy loving this evolution ✌🏻️✌🏻✌🏻]]></document>
		<document><![CDATA[@TyneJamesOrgan 'In My Arms' is an absolute banger ✌🏻️✌🏻✌🏻]]></document>
		<document><![CDATA[@alldaychubbyboy #realtalk cherry tomatoes are chat]]></document>
		<document><![CDATA[@triplejplays @hockeydadband it's lit 🔥🔥🔥]]></document>
		<document><![CDATA[@Harry_Styles we miss you]]></document>
		<document><![CDATA[@cubsportmusic @troyesivan omg plz make this happen!!!]]></document>
		<document><![CDATA[@BrennenTaylor hash browns are life]]></document>
		<document><![CDATA[@BrennenTaylor lol it was funny af you were just trying to make light of the situation like you said! Stay gold man you're incredible]]></document>
		<document><![CDATA[@GraysonDolan morning sunshine]]></document>
		<document><![CDATA[The only good thing to come out of this election is the top quality memes]]></document>
		<document><![CDATA[America is a joke enough said #fucktrump]]></document>
		<document><![CDATA[@nick_murphy what a banger]]></document>
		<document><![CDATA[@TyneJamesOrgan yeah the sticky]]></document>
		<document><![CDATA[@GraysonDolan this is cute]]></document>
		<document><![CDATA[@ShawnMendes wooooo 😄😄😄wish I was there though smh 🙁]]></document>
		<document><![CDATA[Be more concerned with your character than with your reputation.]]></document>
		<document><![CDATA[@EthanDolan don't be so hard on yourself man]]></document>
		<document><![CDATA[@cubsportmusic you guys are killin it 👊🏻 this is our vice is bomb af 🔥🔥]]></document>
		<document><![CDATA[Rather shape my soul than furnish it 🍃✌🏻️]]></document>
		<document><![CDATA[#SMALLZYSHOWMEMERCY  help a brother out dude -Isabella, NSW]]></document>
		<document><![CDATA[#SMALLZYSHOWMEMERCY  Isabella NSW]]></document>
		<document><![CDATA[@anotherjuarez @BrennenTaylor most likely cal and ash ☺️]]></document>
		<document><![CDATA[@BrennenTaylor it started from nothing I had no chance to prepare]]></document>
		<document><![CDATA[Shoutout to the sweet girl that just complimented my highlight ✌🏻️✌🏻☺️☺️ you made my day !!!]]></document>
		<document><![CDATA[@Arzaylea saw ur insta photo and u looked bomb af don't worry bout some girls being salty. I'm from Sydney &amp; I get what u talking bout girl]]></document>
		<document><![CDATA[@EthanDolan love your positivity man keep it up ✌🏻️]]></document>
		<document><![CDATA[@NiallOfficial what's in stall for you in the next couple of months nialler??? Summer in Sydney maybe? Xx]]></document>
		<document><![CDATA[@5sos still waiting for a studio version of over and over]]></document>
		<document><![CDATA[@joe_weller_  is deadset the best youtuber out]]></document>
		<document><![CDATA[@Jack_Maynard23 making a second channel sounds rad :)]]></document>
		<document><![CDATA[what are some good tv shows to watch?]]></document>
		<document><![CDATA[@Jack_Maynard23 #wouldjackrather eat a spoonful of salt or lick jam from jacks toe??????]]></document>
		<document><![CDATA[instead i'm watching celebrity big brother smh]]></document>
		<document><![CDATA[@Jack_Maynard23 #wouldjackrather eat a spoonful of salt or lick jam from jacks toe????]]></document>
		<document><![CDATA[@Jack_Maynard23 #wouldjackrather eat a spoonful of salt or lick jam from jacks toe???]]></document>
		<document><![CDATA[@Jack_Maynard23 #wouldjackrather eat a spoonful of salt or lick jam from jacks toe??]]></document>
		<document><![CDATA[I should be studying rn]]></document>
		<document><![CDATA[@Jack_Maynard23 #wouldjackrather eat a spoonful of salt or lick jam from jacks toe?]]></document>
		<document><![CDATA[@Jack_Maynard23 #wouldjackrather eat a spoonful of salt or lick jam from jacks toe]]></document>
		<document><![CDATA[#wouldjackrather eat a spoonful of salt or lick jam from jacks toe]]></document>
		<document><![CDATA[@EthanDolan dude go take a break and have a nap it's alright 💙💙]]></document>
		<document><![CDATA[@EthanDolan E! Come to Sydney!!! 😸😸😸]]></document>
		<document><![CDATA[Jon Bernthal was so good in Daredevil season 2 #ThePunisher #DaredevilSeason2]]></document>
		<document><![CDATA[Fuck yeah #DaredevilSeason2  https://t.co/eyG1f0014K]]></document>
		<document><![CDATA[@EthanDolan chin up bud! Love you ❤️]]></document>
		<document><![CDATA[@dylanobrien wishing you a speedy recovery dyl #GetWellSoonDylan]]></document>
		<document><![CDATA[@EthanDolan come to Sydney it's always warm]]></document>
		<document><![CDATA[Bruno actually killed it #hotdam.]]></document>
		<document><![CDATA[Why is everyone giving Halsey shit for her love yourself cover? It's honestly bomb]]></document>
		<document><![CDATA[@jesserutherford any chance of you guys coming to Australia? It would be awesome]]></document>
		<document><![CDATA[Ayyyyyyy @DjokerNole congrats #AusOpen #AusOpenFinal #AusOpen2016 #DjokovicMurray #NoleFam #DjokovicvsMurray]]></document>
		<document><![CDATA[Andy's handing Novak the title right now  #AusOpenFinal #AusOpen2016 #AusOpen #DjokovicvsMurray]]></document>
		<document><![CDATA[To be fair Milos played an epic game, he's going places #AusOpen #AusOpen2016 #MurrayvsRaonic]]></document>
		<document><![CDATA[It'd would be nice to see Raonic in the finals though #AusOpen #AusOpen2016 #MurrayvsRaonic see a fresh face]]></document>
		<document><![CDATA[@zaynmalik  I can't even explain how good #pillowtalk is, its a piece of art congrats man what a way to start your solo career]]></document>
		<document><![CDATA[all my life needs rn is to see @Harry_Styles with cornrows]]></document>
		<document><![CDATA[@Luke5SOS hows that working for ya?]]></document>
		<document><![CDATA[@DjokerNole vs @rogerfederer for the #AusOpen semifinal that game is gonna be so intense not to mention a five set thriller]]></document>
		<document><![CDATA[tbh tame impala actually killed it in the #Hottest100]]></document>
		<document><![CDATA[really hope the fedex makes it into the final @rogerfederer #AusOpen #AusOpen2016  #RogerFederer]]></document>
		<document><![CDATA[cant wait to hear @triplej hottest 100 tomorrow :O #hottest100]]></document>
		<document><![CDATA[Well I know when you're around cause I know the sound]]></document>
		<document><![CDATA[@Chet_Faker nice school nice tunes]]></document>
		<document><![CDATA[@Chet_Faker the funk is real]]></document>
		<document><![CDATA[My prison break addiction is not going to go down well with the HSC]]></document>
		<document><![CDATA[@Chet_Faker it's a Lockjaw ep kind of day]]></document>
		<document><![CDATA[@jesserutherford I fucking love wiped out!]]></document>
		<document><![CDATA[@Truman_Black @the1975 loving the sound!! 🔥🔥🔥✌🏻️✌🏻✌🏻 #the1975 #TheSound]]></document>
		<document><![CDATA[@Louis_Tomlinson wishing you the best for you and your family]]></document>
		<document><![CDATA[@Michael5SOS foath I can't wait]]></document>
		<document><![CDATA[@WhatSoNot absolutely loving the Gemini ep #flames]]></document>
		<document><![CDATA[@NickKyrgios is bringing fire to the court 🔥🔥🔥🔥 #AusOpen #AusOpen2016 #Kyrgios]]></document>
		<document><![CDATA[Cmon Hewitt!!!! #AustralianOpen #AusOpen #AustralianOpen2016]]></document>
		<document><![CDATA[@Ashton5SOS thinks about the feelings that we hide]]></document>
		<document><![CDATA[Rafa vs Fernando this match will be fire 🔥🔥🔥🔥@RafaelNadal @FerVerdasco #AustralianOpen #AusOpen2016]]></document>
		<document><![CDATA[@jesserutherford wiped out is insanely good, I can't stop listening to it!!!!!]]></document>
		<document><![CDATA[@TyneJamesOrgan any possibility of doing a cover of the neighborhood, 'prey' would sound lit]]></document>
		<document><![CDATA[@Joe_Sugg i'm feeling another impersonation video but a christmas edition?]]></document>
	</documents>
</author>