<author lang="en">
	<documents>
		<document><![CDATA[Review of US Immigration at Irish Airports must be operational, legal and swift...telling Cabinet Colleagues.]]></document>
		<document><![CDATA[#LetsTalkBrexit ...keep the conversation going @ISPCCChildline @nycinews @ComhairleNaNog1 @ChildRightsIRL… https://t.co/6EtfwnCRGD]]></document>
		<document><![CDATA[Young people speak out #letstalkbrexit https://t.co/q83KCcM8Na]]></document>
		<document><![CDATA[Accessible, affordable, quality childcare a step closer..Heads of Bill published with @jimdalytd… https://t.co/dstvC4EpcE]]></document>
		<document><![CDATA[Full house for #LetsTalkBrexit #NoBordersNoWalls at Croke Park. https://t.co/Eu5LuIW2UL]]></document>
		<document><![CDATA[Meeting media @Q102MoreMusic @fm104 @NewstalkFM at Croke Park #LetsTalkBrexit #NoBordersNoWalls https://t.co/B5xKamTxnl]]></document>
		<document><![CDATA[Young people going to Croker..hope your ready #LetsTalkBrexit #NoBordersNoWalls @nycinews @ComhairleNaNog1 @ChildRightsIRL @ISPCCChildline]]></document>
		<document><![CDATA[We must stand up to Trump, #LetsTalkBrexit #NoBordersNoWalls much to discuss @BreakfastNT @NewstalkFM from 7:45]]></document>
		<document><![CDATA[This morning #NoBordersNoWalls #LetsTalkBrexit Young people have their say...details @IrelandAMTV3 at 8.15]]></document>
		<document><![CDATA[We must stand up.to discrimination https://t.co/g0tfx6HnxF]]></document>
		<document><![CDATA[Yoing people #LetsTalkBrexit on @IrelandAMTV3 8.15 Mon to discuss our Croke Park event #NoBordersNoWalls]]></document>
		<document><![CDATA[Young voices @ComhairleNaNog1 @ChildRightsIRL @ISPCCChildline @Barnardos_IRL @nycinews @ScoutingIreland and many more for #LetsTalkBrexit]]></document>
		<document><![CDATA[A generation which grew up without a hard border will be heard...On Mon #LetsTalkBrexit #NoBordersNoWalls at Croke Pk.]]></document>
		<document><![CDATA[Our pre clearance immigration agreement with US does not undermine rights contained in Irish Constitution....legal review urgently needed.]]></document>
		<document><![CDATA[Joining #HolocaustMemorialDay event at Dublin's Mansion House at 6pm..we must never forget...thanks to Holocaust Education Trust Ireland.]]></document>
		<document><![CDATA[Young people speaking up.. #LetsTalkBrexit #NoBordersNoWalls discussion at Croke Park tomorrow now all the more important @ISPCCChildline]]></document>
		<document><![CDATA[Increasing the voice of women at @OireachtasNews ..delighted to support @cathmartingreen Women's Caucus. https://t.co/LyyL459m3g]]></document>
		<document><![CDATA[Solidarity with all demanding liberty and equality on the streets, at airports and in the courts of the US.]]></document>
		<document><![CDATA[I am deeply concerned that discrimination maybe happening at US immigration in Irish airports and am seeking an urgent review.]]></document>
		<document><![CDATA[Young people get their say..follow #LetsTalkBrexit #NoBordersNoWalls on Mon for updates and join the conversation #TWIP @ChildRightsIRL]]></document>
		<document><![CDATA[A generation which has never seen a hard border on our island will be heard..On Mon follow #LetsTalkBrexit #NoBordersNoWalls]]></document>
		<document><![CDATA[A generation which has grown up in peace will be heard...On Mon follow #LetsTalkBrexit #NoBordersNoWalls @Foroige @nycinews @ChildRightsIRL]]></document>
		<document><![CDATA[Putting social impact of #Brexit in spotlight on Monday follow #LetsTalkBrexit #NoBordersNoWalls @ChildRightsIRL @ISPCCChildline @nycinews]]></document>
		<document><![CDATA[In amazimg surroundings of @RCSI_Irl to deliver the Widdess Lecture. https://t.co/7lH1EuGwHH]]></document>
		<document><![CDATA[What does Brexit mean to Ireland's young people?..looking forward to #LetsTalkBrexit Monday, join the discussion here.. #NoBordersNoWalls]]></document>
		<document><![CDATA[Honoured to be delivering @RCSI_Irl The Widdess Lecture,
"Planning Lives - The Future for children with Disabilities in Ireland' tonight.]]></document>
		<document><![CDATA[BIg day Monday #LetsTalkBrexit @ComhairleNaNog1 @ChildRightsIRL @ISPCCChildline @Barnardos_IRL @nycinews and many others #NoBordersNoWalls]]></document>
		<document><![CDATA[Irish expertise can be used to support victims of sex crimes in migrant crisis https://t.co/3wNRg1UPjL… https://t.co/opTxE8qWvz]]></document>
		<document><![CDATA[Radical new approach to #Childcare...Our ambitious legislation is progressing..Heads of Bill due within days.]]></document>
		<document><![CDATA[Targeting of daughters, mothers, grandmothers by thugs in migrant crisis too often overlooked #HiddenStuggles… https://t.co/buIyLbyxWQ]]></document>
		<document><![CDATA[Irish expertise should support victims of sexual violence in the migrant crisis - important launch #HiddenStruggles @immigrationIRL]]></document>
		<document><![CDATA[Sexual and gender based violence must not be overlooked in fog of war and crisis..launching #HiddenStruggles research Thurs @DC_Consultant]]></document>
		<document><![CDATA[Sexual and gender based violence must not be overlooked in fog of war and crisis..launching #HiddenStruggles research @immigrationIR Thurs.]]></document>
		<document><![CDATA[Huge congrats Al.... https://t.co/6308cj9wxN]]></document>
		<document><![CDATA[Huge Congrats @TheAlPorter on new gig @todayfm ...looking forward to tuning in!]]></document>
		<document><![CDATA[Child's voice central to adoption reform https://t.co/67ZoRyJj03]]></document>
		<document><![CDATA[Review of honest belief defence is chance to modernise our rape laws and introduce long overdue victim centred approach.]]></document>
		<document><![CDATA[The defence of honest belief, no matter how unreasonable, in rape cases is outdated...today I secured Gov backing for a review.]]></document>
		<document><![CDATA[Use of honest belief defence in rape cases to be reviewed following proposal I made at cabinet today @ChildRightsIRL @Tanya_Ward]]></document>
		<document><![CDATA[Use of honest belief defence in rape cases to be reviewed after I secured Government backing today @NWCI @DublinRCC @Womens_Aid @Noeline_B]]></document>
		<document><![CDATA[The 'honest belief' defence in rape cases is expected to be reviewed by the Law Reform Commission after I secured Gov backing today.]]></document>
		<document><![CDATA[The Government has today approved to proceed with childcare laws to underpin our radical new approach.]]></document>
		<document><![CDATA[Putting Young Voices in the Government decision making process https://t.co/dTXcgz6x95]]></document>
		<document><![CDATA[Adoption laws, I bring reforms to Seanad Tues which prioritise views of child, address adoption by step parents and cohabiting couples.]]></document>
		<document><![CDATA[First step for our radical new childcare plans..I will bring memo to Government Tuesday.]]></document>
		<document><![CDATA[108,019 children now accessing free childcare services....the start of our ambitious 2017 plans. https://t.co/HY7cpfjnZx]]></document>
		<document><![CDATA[95% of eligible 3 and 4 year olds now attending free childcare...a good first step in an important year for services in this country.]]></document>
		<document><![CDATA[For the first time ever the number of children in free childcare is over 100,000....a great milestone but much more work ahead.]]></document>
		<document><![CDATA[30m Euro in sports funding - if you need a grant its time to act https://t.co/3wwT2kH9Wp]]></document>
		<document><![CDATA[I welcome a new initiative to improve allocation of resources in our schools for children with special needs. https://t.co/fItUKqID5w]]></document>
		<document><![CDATA[Guardianship reform...Government approval has been secured to advance these important measures.]]></document>
		<document><![CDATA[Affordable childcare laws to be priority in new @OireachtasNews session...time for a radical new approach.]]></document>
		<document><![CDATA[Affordable childcare laws prioritised for the new Dáil session..looking forward to a radical new approach.]]></document>
		<document><![CDATA[Guardian reforms before Cabinet today https://t.co/H7otWEnEaQ]]></document>
		<document><![CDATA[Thrilled to hear @RichardbrutonTD this morning talking about advancing equality in school admissions. Ireland is ready for change.]]></document>
		<document><![CDATA[Childcare changes make Ireland a more equal country https://t.co/zMF55pFI1K]]></document>
		<document><![CDATA[Inspiring morning at BT Young Scientist &amp; Technology Exhibition. Congratulations to all involved. https://t.co/MYxGdkAxAh]]></document>
		<document><![CDATA[Children of the former Calais camp..my officials in France to help those wishing to come here https://t.co/3xSUNND8G7]]></document>
		<document><![CDATA[A generation which has grown up without a hard border on our island must be heard in #Brexit process https://t.co/yXV3SfK9AR]]></document>
		<document><![CDATA[Young voices must be heard in #Brexit Preparations in 2017..I am fully committed to that.]]></document>
		<document><![CDATA[Busy 2017 #Childcare #LGBT Youth Strategy #ChildRefugees #EarlyYearsStrategy #YouthFunding..will be working with many fantastic groups.]]></document>
		<document><![CDATA[Parents of the 89.500 children in free childcare scheme save an average of 4,000 euro in costs.]]></document>
		<document><![CDATA[Over 89,500 children are enjoying free childcare - a jump of 35% since we extended it to 3-year-olds last September.]]></document>
		<document><![CDATA[1sleep to go... Happy Christmas everyone.]]></document>
		<document><![CDATA[Best wishes to all @Womens_Aid @DublinRCC @LGBT_ie @samaritans and all others providing vital support to people this Chrismas and New Year.]]></document>
		<document><![CDATA[Best wishes to everyone on the last ever @tv3midday - you have played a huge part in the daily lives of thousands #Midday..]]></document>
		<document><![CDATA[The deferral of industrial action at Oberstown following talks today is welcome news... https://t.co/0TNGQ0HqeH]]></document>
		<document><![CDATA[Looking forward to more great work together in 2017 @epicireland @CorkETB @limerickyouth @NCIRL @NUIGLaw Happy Christmas]]></document>
		<document><![CDATA[Happy Christmas to great organisations @UNHCRIreland @MSF_ireland @unicefireland @immigrationIRL]]></document>
		<document><![CDATA[Happy Christmas to great groups @BeLonG_To @TENI_Tweets @Gloriadlgc @LGBT_ie @SpunOut @ywirl @soar_foundation @EarlyChildhdIRL @Foroige]]></document>
		<document><![CDATA[Happy Christmas to great groups @nycinews @MacranaFeirme @FocusIreland @Barnardos_IRL @ChildRightsIRL @ISPCCChildline @ScoutingIreland]]></document>
		<document><![CDATA[Local sports clubs 30m in funding for facilities and improvements in 2017...IMPORTANT register your interest now at https://t.co/nGBV6frsKF]]></document>
		<document><![CDATA[Supporting children of the migrant crisis ...great to meet team @unicefireland https://t.co/oQnAFzbXcq]]></document>
		<document><![CDATA[@DilW many happy returns Dil...]]></document>
		<document><![CDATA[The Children's Hub...thanks for the great welcome @ChildRightsIRL @epic ....two great champions for rights. https://t.co/yJuZTcoIPH]]></document>
		<document><![CDATA[A hub for children's rights..looking forward to visiting new home of @ChildRightsIRL @epicireland in Smithfield Tuesday.]]></document>
		<document><![CDATA[Great colour at Gov Buildings as @UnaMullally appointed Independent Chair of LGBT National Youth Strategy... https://t.co/3A68Q9J0Kj]]></document>
		<document><![CDATA[Una Mullally is Independent Chair of 1st National LGBT Youth Strategy.....Congrats @UnaMullally ...@nycinews… https://t.co/9gHETYqSgs]]></document>
		<document><![CDATA[Very excited to be announcing Independent Chair of 1st LGBT National Youth Strategy this morning (about 11.15am)...@nycinews @BeLonG_To]]></document>
		<document><![CDATA[Independent Chair for 1st LGBT National Youth Strategy being appointed Monday...looking forward to an energetic 2017 as policy developed.]]></document>
		<document><![CDATA[Three lone children arriving in Ireland from Greek camps today to start new lives are being supported and cared for by my officials.]]></document>
		<document><![CDATA[Free childcare for children 0-5 years who are homeless in 8.25m investment starting next month. https://t.co/v7K1nKBE7K]]></document>
		<document><![CDATA[Bringing stability to lives of children who are homeless...an important childcare announcement on Thursday https://t.co/WG1mpB0caD]]></document>
		<document><![CDATA[Childcare for children who are homeless...major initiative being announced Thursday...]]></document>
		<document><![CDATA[Joining team @lidl_ireland for opening of new store in Tallaght in the morning.]]></document>
		<document><![CDATA[Lots of energy in the room as young people discuss their hopes for North Inner City @NCIRL https://t.co/JqrzlJjuKG]]></document>
		<document><![CDATA[In North Inner City to hear young voices @NCIRL https://t.co/jlyvSqopZq]]></document>
		<document><![CDATA[Young voices deciding the future of the North Inner City - heading to @NCIRL to hear from children and young people this evening.]]></document>
		<document><![CDATA[Preparing to answer Dáil questions. Watch Live https://t.co/504Rzfzw9t @OireachtasNews]]></document>
		<document><![CDATA[Congrats @nycinews for launch for #YouthWorkChangesLives ...vital awareness raising work!]]></document>
		<document><![CDATA[I stand with Ibrahim..with his sisters Somaia and Fatima on his 21st birthday #freeibrahim https://t.co/XHvqMFlBTI]]></document>
		<document><![CDATA[Best wishes to @nycinews and all attending #TalkingCents ...I look forward to hearing your outcomes...Rgds Katherine]]></document>
		<document><![CDATA[More men, women and children from migrant camps in Greece will be in Ireland by Christmas. https://t.co/dcWQVuBs54]]></document>
		<document><![CDATA[Greek PM Tsipras thanks Ireland for assisting in migrant crisis, with @FitzgeraldFrncs Ambassador Kilkenny @dfatirl… https://t.co/Fkj7T9UeMg]]></document>
		<document><![CDATA[Team Ireland...With @FitzgeraldFrncs and @DeptJusticeIRL officials clearing way for migrants in Greece to restart t… https://t.co/Xyu9FSapz1]]></document>
		<document><![CDATA[Ireland to offer hope to 131 refugees from Greece within days https://t.co/QQojSE7ken]]></document>
		<document><![CDATA[Responding to migrant crisis ...with @FitzgeraldFrncs meeting Migration Minister of Greece Ioannis Mouzalas https://t.co/8GHuXktKfw]]></document>
		<document><![CDATA[Coming up @morningireland update on visit to Greek camps with @FitzgeraldFrncs https://t.co/Q4pOxULZBt]]></document>
		<document><![CDATA[Ireland's Declan Barry a leader @MSF operations in Greece with colleague Emily briefs @FitzgeraldFrncs and I on day… https://t.co/DMwxr1GfQx]]></document>
		<document><![CDATA[Children of migrant crisis...Update on @morningireland @RTERadio1 of my visit to Greece with @FitzgeraldFrncs https://t.co/NtpTJvDDin]]></document>
	</documents>
</author>