<author lang="en">
	<documents>
		<document><![CDATA[@KellyannePolls knows that all of the victims of the #BowlingGreenMasacre were Muslims cuz she faked it just 2 target Muslims]]></document>
		<document><![CDATA[The sad thing is is both Trump &amp; Pence would do that sh*t &amp; so would Trump's whole Cabinet https://t.co/QiOK3kRVOj]]></document>
		<document><![CDATA[Breaking News: The real Identities of the #BowlingGreenMassacre Terrorists revealed 2 be @KellyannePolls &amp; @realDonaldTrump!! SHOCKING! SAD!]]></document>
		<document><![CDATA[Do we know th Death Toll of th #BowlingGreenMassacre yet? I know a few Trump Supporers who want 2 donate a million $ per person tht died]]></document>
		<document><![CDATA[Right cuz I can't scroll down &amp; see all of your desperate attempts to Troll people.. oh wait.. I can.. yep.. some l… https://t.co/RnJ526BR3v]]></document>
		<document><![CDATA[Since I've been married 17 years I don't see that happening unless my husband died.. I still wldn't touch u r ur il… https://t.co/AJycgUma9X]]></document>
		<document><![CDATA[It's not an "opinion" of a "so-called Judge" it's the upholding of a f*cking Constitutional Law you stupid Orange f… https://t.co/bSpuVN4EFH]]></document>
		<document><![CDATA[Hey @realDonaldTrump you lost "Grow Up" and "Move On" https://t.co/8uh7OunA0v]]></document>
		<document><![CDATA[Hey @realDonaldTrump  "Grow Up" and "Move On" https://t.co/8uh7OunA0v]]></document>
		<document><![CDATA[The Judge wins "Grow up" and "Move On" https://t.co/8uh7OunA0v]]></document>
		<document><![CDATA[@realDonaldTrump  do u use ALL CAPS cuz u'r so Impotent tht u gotta use ALL CAPS cuz tht's literally th only way u… https://t.co/ci6iLpYNqs]]></document>
		<document><![CDATA[We all know tht Trump suffers  frm Impotence cuz his anti-baldness meds mayb tht's Y he uses  ALL CAPS so words can… https://t.co/6JMALA3rbE]]></document>
		<document><![CDATA[Trumpkins: The person we Voted 4 won Grow Up &amp; Move On

Trumpkins after Trump f*cks 'em all over: Why didn't any1 tell us wht he was like?!]]></document>
		<document><![CDATA[That sickening feeling that everyone with a shred of Human Decency will face feeling every second of every day that Trump remains in Office]]></document>
		<document><![CDATA[They stopped his Ban and now he's angry Tweeting in all Caps.. SAD! https://t.co/teatiARH2h]]></document>
		<document><![CDATA[All Caps?? And an Exclamation Mark?? Oooohhh we better start shaking in our boots https://t.co/teatiARH2h]]></document>
		<document><![CDATA[He's using ALL CAPS they need to take away the Nuclear Codes so he doesn't do anything "rash" or "hasty" https://t.co/teatiARH2h]]></document>
		<document><![CDATA[I could seriously sit back &amp; make fun of this blatant display of anger &amp; desperation ALL DAY LONG! https://t.co/teatiARH2h]]></document>
		<document><![CDATA[All Caps???. Oooohhh.. so serious https://t.co/teatiARH2h]]></document>
		<document><![CDATA[All Caps.. he "means business".. https://t.co/teatiARH2h]]></document>
		<document><![CDATA[I think BLOTUS needs a bottle or maybe he's just a bit colicky and needs burped??? https://t.co/teatiARH2h]]></document>
		<document><![CDATA[I think he's upset that a groundhog got more attention on February 2nd than he got on January 20th but w/Trump it's… https://t.co/S1tyqW4DRx]]></document>
		<document><![CDATA[Looks like he's "sundowning" early today https://t.co/teatiARH2h]]></document>
		<document><![CDATA[Angry shouting much? https://t.co/teatiARH2h]]></document>
		<document><![CDATA[It's when he types in all caps that we know he's super serious *nod, nod* he's putting us all "on notice".. https://t.co/teatiARH2h]]></document>
		<document><![CDATA[Someone is cranky and needs a diaper change and a nap ⬇⬇⬇ https://t.co/teatiARH2h]]></document>
		<document><![CDATA[Oh no!. The "so called" President is typing in ALL CAPS &amp; repeating himself!! he must be so angry about "something"… https://t.co/ZEH2TYwU76]]></document>
		<document><![CDATA[16 people followed me and 7 people unfollowed me // automatically checked by https://t.co/vIOlKa1uhz]]></document>
		<document><![CDATA[How much did it cost again? https://t.co/PaHK6O0wkW]]></document>
		<document><![CDATA[While u &amp; all 20 of urFollowers call me "a practice girl" th rest of th 🌎 calls u &amp; ur ilk th ppl they wldn't touch… https://t.co/MZ2IOMckU8]]></document>
		<document><![CDATA[Trump: "The Constitution isn't really "rules" it's more like "guidelines"..

Trump tries to "Pirates of the Caribbean" The Constitution]]></document>
		<document><![CDATA[He didn't have to go to  aby "Civics Classes" he had Deferments for "Bone Spurs" that git him out of literally ever… https://t.co/rDOvyIKhdF]]></document>
		<document><![CDATA[Didn't u here he had "bone spurs" so he didn't have to attend school at all https://t.co/XnoHio1vWi]]></document>
		<document><![CDATA[That's why he has a Penthouse that's made of gold, it's the only "mansion in the sky" he's ever gonna get a chance… https://t.co/zsYj4MNftT]]></document>
		<document><![CDATA[This "so called" "president" ⬇ is an illegitimate p.o.s.  &amp; he's gonna leave The White House in cuffs #SAD… https://t.co/X3fhIs0J5R]]></document>
		<document><![CDATA[What if Trump Nukes US) Mexico Border 2 create his "physically impassible barrier"? a big cloud of radiation seems pretty impassible 2 me]]></document>
		<document><![CDATA[Also reminded of why we can't let Trump's SCOTUS Pick through https://t.co/bIHZqWmGFI]]></document>
		<document><![CDATA[I really, really, really, really, really, really, really do. not. like. Trump. at all. Literally not even a *tiny*… https://t.co/P1y2v6B1gU]]></document>
		<document><![CDATA[Then his Supporters wld sh*t themselves _ sh*t all ovr him cuz women having more freedom of their body will nvr b w… https://t.co/vWnTx8tNnA]]></document>
		<document><![CDATA[I'm sayin 2 take evry dumbass thing he says turn it around on 'em &amp; get more rights instead of less cuz BLOTUS wasn… https://t.co/wI7MpdtMOk]]></document>
		<document><![CDATA[Imagine if we all demanded tht the right to Public Nudity b added 2 The Constitution cuz Trump said "dress like a w… https://t.co/oi8nmixJ6v]]></document>
		<document><![CDATA[Also it wouldn't just be for women cuz u gotta think how many men would jump on th train 2 "dress like a woman" too https://t.co/x7vmpXndci]]></document>
		<document><![CDATA[Till his supporters start clutching their pearls &amp; b*tching bout "the indecency" &amp; all th women b like 2 late Presi… https://t.co/puHrK3zcSk]]></document>
		<document><![CDATA[Seriously tho.. could u IMAGINE Trump's face if literally every woman n th US started going everywhere Naked cuz he… https://t.co/Q4YV9CJwKt]]></document>
		<document><![CDATA[Unfortunately it's f*cking freezing &amp; I doubt Trump'll last till May so we might as well take advantage of the chan… https://t.co/EqWJNZ2bs8]]></document>
		<document><![CDATA[But it's true we shld start going everywhere naked &amp; whn sum1 complains "Trump said "Dress Like A Woman".." his wif… https://t.co/2EeTYHX6eH]]></document>
		<document><![CDATA[It's Legal 2 walk around naked outside we shld totally all strip down &amp; get on tht whole #DressLikeAWoman thng wldn't wanna disappoint Trump]]></document>
		<document><![CDATA[We should do a Naked March in DC cuz it's important to protest &amp; important to "dress like a woman" Trump's wife's a woman she's been naked]]></document>
		<document><![CDATA[Trump says dress like a woman his wife's a woman she's gone completely naked b4, tht means Public Nudity jst became Legal]]></document>
		<document><![CDATA[Hey @realDonaldTrump how does it feel to be "Banned" from pushing your Racist Agenda?]]></document>
		<document><![CDATA[Hey @realDonaldTrump I don't have a Law Degree but I'm pretty sure tht Sexual Harassment is somethin tht can get people Fired &amp; evn arrested]]></document>
		<document><![CDATA[Hey @realDonaldTrump I don't have a Law Degree but  I'm pretty sure tht tellin Female Employees to "Dress Like A Woman" is Sexual Harassment]]></document>
		<document><![CDATA[What was that thing that Trump said about 3AM &amp; "answering the call", again? &amp; What was that thing that Trump said… https://t.co/ErqxcbH8lF]]></document>
		<document><![CDATA[They shld detain Trump at th airport 4 a few hours (days) as soon as he lands where he's vacationing thn do th same… https://t.co/y8oNkmLKAY]]></document>
		<document><![CDATA[I'd be okk with them reinstating The Ban before Trump comes back so long as it keeps Trump from reentering the US https://t.co/Em0sHovkHz]]></document>
		<document><![CDATA[OMG They shld totally reinstate The Travel Ban &amp; not let Trump back in due 2 HIS connections 2 Putin &amp; terrorism… https://t.co/IHCSyd2cue]]></document>
		<document><![CDATA[And he's not even two weeks in yet https://t.co/enVdWO0gIr]]></document>
		<document><![CDATA[Glad 2 know tht havn a full head of toupee hair's so important tht Trump'll ignore Warning Labes on Meds &amp; not care… https://t.co/YRKJvm2lhf]]></document>
		<document><![CDATA[Hey didn't Trump's wife go naked once? She's a "woman", so, naked's "how women dress" Trump just freed the nipple &amp;… https://t.co/oZZF6LXw4W]]></document>
		<document><![CDATA[Shove cacti up th asses of any1 who passed or supports the passing of tht law evn if they scream "no" &amp; beg "Please… https://t.co/oTqMSYBJX5]]></document>
		<document><![CDATA[Of f*cking course cuz RAPE is the only crime where ASSHOLES think that the VICTIMS are "really the ones to blame" https://t.co/EVpv5hmKRZ]]></document>
		<document><![CDATA[This is something I could actually believe that he said https://t.co/1u4W0ZUF4X]]></document>
		<document><![CDATA[Rriigghhtt "Error" she had 2 b quick &amp; cover by callin it "an honest mistake" cuz she got caught in a bold faced lie https://t.co/8BdQY2eHnx]]></document>
		<document><![CDATA[The (Bowling Green) Massacre That Never Happened #FearMongering  #NotAnHonestMistake]]></document>
		<document><![CDATA[Aww poor guy is so put out by not getn his way &amp; he's not evn facin 1/2 th Oppresionistic BS Obama had 2 put up with https://t.co/Jiwu9EevEg]]></document>
		<document><![CDATA[Not by all https://t.co/1PCr1BxMQX]]></document>
		<document><![CDATA[Call it whatever we want, huh? OK
It's: Racists, Eugenicist, Fascist, Dictatorial, Tyrannical, Authoritarianism...  https://t.co/CSiPvFoQuk]]></document>
		<document><![CDATA[9 people followed me and 12 people unfollowed me // automatically checked by https://t.co/vIOlKa1uhz]]></document>
		<document><![CDATA[Major Conflict of Interest https://t.co/6R1HlXWwoS]]></document>
		<document><![CDATA[Me too.. and probably 90% of the rest of the World does too https://t.co/Fdyqjqzvnz]]></document>
		<document><![CDATA[Yes, please.. someone definitely needs to do that https://t.co/hwdq3XD2BN]]></document>
		<document><![CDATA[It's sad that all TV Stations will have to consider using Disclaimers &amp; Viewer Discretion Advised Warnings before each Address Trump makes]]></document>
		<document><![CDATA[Oh.. rrrreeeaaalllyyy????.. like no one saw it coming?? Oh except the 90% of th US that's against Trump &amp; his ilk https://t.co/A5eqHQACPP]]></document>
		<document><![CDATA[8 people followed me and 7 people unfollowed me // automatically checked by https://t.co/vIOlKa1uhz]]></document>
		<document><![CDATA[Oh shit is getting real now.. https://t.co/kGQhHlBqbc]]></document>
		<document><![CDATA[We should Ban people like her from the US https://t.co/QjZa8llA4C]]></document>
		<document><![CDATA[Here we have a die-hard Trumpster Dumpster using th validation of rape as a "joke" &amp; "punchline" #BanTrumpSupporters https://t.co/QjZa8llA4C]]></document>
		<document><![CDATA[Mmmm.. of course not.. he doesn't mind Terrorists so long as they can afford to stay the night at his Hotels https://t.co/XXzh3GKUfn]]></document>
		<document><![CDATA[What r th odds of bng murdered by a Christian compared 2 th odds of bng murdered by a Refugee Terrorist? https://t.co/pZ4zwl17rg]]></document>
		<document><![CDATA[What are the odds if being raped or murdered by a Christian in the US? https://t.co/pZ4zwl17rg]]></document>
		<document><![CDATA[If my "We should Ban Christian Immigrants" and "We should Ban Christians period" Tweets piss you off.. imagine how Muslims are feeling]]></document>
		<document><![CDATA[We should Ban Christians period]]></document>
		<document><![CDATA[We should Ban Christian Immigrants because of all the Hate Crimes committed by Christians]]></document>
		<document><![CDATA[We should Ban Christian Immigrants because of all the Pastors, Priests &amp; Reverends that have got caught molesting &amp; raping children]]></document>
		<document><![CDATA[We should Ban Christian Immigrants because in 2009 a Christian Female Sunday School Teacher raped &amp; murdered an 8 yr old girl.]]></document>
		<document><![CDATA[Stuff I thought wouldn't happen tht did: 1: The National Enquirer is "real news" 4 people who claim tht they're "smarter" than everyone else]]></document>
		<document><![CDATA[Remember all those times that Trump said that he "didn't want to split up families"??? https://t.co/tcDag0twTy]]></document>
		<document><![CDATA[Not to mention how long they spent "vetting" Trump before letting him run the US https://t.co/iA7zjcT4do]]></document>
		<document><![CDATA[6 people followed me and 11 people unfollowed me // automatically checked by https://t.co/vIOlKa1uhz]]></document>
		<document><![CDATA[In first interview, Trump confirms things that aren’t “tremendous” are “disasters:” https://t.co/MIRIjM1KgE via @slate]]></document>
		<document><![CDATA[9 people followed me and 14 people unfollowed me // automatically checked by https://t.co/vIOlKa1uhz]]></document>
		<document><![CDATA[Teleporter or I'd want to be able to go back in time or cross into Alternate Dimensions or Realities like Star Trek… https://t.co/PTVulDgnH5]]></document>
		<document><![CDATA[No Wait.. actually this one's entirely believable considering all if the KKKK Members that love Trump https://t.co/ZUBNOWyeUe]]></document>
		<document><![CDATA[Guess why Donald Trump"s not holding a book of Hymns?.. 1: he can't read. 2: it'll make his hands look even smaller… https://t.co/KU2PpqKMxV]]></document>
		<document><![CDATA[Hey Trumpster Dumpster, did you know that part of your Inauguration Speech was ripped off frm th Main Villain in Av… https://t.co/hn0oww8QVn]]></document>
		<document><![CDATA[Trump's Team's 1st acts Facist Censorship of any1 who speaks out abt Trump even if it wz 2 point out jst how many p… https://t.co/wZgHWMXvuL]]></document>
		<document><![CDATA[Every single "violent" protester was a Breitbart Plant. .. or do you only listen to "news" when it suits your views? https://t.co/zPK4AjoV0s]]></document>
		<document><![CDATA[&amp; here's th proof tht all tht matters 2 th orange piece of sh*t is ratings. Also 11 million viewers more than 4 yrs… https://t.co/mRscLktypr]]></document>
		<document><![CDATA[15 people followed me and 17 people unfollowed me // automatically checked by https://t.co/vIOlKa1uhz]]></document>
		<document><![CDATA[@Forever_N_Books -ing it in print instead, it will go up in Tweet'ed segments because then it can be read in order]]></document>
	</documents>
</author>