<author lang="en">
	<documents>
		<document><![CDATA[Assembling at the Scottish Tory Party HQ. We will then march to the U.S. Embassy. #Edinburgh #ScotlandAgainstTrump… https://t.co/RYHJ9ZQ217]]></document>
		<document><![CDATA[@MrMalky ouch: #tuitionfeereminder]]></document>
		<document><![CDATA[#America **If you need #Obamacare - enrolment ends today (31/1/17)New admin has cancelled $5m in ads reminding people to sign up in time. RT]]></document>
		<document><![CDATA[@GeoffBoycat and I agree]]></document>
		<document><![CDATA[@GeoffBoycat he is coming my dear, invite will not be rescinded #nobrainer]]></document>
		<document><![CDATA[When he arrives on our shores this yr-pls give to local charity shops &amp; buy up all small orange doll hands for bann… https://t.co/TG5Xu4X3h7]]></document>
		<document><![CDATA[#indyref2 &amp; #brexit have been (arguably) 'divisive': the bleakness of #Trump brought us together today #ScotlandAgainstTrump #StandUpToTrump]]></document>
		<document><![CDATA[Let him come:#StandUpToTrump protests tonight will be morphed by the turn out when this utter embarrassment arrives… https://t.co/Vsasnd3aCQ]]></document>
		<document><![CDATA[#Edinburgh #MuslimBan ready to go... https://t.co/BlebicU7dR]]></document>
		<document><![CDATA[We're off to the Scotland Against Trump protest at 6pm Edinburgh: Foot of the Mound March to the Parliament https://t.co/6AGkTv62nz join us]]></document>
		<document><![CDATA[#SNP MP's making mincemeat of Tory Caroline Nokes #JobCentreClosures #realopposition #HouseOfCommons]]></document>
		<document><![CDATA[That's one in every 64 people in the UK..... #MuslimBan #NotMyPresidentTrump https://t.co/YYAKMtP7b1]]></document>
		<document><![CDATA[They'll be protests in every major city he visits over the next year - except perhaps Moscow 🤔 https://t.co/Ceb3bI8JAt]]></document>
		<document><![CDATA[Young woman from Skegness-sleeping by bins in our courtyard,Grange #Edinburgh- water bottle,tea &amp; blanket supplied… https://t.co/8LXFDaFARA]]></document>
		<document><![CDATA[To everyone who thinks the #MuslimBan is a good idea, wait until it's your turn to be excluded..... #Scotlandwelcomestheworld]]></document>
		<document><![CDATA[Doesn't mean they'll accept Scottish amendments: they'll divide the 'regions',use EVEL:Tories don't give U nothing… https://t.co/MduLn3KBRC]]></document>
		<document><![CDATA[Excellent reporting from @Channel4News #Daesh #Mosul - harrowing, medieval, moving....]]></document>
		<document><![CDATA[Takes 5yrs living in Germany to achieve citizenship. My son lives in Berlin- has done for 3yrs: my advice? don't come home #brexit #European]]></document>
		<document><![CDATA[Owen Paterson's message for the people of #Scotland today - in just 3 words "You Lost Twice" #dontleavelead… https://t.co/rM3yfnhUZt]]></document>
		<document><![CDATA[Oh to have been a fly on the wall during the #TheresaMay / #Trump phone call #grovelling  #NastyTories #beyondsatire]]></document>
		<document><![CDATA[@foreigncorr1 the guy is nuts - can't even speak properly &amp; admits to 'never reading a single book' (see @AlexSalmond) "god help us" #Trump]]></document>
		<document><![CDATA[Well done folks! We might only have the medium of protest left 😞- but we are going to use it #power #Trump… https://t.co/QdYuhwqc94]]></document>
		<document><![CDATA[*March* @ US Consulate,
Edinburgh tomorrow (Sat)11am- solidarity with those in Washington https://t.co/KVxah7inoL.… https://t.co/p0NhP6RDvQ]]></document>
		<document><![CDATA[Forget House of Cards folks, settle in/buckle up for 4yrs of #Trump #TrumpInauguration #NotMyPresident… https://t.co/JCJy6h3yXj]]></document>
		<document><![CDATA[Tompkins there commenting on  Fiona Hyslop as confusing 🙈- while being the most confused,  inaudible &amp; inarticulate MSP 2017 👏🏽 #scotnight]]></document>
		<document><![CDATA[German &amp; French elections still to come this year. If Merkel goes &amp; Len Pen gets in we're seriously in trouble folks #MaySpeech #Brexit]]></document>
		<document><![CDATA[They are moving-&amp; well before this drivel of a speech.Many young families I know have already relocated based on… https://t.co/pGNjOAyRVO]]></document>
		<document><![CDATA[@jamieszymko I know: the 'great disengaged' 🙈]]></document>
		<document><![CDATA["I don't think immigrants should be allowed in this country..... at all" #channel4news #brexit 😩Carry on #SNP… https://t.co/jsM6U0285u]]></document>
		<document><![CDATA[Chuckle brothers with a 'Playboy' backdrop: Jesus wept #Trump #Gove #inauguration https://t.co/WyH2z3brtA]]></document>
		<document><![CDATA[Gisela Stuart is absolutely dreadful. I'm off to bed #bbcqt]]></document>
		<document><![CDATA[This is how Scotland appears on  Irish National Weather (TV) #proportion #Scotland https://t.co/jqjS7iE1mY]]></document>
		<document><![CDATA[Annie Wells there talking about women getting positions of power based on ability not quotas *irony meter explodes* #list #gms @BBCRadioScot]]></document>
		<document><![CDATA["Labour has no principled objection to ending the free movement of European workers in the UK" -as we paddle off in… https://t.co/w2CosO9CgD]]></document>
		<document><![CDATA[When Jackie Baillie comments @theSNP are ruining the future of our country #scotnight https://t.co/98pq0D7W2h]]></document>
		<document><![CDATA[Patrick Harvey there, chuckling away at Cole-Hamilton 😂 (along with our house) #scotnight 👏🏽]]></document>
		<document><![CDATA[Pretty boy Anus: I had high hopes for Jim Murphy's replacement #notsomuch #AccordingtoSlab https://t.co/07KXoIY8Om]]></document>
		<document><![CDATA[@LBC seriously? #nigelfarage There's surely nothing left to learn- it's like having Benny Hill back on 😩]]></document>
		<document><![CDATA[Great night at @StuartandAdam, Edinburgh - and we raised over £126 for @crisis_uk #CrisisatChristmas TY @finchodder… https://t.co/SppXsr7yAC]]></document>
		<document><![CDATA[Merry Xmas all my #twitter friends - both met and unmet. It's gonna be another good year folks......👠#ChristmasEve https://t.co/muFuk2YskK]]></document>
		<document><![CDATA[Want to vote for #AndyMurray? 🎾Voting just opened #SPOTY #Scotland https://t.co/bAO2OQ7d7R]]></document>
		<document><![CDATA[Disgraceful from @JDsportsfashion Sadly, many of the folk that buy their products won't be watching @Channel4News… https://t.co/cUUXzcF4jJ]]></document>
		<document><![CDATA[@ScotsFox71 fixed that https://t.co/gfmpX6Seho]]></document>
		<document><![CDATA[When you've just finished watching #Londoncalling by @GAPonsonby Well done Sir https://t.co/zBnSQ8kx6G]]></document>
		<document><![CDATA[#scotnight Oh dear, absolutely dreadful from #keziadugdale - I'm a little lost for words but here's a couple #glaiket #carcrash]]></document>
		<document><![CDATA[@MrMalky sorry to hear that]]></document>
		<document><![CDATA[Busy benches from the @theSNP for Sporting Legacy of Jamie &amp; @andy_murray debate 👏🏽👏🏽 @Steven4Stirling #houseofcommons ✅]]></document>
		<document><![CDATA[😂😂😂 https://t.co/JbtJwQFnXU 😂 #scotfood https://t.co/EzrYqxREra]]></document>
		<document><![CDATA[Initially denied leaking memo 🤔but later admitted allowing release of memo 🤔 seriously? me neither… https://t.co/lAQA5NmBci]]></document>
		<document><![CDATA[@EdenMill yes, but no coverage of order no.11753....]]></document>
		<document><![CDATA[#Scotland2016 oh dear, just oh dear Tom Harris #brexit]]></document>
		<document><![CDATA[@EdenMill waiting now for over a month for Xmas Gin order: email delivery dates don't cover my order no.- please advise or wishing to cancel]]></document>
		<document><![CDATA[The #SNP there today, challenging the govt, presenting as a skilled, competent &amp; passionate opposition group #sanctions #HouseofCommons]]></document>
		<document><![CDATA[Go on @AnneMcLaughlin let them bring their suggested interventions #houseofcommons #snp]]></document>
		<document><![CDATA[Some superb footage of #SNP MPs circulating Social Media-it's a disgrace our own Scottish media give them such little airtime @BBCRadioScot]]></document>
		<document><![CDATA[Ho ho ho #offside 😂⚽️]]></document>
		<document><![CDATA[Mon the Hearts 👏🏽⚽️❤️]]></document>
		<document><![CDATA[You must be shattered @NicolaSturgeon well done you 👍🏽#Dublin]]></document>
		<document><![CDATA[@BBCNewsnight-First Minister of Scotland addressed #Seanad today-1st head of govt to do so,you just carry on though… https://t.co/qUDVvbDfwt]]></document>
		<document><![CDATA[First Minister of Scotland addresses the #Seanad live at 11:30am today &amp; #callkaye is discussing boot camp for fat Kids 🙈 @BBCRadioScot #gms]]></document>
		<document><![CDATA[Dreadful from #dailymail deputy political editor on #scotland2016  #WhoisShe?]]></document>
		<document><![CDATA[Jesus Wept: its like Sid James &amp; Bernard Bresslaw - Carry On #UKIP #cheekychappies #lowbudgetcomedy https://t.co/XdHoTcMZU4]]></document>
		<document><![CDATA[Here's a wee reminder of what the new #UKIPLeadership winner #paulnuttall thinks about #Scotland https://t.co/OdAS3ggOrZ #Dickhead]]></document>
		<document><![CDATA[Classic Stewart Lee "my name is #paulnuttall" #UKIPLeadership #ukip 😂😂👏🏽👏🏽 https://t.co/hmwq6xyDOA https://t.co/Pee8On14H2]]></document>
		<document><![CDATA[@networkrail absolutely appalled by the state of our trains today. https://t.co/hKg9p5rhsS]]></document>
		<document><![CDATA[Just returned from Elgin to Edinburgh-Trains were disgusting-filthy floors &amp; seats, no luggage space &amp; standing room only #abellio #scotrail]]></document>
		<document><![CDATA[@Rachael_Swindon @susan_bell1212 @theresa_may lucky to get her answering anything: a master at dodging questions/the press so far #ToriesOut]]></document>
		<document><![CDATA[@SandPatterson @BillDunblane @BBCNews The Fall of UKIP 2016..... it's like a Carry On film- overtly racist and not… https://t.co/LUpjlQqli2]]></document>
		<document><![CDATA[This Thursday @ScotNational will be two years old 👏🏽 👏🏽I know folks betting it wouldn't last a year. Pls support &amp; get your copies this week]]></document>
		<document><![CDATA[Focused: absolutely terrific from #AndyMurray #ATPFinals]]></document>
		<document><![CDATA[Good luck #AndyMurray 🎾 we're watching, love #Scotland #ATPFinals]]></document>
		<document><![CDATA[Come on folks: only 67k have signed.... https://t.co/uXEIPiDsZx]]></document>
		<document><![CDATA[Looking for a #fridayfollow? Check out @KateForbesMSP @joannaccherry @TommySheppard @GeorgeKerevan @alisonthewliss .... &amp; the rest #SNP #56]]></document>
		<document><![CDATA[True current cost of Monarchy to the taxpayer is actually £334m a year – nearly 10 times more than the figure publi… https://t.co/vq3S0Lyj6t]]></document>
		<document><![CDATA[@alisonthewliss well done today; you look pretty shattered on #scotnight - a long day of publicity: working hard, thank you #SNP]]></document>
		<document><![CDATA[#SNP MPs have @ScotNational delivered daily from #scotland to the corridors of #houseofcommons - what an annoying b… https://t.co/EVeukgRUor]]></document>
		<document><![CDATA[@gavmacn don't have a problem with his fixation &amp; criticisms of the Scottish Govt- it's his lack of ability to offer any alternatives #fence]]></document>
		<document><![CDATA[...........and there's still well over a month of 2016 to go folks https://t.co/OuXKcucbqI]]></document>
		<document><![CDATA[he's running round like he's the foreign secretary - desperately trying to meet someone, anyone he's got nothing to do with the UK govt 😂]]></document>
		<document><![CDATA[It's been a good year for #Farage - 'living the dream' - little shit https://t.co/LohbauNoot]]></document>
		<document><![CDATA["When fascism comes to America, it will be wrapped in the flag and carrying a cross" -oh, and in the shape of a reality star #Trump]]></document>
		<document><![CDATA[@ClaudiaWebbe @SocialistVoice every 42nd person in Scotland is a member of the #SNP]]></document>
		<document><![CDATA[@JamesMelville our man abroad 😂🙈]]></document>
		<document><![CDATA[#Trump &amp; #Scotland? Brace yourselves folks.Given his dislike for Salmond et al, he will voice his opposition to #indyref2 ferociously (IMHO)]]></document>
		<document><![CDATA[Oh Dear America....and while your at it - forget your climate change targets, #Trump doesn't give a shit about that either.  #ElectionNight]]></document>
		<document><![CDATA[Why do we keep wheeling out the pollsters? silent racists never tell them who they're really voting for  #ElectionNight]]></document>
		<document><![CDATA[And the rest of the world falls silent #ElectionNight]]></document>
		<document><![CDATA[#TheresaMay's not even very good at not answering questions #dreadful @SkyNews]]></document>
		<document><![CDATA[Nails it #ElectionDay #C4News https://t.co/RffwB2eAD5]]></document>
		<document><![CDATA[#DonaldTrump might become the Leader of the Free World this week..... just let that sink in #POTUS]]></document>
		<document><![CDATA[@sainsburys @ScotNational Today 12pm, 👍🏽]]></document>
		<document><![CDATA[@sainsburys Cameron Toll, Edinburgh no availability of @ScotNational today, can you remedy pls, thank you]]></document>
		<document><![CDATA[Duke of Westminster owns 95,000 acres of #Scotland-he's 25yrs old.£5m on his 21st?-Its not that much if ur on a dif… https://t.co/stzUkLv5Pf]]></document>
		<document><![CDATA[Watching #trump rally on #C4News &amp; wondering what % of attendees read books? Power of constant corporate media is frightening #manipulated]]></document>
		<document><![CDATA[Remember folks, this man has no authority to promise anything, zip. Nada. #bbcgms #federalism #Scotland https://t.co/AlzrKVvjX6]]></document>
		<document><![CDATA[News of Article 50 #brexitshambles reaches #Remain camp https://t.co/sp1G80VHnu]]></document>
		<document><![CDATA[low budget announcement from @jefflewisband willing U 2 #VOTEHILLARY #Clinton #POTUS 👍🏽http:https://t.co/qr95wz6g4n]]></document>
		<document><![CDATA[@ScotlandTonight sorry about that, was unusually disappointed with the content last night. Will continue tuning in ✌🏼]]></document>
		<document><![CDATA[What an absolute load of shite this evening #scotnight #scotlandtonight]]></document>
		<document><![CDATA[The superb @tonyschwartz in an exclusive interview with @eddiemair today @BBCRadio4 A must listen re #DonaldTrump https://t.co/wYQd5VKT4x]]></document>
	</documents>
</author>