<author lang="en">
	<documents>
		<document><![CDATA[You may find yourself further from practicality than you barga... More for Taurus https://t.co/nWf56WxcCz]]></document>
		<document><![CDATA[Why waste money on drake tickets when you'll see most of it live on insta and snapchat anyway lol]]></document>
		<document><![CDATA[Just want to make some serious money man!!]]></document>
		<document><![CDATA[Dominoes is becoming a Sunday ritual 🙌🏼]]></document>
		<document><![CDATA[Drive all the way to the gym for it to be closed!! FUCKING BOLLOCKS MATE!!]]></document>
		<document><![CDATA[Southampton should just walk off of the pitch now lol]]></document>
		<document><![CDATA[Cwoorrr eastenders should of done this for Christmas other than that Ronnie and Roxie bollocks!!]]></document>
		<document><![CDATA[@chlo_suzanne Happy birthday chlo 🤙🏼]]></document>
		<document><![CDATA[Chloe is a fucking fruit loop mate!!]]></document>
		<document><![CDATA[Studio 15 tonight!! SECRET SATURDAYS 🤙🏼🍾🍸 https://t.co/oj1CpLoOmy]]></document>
		<document><![CDATA[@kanemcginty the wall was your favourite 😂😂]]></document>
		<document><![CDATA[You are grateful that your support network comes through when ... More for Taurus https://t.co/nWf56WxcCz]]></document>
		<document><![CDATA[Studio 15 Windsor this weekend!! For details on VIP and guest list DM me 🍾🍸 https://t.co/miqIAGFcYm]]></document>
		<document><![CDATA["Hey wasn't you supposed to be doing dry January?..." 

Me and @Studio15windsor : ... https://t.co/OFXTzZSk5q]]></document>
		<document><![CDATA[What to do for my 21st 🤔]]></document>
		<document><![CDATA[Ibiza twice this summer! Need to start hibernating till summer 💸💷]]></document>
		<document><![CDATA[Crazy Bear tonight 🍸]]></document>
		<document><![CDATA[Shocked at how I still have not ever been to Winter Wonderland!]]></document>
		<document><![CDATA[Dominos cookies are the way to my heart!]]></document>
		<document><![CDATA[A casual conversation may turn chilly today, prompting you to ... More for Taurus https://t.co/nWf56WxcCz]]></document>
		<document><![CDATA[Wstrn coming to @Studio15windsor  this Friday tickets are selling out fast! going to be a crazy night!! BUY NOW 🔊🔥https://t.co/YZA1OwBhBt]]></document>
		<document><![CDATA[The cosmos cranks up the pressure today, and you might miss th... More for Taurus https://t.co/nWf56WxcCz]]></document>
		<document><![CDATA[The cosmos cranks up the pressure today, and you might miss th... More for Taurus https://t.co/nWf56WxcCz]]></document>
		<document><![CDATA[The cosmos cranks up the pressure today, and you might miss th... More for Taurus https://t.co/nWf56WxcCz]]></document>
		<document><![CDATA[The cosmos cranks up the pressure today, and you might miss th... More for Taurus https://t.co/nWf56WxcCz]]></document>
		<document><![CDATA[Your sense of purpose is at odds with your delicate emotions t... More for Taurus https://t.co/nWf56WxcCz]]></document>
		<document><![CDATA[Your heart tells you to aim for the stars since anything is po... More for Taurus https://t.co/nWf56WxcCz]]></document>
		<document><![CDATA[Tensions are running high at work today, as everyone has their... More for Taurus https://t.co/nWf56WxcCz]]></document>
		<document><![CDATA[Your long-term goals or plans for the future may have been a r... More for Taurus https://t.co/nWf56WxcCz]]></document>
		<document><![CDATA[Any incomplete business left over from the workweek should be ... More for Taurus https://t.co/nWf56WxcCz]]></document>
		<document><![CDATA[Something within you stirs visions of an ideal future, and you... More for Taurus https://t.co/nWf56WxcCz]]></document>
		<document><![CDATA[There is a wonderful get-it-done attitude in the air today. Yo... More for Taurus https://t.co/nWf56WxcCz]]></document>
		<document><![CDATA[It's disconcerting when you can't rely on the same signs that ... More for Taurus https://t.co/nWf56WxcCz]]></document>
		<document><![CDATA[Fucking love winter!]]></document>
		<document><![CDATA[Get your tickets for Wstrn coming to Studio 15 Windsor on the 16th December 🔊🔥 https://t.co/YZA1OwSSt1]]></document>
		<document><![CDATA[Your uncharacteristic willingness to change your opinion in an... More for Taurus https://t.co/nWf56WxcCz]]></document>
		<document><![CDATA[Lingering emotional issues appear to be resolved in a momentar... More for Taurus https://t.co/nWf56WxcCz]]></document>
		<document><![CDATA[Suppressed passions push their way into awareness today, deepe... More for Taurus https://t.co/nWf56WxcCz]]></document>
		<document><![CDATA[Amidst the fun and frivolity, you may experience a sense of ur... More for Taurus https://t.co/nWf56WxcCz]]></document>
		<document><![CDATA[@MrDDyer who do you think you are is quality!! Lol]]></document>
		<document><![CDATA[Wstrn come to @Studio15windsor BUY TICKETS NOW! 🔊🔥 https://t.co/YZA1OwBhBt]]></document>
		<document><![CDATA[A fucking roast for dinner on a Thursday!! What kind of sick shit is this!!]]></document>
		<document><![CDATA[Wstrn comes to Studio 15 Windsor! BUY TICKETS NOW! 🔊🔥 https://t.co/YZA1OwBhBt]]></document>
		<document><![CDATA[@Studio15windsor 16th of December get there!! https://t.co/g1MjlvLHU0]]></document>
		<document><![CDATA[Wstrn performing live at @Studio15windsor tickets on sale now 🔊🔥  https://t.co/YZA1OwBhBt https://t.co/g1MjlvLHU0]]></document>
		<document><![CDATA[WSTRN COME TO @Studio15windsor 16th DECEMBER GET TICKETS ASAP https://t.co/YZA1OwBhBt 🔥🔊🍾🍸 https://t.co/MzPHB2kj7X]]></document>
		<document><![CDATA[You have mixed emotions about revealing your innermost secrets... More for Taurus https://t.co/nWf56WxcCz]]></document>
		<document><![CDATA[So disappointed in the dinner choices lately I've been having to eat 😑]]></document>
		<document><![CDATA[Wstrn coming to Studio 15 Windsor! Only 1 VIP table left!! Get your tickets now while there JUST £10!! 🔊🔥🍾🍸https://t.co/YZA1OwBhBt]]></document>
		<document><![CDATA[Early bird tickets selling fast already just £10! For wstrn at studio 15 Windsor on the 16th get in Quick!! 🔥🔊 https://t.co/YZA1OwSSt1]]></document>
		<document><![CDATA[December 16th @WSTRNmusic are coming to Windsor's number 1 nightclub @Studio15windsor BE THERE!! @HaileWSTRN… https://t.co/rDsfjP30wN]]></document>
		<document><![CDATA[BUY TICKETS NOW! https://t.co/YZA1OwSSt1]]></document>
		<document><![CDATA[If I ever needed luck the most it would be right now please 🙌🏼]]></document>
		<document><![CDATA[It might be wise to ignore the incoming information if you fin... More for Taurus https://t.co/nWf56WxcCz]]></document>
		<document><![CDATA[Studio 15 tonight 🙌🏼🔊🍾🍸]]></document>
		<document><![CDATA[Disappointed in John Lewis this year man]]></document>
		<document><![CDATA[You are driven to excel in your career now, but might find mak... More for Taurus https://t.co/nWf56WxcCz]]></document>
		<document><![CDATA[@Studio15windsor this weekend you'll be a fool to miss it 🔊🔥🤘🏼]]></document>
		<document><![CDATA[Forgot how much I hate scraping the ice off my car 🙄]]></document>
		<document><![CDATA[In a good coma right now]]></document>
		<document><![CDATA[Sometimes I wish I was famous so I could just get free clothes sent to me all the time!!]]></document>
		<document><![CDATA[Wayne's world is the best fucking film 😂]]></document>
		<document><![CDATA[Some ugly humans in this world 🙄]]></document>
		<document><![CDATA[Best news all day!! Hasslebank being sacked!, even though his gunna buy another shit fucking manager anyway]]></document>
		<document><![CDATA[Studio 15 tonight! DM for guest list! 🔊🔥🍾🍸]]></document>
		<document><![CDATA[Love Sundays]]></document>
		<document><![CDATA[Cwoorrr last night was FUCKING mental! Actually haven't had a night like that in donkeys! Again @Studio15windsor we smashed it!! 👻🔥]]></document>
		<document><![CDATA[Tonight is going to go off!! @Studio15windsor I'm buzzing for a bit of MJ thriller to come on @DJ_MIDI 😉👺🙌🏼]]></document>
		<document><![CDATA[Soon as I get out of work today https://t.co/62AKeS6XMw]]></document>
		<document><![CDATA[Favourite out of the lot 🙌🏼 https://t.co/ayfGiKRpOZ]]></document>
		<document><![CDATA[James Arthur's new album is fucking quality!!]]></document>
		<document><![CDATA[FUCKING FRIDAY GET IN THERE!!!]]></document>
		<document><![CDATA[@_CourtneyBlack_ is a fucking joker 😂]]></document>
		<document><![CDATA[Only 2 more days till the big night!! tickets selling fast!! Get in quick to avoid disappointment 👻https://t.co/SJw7TgXMmG]]></document>
		<document><![CDATA[@Daniarmstrong88 does my nut in on towie all she does is chip in relationships trying to get all her mates to be single because she's alone]]></document>
		<document><![CDATA[You find it easier to take a positive stance on nearly any que... More for Taurus https://t.co/nWf56WxcCz]]></document>
		<document><![CDATA[Only a few more days till Halloween weekend! Tickets selling fast only a few more left! BUY NOW!! 👹👺👻 https://t.co/SJw7TgXMmG]]></document>
		<document><![CDATA[This weekend Halloween tickets selling out fast! BUY NOW! https://t.co/SJw7TgXMmG]]></document>
		<document><![CDATA[This weekend is looking to be a massive turn out! Tickets selling fast! With only 100 left! BUY NOW!! 👺👹👻 https://t.co/SJw7TgXMmG]]></document>
		<document><![CDATA[BUSTED ARE FUCKING SICK!!]]></document>
		<document><![CDATA[United are having a right mare]]></document>
		<document><![CDATA[Ladies night tonight! Ladies get in free when on my Guest list before 11pm message for details 💅🏻👄@Studio15windsor https://t.co/RNgmmkLmLC]]></document>
		<document><![CDATA[Next weekend looking to be massive! @Studio15windsor only a few tickets left get in quick 👻👺👹 https://t.co/SJw7TgXMmG]]></document>
		<document><![CDATA[It might feel as if someone is raining on your parade today as... More for Taurus https://t.co/nWf56WfBL1]]></document>
		<document><![CDATA[Last chance for Guest list for tonight KISS FM's @RudeKidMusic at @Studio15windsor message for details 🔥🔊🔥🔊 https://t.co/qrEg32qXZn]]></document>
		<document><![CDATA[Your highly charged nervous system puts you on red alert today... More for Taurus https://t.co/nWf56WxcCz]]></document>
		<document><![CDATA[Weekend @Studio15windsor gunna be another big one with @RudeKidMusic KISS FM's top DJ and ladies night sat girls fr… https://t.co/R2RHdqNfxt]]></document>
		<document><![CDATA[Halloween getting closer and there are less and less tickets! Get in quick to avoid disappointment@Studio15windsor 👻https://t.co/SJw7TgXMmG]]></document>
		<document><![CDATA[Never am i going gym at this time again every man and his dog in there!!]]></document>
		<document><![CDATA[When you've got nothing left on your phone but that isn't enough still for whatsapp 😑]]></document>
		<document><![CDATA[Halloween weekend is gunna be so so busy!! With very few tickets remaining @Studio15windsor BUY NOW!! 👹👻… https://t.co/fte6xuuBj4]]></document>
		<document><![CDATA[It's Ladies night this Saturday @Studio15windsor free entry for Girls on my Guest list before 11pm! Msg for further… https://t.co/qDn7hVEYfl]]></document>
		<document><![CDATA[@gee__15 Manchester has good taste 🙌🏼😉🍸🍾 https://t.co/MAf3QXa8s2]]></document>
		<document><![CDATA[Really wonna go to Anfield just for the atmosphere! ⚽️]]></document>
		<document><![CDATA[Ladies/Gents... planning a night out in Windsor?. Birthday? Hen do? @Studio15windsor we will make your night one to… https://t.co/YUQEW6FGW5]]></document>
		<document><![CDATA[Halloween is round the corner! @Studio15windsor tickets are selling fast get in quick to save disappointment 👻👹😈… https://t.co/AwILn8rQaB]]></document>
		<document><![CDATA[Now this weekends over time to get prepared for Kiss FM's @RudeKidMusic this Friday @Studio15windsor 🔥🔊 https://t.co/uB1DDu9hy5]]></document>
		<document><![CDATA[Buying most of the KFC menu was not a good idea 😷]]></document>
		<document><![CDATA[Studio went off last night!!! @Studio15windsor 🍾🍸🍸🎉🎉]]></document>
		<document><![CDATA[@domhadi can't promise anything but I'll try my best 👀😉 https://t.co/P9DQgNv5Jb]]></document>
	</documents>
</author>