<author lang="en">
	<documents>
		<document><![CDATA[@PRVix you'll like this. https://t.co/XhSNPVA2Jo]]></document>
		<document><![CDATA[@acaseforbooks This is good, my effort: The Golden Snatch]]></document>
		<document><![CDATA[@ShareRadioUK @Liv_Demetriades @GECFrost But I'm not a parent. Just voicing what I think is fair.]]></document>
		<document><![CDATA[@ShareRadioUK @Liv_Demetriades @GECFrost It would. I wonder if parents would be as inclined to do so if prices were the same all year round?]]></document>
		<document><![CDATA[Of course this relies on govt undermining him. But as we've seen time and time again, the right will do anything to… https://t.co/cemviiG0u0]]></document>
		<document><![CDATA[@JElishevitz @juliamacfarlane no but Trump clearly asked for him tonne removed for asking a question.]]></document>
		<document><![CDATA[@GECFrost Power on this sits with govt.]]></document>
		<document><![CDATA[@Liv_Demetriades @GECFrost @ShareRadioUK Yes, or holiday companies should stop ripping off families with higher holiday prices.]]></document>
		<document><![CDATA[It's almost as if BoE didn't do anything to mitigate. Like pumping cash into the economy and businesses, thus deval… https://t.co/9sHrNg9eSX]]></document>
		<document><![CDATA[@andrew_lilico If leave had said the pound would lose 20% of its value, what would the result have been?]]></document>
		<document><![CDATA[So #Islington do you feel your MP accurately represents you when he votes for triggering article 50?]]></document>
		<document><![CDATA[@Ed_Miliband @washingtonpost Finally someone had the guts to stand up to him.]]></document>
		<document><![CDATA[And yet @HackneyAbbott was too sick to vote? #brexitbill https://t.co/xey8O3Jkos]]></document>
		<document><![CDATA[In an attempt to avoid looking like Ed Milliband's @UKLabour in #indyref, @jeremycorbyn is standing with the Tory's on #brexitbill. #sigh]]></document>
		<document><![CDATA[@bbclaurak which chamber were they going into?]]></document>
		<document><![CDATA[I love that an MP is trying to claim this is strong numbers. If less than half of my colleagues were in the office,… https://t.co/O5MvyAYuAe]]></document>
		<document><![CDATA[So in order to represent the people of the UK (who voted 52-48 in favour of #Brexit) some believe MPs should all vo… https://t.co/CMkXPKXjC8]]></document>
		<document><![CDATA[This is actually the key difference between the right and left, the right would do anything in obtain or remain in… https://t.co/YVYBzhAaX5]]></document>
		<document><![CDATA[Ken Clarke as usual nailing it in his speech. Why should any MP vote in favour of a policy they don't believe in? #BrexitDebate]]></document>
		<document><![CDATA[@boohoo_cshelp Never has, or currently does not have?]]></document>
		<document><![CDATA[Who at @boohoo signed off the line "not in line with current policies"? Terrible PRs giving rest a bad name! https://t.co/zb0CtXJIu4 #PR101]]></document>
		<document><![CDATA[@sunny_hundal As soon as 9th November ended I was pretty certain we'd be in for at least four more years of bad news.]]></document>
		<document><![CDATA[What's this? The media finally coming round to #FirstTheyCame. Irony being this is little different to #Brexit https://t.co/HVwcqv8AT9]]></document>
		<document><![CDATA[This is good. Although I don't condone the #MuslimBan, I also didn't vote for #Brexit. @nadhimzahawi https://t.co/bM7p4rFXyn]]></document>
		<document><![CDATA[@estuaryegality I'm not sure she will do so - too many factors would preclude it being a move she would contemplate… https://t.co/4xsaU1woX7]]></document>
		<document><![CDATA[Not sure how sensible it is to call for #ResignMay, but she should be held to account for failing to hold Baron von Trumpington to account]]></document>
		<document><![CDATA[@WalshFreedom Literally anyone can shout "Allah Akbar". That doesn't mean anything.]]></document>
		<document><![CDATA[@GuidoFawkes Why is this an issue?]]></document>
		<document><![CDATA[@keithellison @realDonaldTrump And fired her for standing up to him, while refusing to violate the Constitution.]]></document>
		<document><![CDATA[@steve_hawkes @TheSun How is it will of the people when 52% voted for &amp; 48% against. People were divided, makes sen… https://t.co/9SGmzXBlQT]]></document>
		<document><![CDATA[@sola_thomson Saw this, thought of you! :-) https://t.co/tnjy7kxv1H]]></document>
		<document><![CDATA[Silence the scientists ✔
Ban based on religious beliefs ✔
Fire leading judge ✔

Baron von Trumpington on his way to creating a dictatorship?]]></document>
		<document><![CDATA[@gedburke @OwenJones84 Why are you defending the US's current administration? Do you find it tolerable?]]></document>
		<document><![CDATA[This. There is a responsibility on Western govts to challenge not just look out for their own. https://t.co/FHLq2h1cWK]]></document>
		<document><![CDATA[Can we in the UK stop saying that #MuslimBan has been resolved? Just because UK citizens are okay to travel, doesn't mean it's resolved.]]></document>
		<document><![CDATA[@MomentumOx What's the point of unity if it's not how people feel? The vote divided the country, would be a sham to pretend otherwise.]]></document>
		<document><![CDATA[@clairemjackson Adorable how older son has arm around younger sibling. Pretty sure there is a not dissimilar one of me and my brother.]]></document>
		<document><![CDATA[@JLcustserv It seems like a fairly straightforward question. Is an email necessary?]]></document>
		<document><![CDATA[Hello @johnlewisretail Just wondering why you are cutting back the 90 day no quibble returns policy. https://t.co/nQuffOi05J]]></document>
		<document><![CDATA[@simonnread There should be a campaign to make companies ensure existing customers get the best deals. That will dr… https://t.co/9MQYJCZ23j]]></document>
		<document><![CDATA[@simonnread That is true of all industries. Mobiles, broadband, energy, insurance. Best deals  always reserved for… https://t.co/UF0JLxpmMB]]></document>
		<document><![CDATA[The best way to stay ahead of the game is to switch every year. Loyalty doesn't pay! https://t.co/VZTo9vY9aL]]></document>
		<document><![CDATA[This is good from @fmwales but we need govt MPs condemning this move, otherwise PM likely to dismiss as a leftie co… https://t.co/9FWW5IyeCz]]></document>
		<document><![CDATA[@Steven_Swinford @juliamacfarlane So as long as us and our own are okay, we'll tolerate this. Facist apologists. #FirstTheyCame]]></document>
		<document><![CDATA[@Lolalalalalalo1 There are FOUR lights!]]></document>
		<document><![CDATA[@masonweintraub @zeynep @nytimes There is the additional complication that you get from bandwagoning so the origina… https://t.co/OHMbEwKCHE]]></document>
		<document><![CDATA[Michael Fallon the latest British politician to fawn over Baron von Trumpington and apologise his views away. #Embarrassing]]></document>
		<document><![CDATA[More proof of the utter nonsense that is the stock market. Alphabet profits rise 8%, yet share price tumbles. https://t.co/9t9mvpCWu4]]></document>
		<document><![CDATA[@montie @BBCNewsnight @Ed_Miliband one could argue the easy thing to do is to not speak up against him.]]></document>
		<document><![CDATA[@PRVix I think you are an addict!]]></document>
		<document><![CDATA[Isn't this one of many reasons why #Brexiteers wanted out of EU and #TTIP? Couldn't make it up. EU says no, we get… https://t.co/lbwsixy6ud]]></document>
		<document><![CDATA[.@TulipSiddiq standing up for her constituents and what she believes in. #WeAreThe48 https://t.co/aPleJSjPTw]]></document>
		<document><![CDATA[The will of 37% of the people. https://t.co/KntKJhIc98]]></document>
		<document><![CDATA[Is this it? The point where Premier League can no longer demand ever more from pay TV services in the UK.… https://t.co/GeyQto8ipW]]></document>
		<document><![CDATA[@mattyglesias Do you think anyone has whispered 'tunnels' into Baron von Trumpington's ear?]]></document>
		<document><![CDATA[Of course the irony being that Corbyn would not be representing his constituents if he doesn't vote against A50 tri… https://t.co/yIOnuDb3XR]]></document>
		<document><![CDATA[If it could snap it's fingers and create branches wherever it wanted, I wonder how many @MetroBank_Help would have. https://t.co/ntAKgFCpnB]]></document>
		<document><![CDATA[Source? Or is that a made up figure. Numbers I can find suggest it is around a third of that. https://t.co/P1qALb2NE1]]></document>
		<document><![CDATA[Question of the day: Will Theresa May remain strong when meeting Baron von Trumpington or will she also get in line to fawn over him?]]></document>
		<document><![CDATA[@MoorgateMermaid Just stop paying attention, just for one day, it is what narcissists fear most.]]></document>
		<document><![CDATA[For just one day can we ignore what Baron Von Trumpington tweets? I'm sure we'd all be happier. We can go back to being outraged tomorrow.]]></document>
		<document><![CDATA[Because it's really difficult for Australians to come to the UK and almost impossible to buy Australian exports lik… https://t.co/lwhUEOwtft]]></document>
		<document><![CDATA[@PRVix Dribble included?]]></document>
		<document><![CDATA[@gabriel_bogart The US is big enough to produce most types of things. This isn't Iran or North Korea we are talking… https://t.co/KywMG9OyOD]]></document>
		<document><![CDATA[@mattyglesias @margarita @Newsweek nah, hypocrisy is allowed now that Baron Von Trumpington rules the roost.]]></document>
		<document><![CDATA[@KatyTurNBC Let's be honest, he doesn't actually know what they are.]]></document>
		<document><![CDATA[@BraddJaffy By not sending cheap labour over and therefore giving Americans more expensive goods but better wages?]]></document>
		<document><![CDATA[Just in case you know, someone decides to censor them. https://t.co/AJkbbFnOrg]]></document>
		<document><![CDATA[Are you so narcissistic that you have to show the world that not everyone has bad things to say about you? https://t.co/IIwpfoAnJX]]></document>
		<document><![CDATA[@MrsSoundRocKeT @piersmorgan More like he was blaming all women for the actions/beliefs of relatively few. I'm sure… https://t.co/fTfwkD6B28]]></document>
		<document><![CDATA[@piersmorgan You understand it is possible to like men and want equal rights....]]></document>
		<document><![CDATA[Maybe because tweet says that pound is at it's highest since 2014, when clearly that is false. Or are you highlight… https://t.co/dKOOyy0aIL]]></document>
		<document><![CDATA[It would be funny right, if the investigation into #VoterFraud found that it was Evil Lord Trumpington himself who was the beneficiary.]]></document>
		<document><![CDATA[@mummyblogger Slow cookers and dishwashers.]]></document>
		<document><![CDATA[@Charlie52150740 @metpoliceuk @AdamBienkov One of them actually says, "yer it is" about it being a threat. More has… https://t.co/fkXusLn3kJ]]></document>
		<document><![CDATA[@Charlie52150740 @metpoliceuk @AdamBienkov So you think that it is a waste of time investigating death threats, giv… https://t.co/1Z0Jmu1fKB]]></document>
		<document><![CDATA[Words won't do anything to stop #settlements being built in Palestine. @UN needs to do more than just condemn. https://t.co/AwCNS8jHYJ]]></document>
		<document><![CDATA[Fancy making a correction @AlexSalmond? https://t.co/sCVjmt098w]]></document>
		<document><![CDATA[Whole article on low trust of the media &amp; no mention of the ratings war. Media target sales over real news. https://t.co/K9UScQTalF via @BBC]]></document>
		<document><![CDATA[@Jack_Blanchard_ Have you got the stats pre 2010?]]></document>
		<document><![CDATA[@piersmorgan That a couple aren't always picture perfect is normal. Doesn't add nor detract from fact that Trump al… https://t.co/27bbGmU0ic]]></document>
		<document><![CDATA[@steve_hawkes It's like company execs who are non-execs at other companies.]]></document>
		<document><![CDATA[And just for the avoidance of doubt, of those countries which are part of the EU the total is $175.9bn (38.2%). Mor… https://t.co/2KFCCYnGTI]]></document>
		<document><![CDATA[Needless to say I lost my bet with @sola_thomson so #ValentinesDay is on me. Suggestions and recommendations gratef… https://t.co/3bp1r1xerQ]]></document>
		<document><![CDATA[@Charlie52150740 @metpoliceuk @AdamBienkov Are you saying police shouldn't investigate death threats?]]></document>
		<document><![CDATA[@matspks how is she challenging democracy?]]></document>
		<document><![CDATA[Will @metpoliceuk investigate these misogynistic death threats against Gina Miller? https://t.co/Zhtr8BDfsr]]></document>
		<document><![CDATA[This is important. All dictatorships start by controlling what experts are allowed to say, especially those disagre… https://t.co/RvXglClJQT]]></document>
		<document><![CDATA[More women in this picture than in the one where he signs abortion order. Wow. #WeLiveInTrumpingtonTimes https://t.co/uULinLx35x]]></document>
		<document><![CDATA[This highlighted line from @guardian is key. Media has to stick together or they'll be played against each other.… https://t.co/IAATyALGSx]]></document>
		<document><![CDATA[@TrickOrTreackle From African American Woman to Old White Man - the perfect reflection of the Trump administration.]]></document>
		<document><![CDATA[@LadyKymberlyn @nbcsnl @washingtonpost Now Trumpington overlords are in power we aren't allowed to laugh/make jokes… https://t.co/WFog1t3RRj]]></document>
		<document><![CDATA[Is @nbcsnl backing down now that Lord Trumpington is in power? https://t.co/y44deE6y8U #ReinstateRich]]></document>
		<document><![CDATA[Wow. Just wow. Do the politicians [inmates] running our govt [asylum] even know how this country works? https://t.co/YpFBPR5qFn]]></document>
		<document><![CDATA[@ALS_Fanzine Might be fit enough to play in the last game of the season.]]></document>
		<document><![CDATA[@TSB_News Good story, and nice to see it run in the Mirror today.]]></document>
		<document><![CDATA[Interesting report on #mortgages from @TSB_News. Its research found that homeowners could save £96 by remortgaging. https://t.co/vduANWRav1]]></document>
		<document><![CDATA[@BBCNewsEnts Me &amp; @sola_thomson have a bet on whether Amy Adams get's a nomination. Here's hoping she does or it could get pricey for me.]]></document>
		<document><![CDATA[@gerrylb @jerrysaltz And looking so smug about it.]]></document>
		<document><![CDATA[Absolute nonsense here. Using a poll asking one question to support their own ends. https://t.co/qSaD09hPdt]]></document>
	</documents>
</author>