<author lang="en">
	<documents>
		<document><![CDATA[Nice euphemism from NZ PM after Trump call:"He has a more casual attitude to diplomatic relationships than is usual"
https://t.co/fjGiowAlKM]]></document>
		<document><![CDATA[NZ's leader in call w/ Tump objected to travel ban: "I don't think he was surprised by ppl having a different view."
https://t.co/fjGiowAlKM]]></document>
		<document><![CDATA[More Trump world leader diplomacy: told New Zealand Prime Minister they should meet in the WH "if you're passing by" https://t.co/fjGiowAlKM]]></document>
		<document><![CDATA["Kiss this motherfuckin' trophy" -- @WillieMcGinest. Great moments in #SuperBowl post-game history. https://t.co/3AQue73KFj]]></document>
		<document><![CDATA[It wasn't. He predicted @patriots by 8. https://t.co/B6uDDmMzcN]]></document>
		<document><![CDATA[Fitting that the @Patriots would win #SuperBowl LI. Are there any Roman numeral combinations that spell CHEAT?]]></document>
		<document><![CDATA[No matter how this drive ends, Trump's prediction for the Super Bowl (@Patriots by 8 points) is not going to bear o… https://t.co/TlSSR2QYB8]]></document>
		<document><![CDATA[Catered by Comet Ping Pong, I presume https://t.co/nKNWryoZ6m]]></document>
		<document><![CDATA[.@ladygaga is going to play the #Superbowl "like it's a dive bar." https://t.co/YB1njKUCV3]]></document>
		<document><![CDATA[Trump picks @patriots by 8. https://t.co/bfo4ZoHtnO]]></document>
		<document><![CDATA[@evansiegfried they should be pleased they're still hated despite flailing recently. It means people still remember that they've been good.]]></document>
		<document><![CDATA["A lot of killers around, believe me." https://t.co/B3mdyu9mBE]]></document>
		<document><![CDATA[@EdMorrissey they'd been so bad until this year that they'd shifted from hated to pitied. if they keep it up, we can move them back to hated]]></document>
		<document><![CDATA[Least likable modern teams:
1) Belichick/Brady Pats
2) Coach K Duke
3) Kobe/Shaq Lakers
4) Aikman/Irving/Smith Cowboys
5) Yankees (all yrs)]]></document>
		<document><![CDATA[.@maureendowd casts Bannon as Jabba the Hutt lounging "blithely at the center" of WH sewing "strife, chaos &amp;cruelty" https://t.co/kCBrWhhI71]]></document>
		<document><![CDATA[Mitch McConnell rules out travel ban bill: "there is a fine line here b/t proper vetting &amp;...a religious test." https://t.co/G4SAIoPjss]]></document>
		<document><![CDATA[After Trump snubbed Ukrainian Prez Poroshenko by mtg w/ rival Thurs, Trump &amp; Poroshenko talked on phone tonight, di… https://t.co/gRYzTwKoPD]]></document>
		<document><![CDATA[Trump should just now be finishing up phone call w Ukrainian President Poroshenko, per schedule. *It's 1 am in Kiev. https://t.co/KitvRABRg9]]></document>
		<document><![CDATA[Some Trump associates harbor grudge vs. Poroshenko, whose allies in gov't secretly worked to kneecap Trump in 2016.… https://t.co/noQ4r8Acd9]]></document>
		<document><![CDATA[DC liquor board documents show that after the election, Trump retained ownership of entity behind DC hotel.… https://t.co/mMQtBZiAsI]]></document>
		<document><![CDATA[Big cos regulated by federal govt are spending advocacy budget $ on ads on @Morning_Joe &amp; @oreillyfactor b/c Trump… https://t.co/xiwATw6WjD]]></document>
		<document><![CDATA[After our scoop on Trump holding unusual mtg w Ukrainian opposition leader, WH announced call w Ukrainian prez tmrw. https://t.co/KitvRABRg9]]></document>
		<document><![CDATA[Another breach of diplomatic protocol for Trump, meeting with Ukrainian opposition leader before country's president https://t.co/KitvRABRg9]]></document>
		<document><![CDATA[@tufkaa @loydstern @michaelcrowley headline says EXACTLY what story says: "Trump tells Ukrainian politician he won't lift Russia sanctions"]]></document>
		<document><![CDATA[Tough to know if this is Trump re-calibrating campaign stances or just tailoring views to most recent conversation. https://t.co/KitvRABRg9]]></document>
		<document><![CDATA[In Kiev, this move is being seen as Trump punishing the Ukrainian president because his allies supported Hillary.… https://t.co/sPLHFvGd3x]]></document>
		<document><![CDATA[Ukrainian president's allies attacked Trump in 2016. On Thurs, Trump returned the favor, mtg w/ Ukrainian oppositio… https://t.co/XiZliNuyFJ]]></document>
		<document><![CDATA[SCOOP: Trump privately expresses harsher stance on Russia sanctions in Thurs mtg with Ukrainian opposition leader. https://t.co/KitvRABRg9]]></document>
		<document><![CDATA[@wits_mcgee it was reported by my colleagues &amp; I linked their story. Also, I have to block you for baselessly lobbing fake news allegation.]]></document>
		<document><![CDATA[@kevcirilli Tom Daschle was a hell of an advice-giver too. 😉]]></document>
		<document><![CDATA[What does @LockheedMartin do after Trump criticizes “out-of-control” costs on F-35? Hire @CLewandowski_ of course. https://t.co/nKC86QESc5]]></document>
		<document><![CDATA[To be clear: scoop on WH nixing @StateDept Holocaust statement mentioning Jews was from @jdawsey1 @iarnsdorf @nahaltoosi &amp; @michaelcrowley.]]></document>
		<document><![CDATA[SCOOP: @StateDept drafted a Holocaust remembrance statement that mentioned Jews, but Trump’s WH blocked its release. https://t.co/Cx3X7isjZc]]></document>
		<document><![CDATA[The Trump WH's factionalism &amp; propensity for leaks has reporters salivating. https://t.co/a4iMh5NeoV https://t.co/dqxXOicLZU]]></document>
		<document><![CDATA[@senatorshoshana typically]]></document>
		<document><![CDATA["No editor hung a dead chicken over my doorway"--@politicoroger goes out on his own terms, w/ a call for engagement. https://t.co/3dLUqRUsn2]]></document>
		<document><![CDATA[Is there some kind of strategy behind Trump's blustery calls w/ foreign leaders? Discussing next on @TheLastWord with @EJDionne &amp; @Lawrence.]]></document>
		<document><![CDATA[Donald Trump’s private security guards lacked required New York State licenses, guards admit in depositions.… https://t.co/mh5BGmTw6K]]></document>
		<document><![CDATA[@jdawsey1 normally, i'm all for sharing, but i want this one for myself]]></document>
		<document><![CDATA[Story idea from a reader. https://t.co/l37DVknsv5]]></document>
		<document><![CDATA[.@SecretService hasn’t responded to FOIA re: arrangement w Trump private security, so we’re suing w @JMadisonProject https://t.co/OJJ2HeDZL5]]></document>
		<document><![CDATA[Trump's security forced protesters away from Trump Tower b/c they believed—incorrectly—sidewalk was Trump property.… https://t.co/0uWRxucE5L]]></document>
		<document><![CDATA[Trump’s private security didn’t have written policies for the use of force, weren’t subject to background checks. https://t.co/OJJ2HeDZL5]]></document>
		<document><![CDATA[Trump guards took protester’s sign; smacked him when he tried to retrieve it bc they say he was going for guards gu… https://t.co/XXoJaAMYrB]]></document>
		<document><![CDATA[@ishowman read the story]]></document>
		<document><![CDATA[FINAL TALLY: Trump paid his companies $12.8M from launch (in Trump Tower) through end of 2016, per @FEC reports.… https://t.co/Cl2jZmF9PK]]></document>
		<document><![CDATA[Trump security ejected Jorge Ramos from presser b/c he was“not listening or being cordial or respectful to Mr Trump… https://t.co/kpuHtHQgfU]]></document>
		<document><![CDATA[Trump attys argue rally protesters were “breaching the peace," giving Trump team the right to remove them “by force… https://t.co/9UBsBE67Va]]></document>
		<document><![CDATA[@zachsdorfman thanks! also a lot tougher than me.]]></document>
		<document><![CDATA[My dad (pictured here as an infant in a displaced person's camp) discusses the impact of immigrants on the USA.… https://t.co/AH0DO2004K]]></document>
		<document><![CDATA[Hillary cmte paid $24k to party planner who planned Chelsea's wedding, Hillary @StateDept lunches &amp; state dinners. https://t.co/cG6uOMqj2g]]></document>
		<document><![CDATA[Bittersweet milestone Wed.: final column by @politicoroger, who dropped lotsa insights &amp; helped many colleagues (incldg me) in 42-yr career.]]></document>
		<document><![CDATA[AFTER the election, the @SecretService paid Trump's campaign $3M to travel with Trump team to victory rallies, etc.… https://t.co/6yYlH5CC1u]]></document>
		<document><![CDATA[Can't stop won't stop: After winning election, Trump spent another $728k on hats + $2.4M on tee-shirts, mugs, etc. https://t.co/Xwkv5sNhZK]]></document>
		<document><![CDATA[Trump paid his private security another $42k last mo., including $12k to the company owned by this guy (Eddie Deck)… https://t.co/C1Kl04Oj0Z]]></document>
		<document><![CDATA[Trump's campaign appears to have spent $1,594 on tee-shirt guns, per @FEC report. #MakeAmericaGreatAgain]]></document>
		<document><![CDATA[Trump's campaign paid his companies another $204k after his Election Day victory, according to an @FEC report filed… https://t.co/nOuebN93BH]]></document>
		<document><![CDATA[Contra rumors that Hillary/DNC cmte sat on $25M, FEC report shows it finished yr w $420k after spending $674k in Q4. https://t.co/SLPpm8PG6M]]></document>
		<document><![CDATA[@BLPrime well shame on me for tweeting then]]></document>
		<document><![CDATA[Ex-Rep. @AaronSchock's campaign cmte paid a $10k "compliance   penalty" to the @USTreasury, &amp; $16k+ in legal fees. https://t.co/YtlBRkRDWS]]></document>
		<document><![CDATA[The @GOP spent $415k chartering private jets last month. https://t.co/5mhAtSkU2e]]></document>
		<document><![CDATA[Meanwhile, @TedCruz's presidential campaign transferred $790k to his Senate campaign cmte on 12/31/16. https://t.co/lEvb525F9n]]></document>
		<document><![CDATA[Super PAC supporting @JohnKasich's prez run gave away $250k to @SalvationArmyUS &amp; other non-profits on 12/30/16.… https://t.co/qcvdzZH5k8]]></document>
		<document><![CDATA[That's possible. And now this $ could be seen as helping @JohnKasich make friends ahead of a possible 2020 GOP prim… https://t.co/csCnoTdFww]]></document>
		<document><![CDATA[.@JohnKasich, accused by Trump of being disloyal to GOP, quietly donated $68k to @NRSC &amp; 9 GOP Senate candidates in… https://t.co/yirBJPTR8q]]></document>
		<document><![CDATA["To say that it is amateur hour at the White House is to slander amateurs," writes @nytdavidbrooks in @nytopinion. https://t.co/D2d6Bm5zHO]]></document>
		<document><![CDATA[Probably just takeout menus from her office desk drawers. https://t.co/OCxW9FbKeJ]]></document>
		<document><![CDATA[The impact of Trump's travel ban, as seen from @wuerker's drawing table. https://t.co/pfh1fyW7YS]]></document>
		<document><![CDATA[@PhillyTurtleGuy goal is showing WHY it's inaccurate, &amp; what IS accurate. then folks can judge for themselves if inaccuracy was intentional.]]></document>
		<document><![CDATA[@PhillyTurtleGuy "show, don't tell" is a journalistic guiding principle &amp; should be the blueprint here]]></document>
		<document><![CDATA[@MarcBodnick @lachlan not misreading at all. when you brand all your opponents using a given word, it loses its meaning when you use it.]]></document>
		<document><![CDATA[@lachlan maybe, but it's tough not to detect a boy-who-cried feeling here. same with liberals who called bush a fascist.]]></document>
		<document><![CDATA[Not sure Charles Koch is the best judge of Trump's authoritarian tendencies, since he warned of the same under Obama https://t.co/HTBuAbyon3]]></document>
		<document><![CDATA[.@WSJopinion on lessons of Trump's "blunderbuss" travel ban: "Governing is more complicated than a campaign rally." https://t.co/kGP4m7y3nz]]></document>
		<document><![CDATA[After @neeratanden rips @maureendowd for critical Hillary columns, Dowd cites @wikileaks showing that Tanden swiped… https://t.co/bBwhSqSx6l]]></document>
		<document><![CDATA[Trump in statement just now proclaims "I have tremendous feeling for the people involved in this horrific humanitar… https://t.co/VTvoR7giWb]]></document>
		<document><![CDATA[Cycle:
1-Trump misstates fact.
2-Media corrects him.
3-Trump attacks media &amp; doubles down on misstatement.
4-Repeat. https://t.co/Zkr4xUe0Kn]]></document>
		<document><![CDATA[Of the 35 Russian officials Obama kicked out of US, 18 were from embassy &amp; 17 were from Trump's Inaugural Cmte, joked Bob Gates at Alfalfa.]]></document>
		<document><![CDATA[The Koch bros 2018 bjt is $300M+, so #FF journos at Koch conf in Cali: @apalmerdc @tparti @jonathanvswan @fschouten @jimgeraghty @mateagold]]></document>
		<document><![CDATA["This is what Holocaust denial is"---@timkaine on Trump WH's omission of Jews from Holocaust remembrance statement. https://t.co/mU5BCb9l55]]></document>
		<document><![CDATA["The courts can work. They're a bulwark in our democracy," declares ACLU executive director after stay. https://t.co/rnxueJpwdd]]></document>
		<document><![CDATA[Signs of mounting tensions in Trump world: A @Reince ally takes a shot at a company closely affiliated with… https://t.co/nx2GbXFbQi]]></document>
		<document><![CDATA[A chance for the Kochs to prove that they're more committed to libertarianism &amp; civil libertarianism than to GOP po… https://t.co/kLHVdnd6Ds]]></document>
		<document><![CDATA[Russia claims that a heart attack killed the ex-KGB chief suspected of helping compile the Trump/Russia dossier. https://t.co/Gwndhif51j]]></document>
		<document><![CDATA[Trump's openness towards Putin, lifting sanctions has Ukraine scrambling, &amp; considering replacing its US ambassador. https://t.co/dgxddio9I2]]></document>
		<document><![CDATA[Ex-KGB chief suspected of helping compile Trump/Russia dossier found dead in back of car. Body sent to FSB morgue. https://t.co/Gwndhif51j]]></document>
		<document><![CDATA[Why can't @realDonaldTrump just let it go w/ the crowd sizes already? Discussing next on @hardball w/ @CapehartJ @katiepack &amp; @HardballChris]]></document>
		<document><![CDATA[Today's immigrants aren't so different from Irish/Italian/Jewish immigrants in the 1900s, @tenementmuseum reveals. https://t.co/h5sAaUafzq]]></document>
		<document><![CDATA[One of the smartest local (or nonlocal) news shows, @News8NewsTalk, is ending.Nice appreciation of host @BruceDePuyt https://t.co/Nefzzfd1gv]]></document>
		<document><![CDATA[Tough @WSJopinion: "Mr. Trump fancies himself a negotiating wizard, but in this case he is out-negotiating himself." https://t.co/TfiokZbulZ]]></document>
		<document><![CDATA[Trump, not worried by use of banned steroids in baseball: "I do not care. I just want to see them hit the long ball" https://t.co/kHbOQkfWmE]]></document>
		<document><![CDATA[Wow. Woman recants allegations of verbal &amp; physical advances that led to brutal 1955 murder of 14-yr-old Emmett Till https://t.co/dkeWkSKAxl]]></document>
		<document><![CDATA[If Lewandowski is repping Serbian nationalists, I'm sure he'll file any required FARA docs b/c he's a rules stickler https://t.co/1Jp2k5o0yQ]]></document>
		<document><![CDATA[Why did Trump on Day 1 order @NatlParkService to post pics of inaugural crowd? "He takes action &amp; gets things done.” https://t.co/SOpwtWOCAb]]></document>
		<document><![CDATA[Trump, getting right to work for the American people on his first full day in office. https://t.co/9kDogAMh8F]]></document>
		<document><![CDATA[On 1st full day as @POTUS, Trump used power to order @NatlParkService Dir to release more photos of inaugural crowd. https://t.co/9kDogAMh8F]]></document>
		<document><![CDATA[The @Google translation on this story about Corey Lewandowski's apparent business trip to Serbia is quite something… https://t.co/jDP2zP7P0S]]></document>
		<document><![CDATA[Trump apparently is OK with his CIA director participating in partisan politics ---&gt; https://t.co/frz56jDKJm]]></document>
		<document><![CDATA[Also possible Kremlin suspects these guys were sources for ex-MI6 spy's report on Trump campaign's Russia ties. https://t.co/O3NBKSY7kg]]></document>
		<document><![CDATA[The Sarah Palin era is officially over: @SarahPalinUSA filed papers with @FEC yesterday to close her PAC.… https://t.co/98xSYqeuoZ]]></document>
	</documents>
</author>