<author lang="en">
	<documents>
		<document><![CDATA[Remember when everyone was so happy to leave 2016 behind? https://t.co/Sbc8fTCuXV]]></document>
		<document><![CDATA[@raffertybaker sounds like you could use a safe space ❄]]></document>
		<document><![CDATA[A win for the #patriots is a win for #Trump.]]></document>
		<document><![CDATA[@grahamclark I feel the same way.]]></document>
		<document><![CDATA[@grahamclark whats your opinion of old Kinison ?]]></document>
		<document><![CDATA[There's nothing more disappointing than a non operational escalator.]]></document>
		<document><![CDATA[I wish dogs and cats would pet me.]]></document>
		<document><![CDATA[@daveshumka I've done some tugging in a house boat.]]></document>
		<document><![CDATA[Huh, I did Nazi that coming. https://t.co/5zlOsGgCVY]]></document>
		<document><![CDATA[TWIST: A Dog's Purpose is actually an All Dog's Go To Heaven fanfiction prequel written by Donald. https://t.co/fr7Iz2HuJR]]></document>
		<document><![CDATA[@CBCStephenQuinn @LisachristCBC I held out till 11:31. #worthit]]></document>
		<document><![CDATA[It's official! https://t.co/eR4qfKIs94]]></document>
		<document><![CDATA[You ever wake up and wonder, "I wonder what @JDPower And Associates thinks of my life?"]]></document>
		<document><![CDATA[Early start on birthday planning. Party at?]]></document>
		<document><![CDATA[Has there not been a new @dccommonsense because it's impossible to grapple with the current political climate? I need analysis!]]></document>
		<document><![CDATA[@amybp76 where is this yard?]]></document>
		<document><![CDATA[@Sheila_Scott it's kind of a trick question because a t-shirt cannon is ultimately an investment for a great future.]]></document>
		<document><![CDATA[Extra money, should I....]]></document>
		<document><![CDATA[Who won the #PITvsNE game?]]></document>
		<document><![CDATA[Guy at the Fox tried to pass off a dancefloor fart as one of my own.  Ridiculous, I've got no problem feasting up to such a crime.]]></document>
		<document><![CDATA[@sethmalvin very good theatre film.]]></document>
		<document><![CDATA[@melmillerusa @blindsuperman @FoxNews yes. I don't think I need to press how ironic it is.]]></document>
		<document><![CDATA[@blindsuperman @melmillerusa @FoxNews I am not standing for an American First anti imports. but thanks for the compliment.]]></document>
		<document><![CDATA[@melmillerusa @blindsuperman @FoxNews cool hat. Was it made in. China? #AmericaFirst]]></document>
		<document><![CDATA[@raffertybaker Barron is playing with kids his own age, and Whitey's on the moon]]></document>
		<document><![CDATA[@bakedalaska pretty sure they used long knives.]]></document>
		<document><![CDATA[@middleagenana which book?]]></document>
		<document><![CDATA[@Lazin_Ryder yeah, now isn't a good time to walk around with elitist literature.]]></document>
		<document><![CDATA[@AngelaSterritt bird house? And it's been around for about 6 months.]]></document>
		<document><![CDATA[Is it just me or is there an increase in prayer during #Inauguration Day? What happened to separation of church and state?]]></document>
		<document><![CDATA[@Lazin_Ryder better than the movie? Tough to top that great continuous action tracking shot.]]></document>
		<document><![CDATA[@sethmalvin yea, that story is a couple years old but I'm glad they played it again.]]></document>
		<document><![CDATA[@sethmalvin during the Tig Notaro story?]]></document>
		<document><![CDATA["This American carnage stops now." #Inauguration https://t.co/IZSnLtxXKj]]></document>
		<document><![CDATA[I guess it's true what they say; small hands, small crowd. https://t.co/SigNBaAazd]]></document>
		<document><![CDATA[@lisadraws @daveshumka I guess it's true what they say; small hands, small crowds.]]></document>
		<document><![CDATA[Is James Earl Jones the chaplain? #InaugurationDay]]></document>
		<document><![CDATA[@SFOJay but he had won the lottery up until the election.]]></document>
		<document><![CDATA[And thennith a divine bolt of lightning came down from the heavens. #Inauguration https://t.co/MpbaHHflHY]]></document>
		<document><![CDATA[Pretty good contrast between the two. #InaugurationDay https://t.co/XrMHyb0a4S]]></document>
		<document><![CDATA[@sethmalvin I was hesitant at first but I quickly got into it. Very different vibe but yet familiar in anthemic spirit.]]></document>
		<document><![CDATA[@sethmalvin it's a great song.]]></document>
		<document><![CDATA[@PFTompkins shot across the bow of Alien Ant Farm and @ScottAukerman's iPod. #smoothcriminal]]></document>
		<document><![CDATA[Running late for the #Inauguration #MakeAmericaGumpAgain https://t.co/sLfz3VEOW4]]></document>
		<document><![CDATA[Les Innocentes is a really good film. It should win awards. Take advantage of it on Netflix. https://t.co/KbCrELW9Wg]]></document>
		<document><![CDATA[With regards to Trump saying "FAKE NEWS," has anyone tried, "I know you are but what am I?"]]></document>
		<document><![CDATA[Just saw a Canadian Border Services Agency vehicle cruise by my place. Didn't know they started patrolling the #EastVan border.]]></document>
		<document><![CDATA[#otherpeople is a great film from 2016. @JessePlemons and #mollyshannon terrific. Great story @imchriskelly.]]></document>
		<document><![CDATA["I enjoy long Google walks along the beach" will be added to my Tinder profile.]]></document>
		<document><![CDATA[Eat That Question is a great documentary.]]></document>
		<document><![CDATA[Still open to ice fishing? https://t.co/jqqPxHpsT5]]></document>
		<document><![CDATA[@SpicyTunaRo there's still time to open your mind to the dark side of the Internet.]]></document>
		<document><![CDATA[No mom, FetLife is not a feta cheese enthusiasts website.]]></document>
		<document><![CDATA[Olympic Boat Center; we'll make a boat nut out of you.]]></document>
		<document><![CDATA[@sethmalvin totally. It'll be a sad week for Pat fans.]]></document>
		<document><![CDATA[@sethmalvin they really struggled first half.]]></document>
		<document><![CDATA["Coming up this Sunday; one cop plays by the rules, the other is a wild card. From the creators of CSI: Miami comes...."  #STAHP]]></document>
		<document><![CDATA[I hope the #patriots still have the number for their deflation guy.]]></document>
		<document><![CDATA[Shout out to all those cucks being called  snowflakes by people with American flag avatars. #2017]]></document>
		<document><![CDATA[@raffertybaker sounds like you've got those winter blahs.]]></document>
		<document><![CDATA[@Son_of_a_George @CBCNews well paid working class jobs without the help of unions. Good luck with that.]]></document>
		<document><![CDATA[@jowrotethis that woman was a secretary at the school and they needed someone to pose with Trump for the photo.]]></document>
		<document><![CDATA[@ubique15 @pixelatedboat they've included a new catch phrase "let them swim in the Danube"]]></document>
		<document><![CDATA[Friday night staining. https://t.co/a139aAiind]]></document>
		<document><![CDATA[@raffertybaker "to me" or not "to be"?]]></document>
		<document><![CDATA[Little kid with scepter, dope! https://t.co/KNtc2RZ2zJ]]></document>
		<document><![CDATA[@JustinMoris still looking for a Mark Wade card. Let me know! https://t.co/C4Seex3qa7]]></document>
		<document><![CDATA[@SmyleJ they'll be back.]]></document>
		<document><![CDATA[@JustinTillyer @KJA604 @QuickTempa @louiethekid05 whats going on with the other guy?]]></document>
		<document><![CDATA[US Navy is still beating USAF at making moonmen.]]></document>
		<document><![CDATA[@raffertybaker I'd rather shut it down. https://t.co/tTHatAwNmF]]></document>
		<document><![CDATA[@raffertybaker yea. Bought tickets while logged on to Facebook and they sent em to my ancient account. I was raging pretty hard.]]></document>
		<document><![CDATA[When you're frustrated with Microsoft's Hotmail password recovery system and their CAPTCHA reminds you there's stil… https://t.co/v2RejWmcga]]></document>
		<document><![CDATA[@Microsoft I need to speak with a real person to recover my hotmail password.]]></document>
		<document><![CDATA[@JFLNorthWest thank you!]]></document>
		<document><![CDATA[@JFLNorthWest hi, my tickets were sent to an inactive hotmail account. Can I get in touch with someone to resend to my current address?]]></document>
		<document><![CDATA[Welcome to my Wendy's. @JFLNorthWest @daveshumka @grahamclark https://t.co/pGqshkdPCZ]]></document>
		<document><![CDATA[Server down FFS @daveshumka @grahamclark https://t.co/fOiaXZAGN1]]></document>
		<document><![CDATA[@cookiefart @GrillCheezKilla @Cazzy tough hour.]]></document>
		<document><![CDATA[Which hybrid fast-food combo are you?]]></document>
		<document><![CDATA[Sweet hybrid. Come for the subs, stay for our duotangs. https://t.co/J2Zk8FK9aB]]></document>
		<document><![CDATA[I can finally dust off my "EAT THE RICH" placard. https://t.co/9LfI7Ef2zq]]></document>
		<document><![CDATA[Where have all the Quiznos gone and why isn't MSM talking about it?]]></document>
		<document><![CDATA[@grahamclark ... also, she's coming to watch my pick-up game on Saturday and I'm worried I'll be selected for team skins.]]></document>
		<document><![CDATA[@gritzmore yea. Same. Incredibly average.]]></document>
		<document><![CDATA[Benedict Cumberbatch set to star in Amelia Earhart biopic. https://t.co/Ul1MUCKMof]]></document>
		<document><![CDATA[Why is everyone yelling in my echo chamber?]]></document>
		<document><![CDATA[@jowrotethis that's the moment I turned it off.]]></document>
		<document><![CDATA[@alidisti @bessbell you forgot to include his Twitter handle. Now @realDonaldTrump can see what you said about him.]]></document>
		<document><![CDATA[R. Kelly confirmed for #Inauguration2017 #goldenshowers]]></document>
		<document><![CDATA[I guess that's why candidates show their taxes.]]></document>
		<document><![CDATA[@Sheila_Scott just a reminder, I've been on Instagram fighting the good fight for awhile now. https://t.co/nKIqotCZxY]]></document>
		<document><![CDATA[@JMaCabre where would one go to discuss licensing https://t.co/xkmb0ZvYbG interviews? https://t.co/OB9Dqojoqu]]></document>
		<document><![CDATA[Jeep drivers think they can do anything. https://t.co/5WjhVM7o1D]]></document>
		<document><![CDATA[@sara_hennessey I'm really happy to see you in commercials. It makes watching shitty tv worthwhile.]]></document>
		<document><![CDATA[A real "how many jellybeans in the jar" type of photo. https://t.co/0fA2tYhVks]]></document>
		<document><![CDATA[So I spend 2 hours of my night trying to understand the fanaticism behind this spinning top of a person and then sh… https://t.co/thbYQTryp0]]></document>
		<document><![CDATA[#MerylStreep overrated? When will people see the lies?]]></document>
		<document><![CDATA[@KristinMAGA3X @AuthorSHenning "Trump supporters don't go to Hillary or Bernie rallies and do shit, the left has become evil here"]]></document>
		<document><![CDATA[@KristinMAGA3X @AuthorSHenning your new president-elect owns a big corporation and is pushing the new new-world-order]]></document>
	</documents>
</author>