<author lang="en">
	<documents>
		<document><![CDATA[Who had 'insult Australia' in the pool for final act of day? https://t.co/qzrR5j7sCn]]></document>
		<document><![CDATA[On board. Only education and exposure can heal prejudice. https://t.co/9UPtD2z6NZ]]></document>
		<document><![CDATA[Why not get him one of those Sesame Street phones and let him think he's talking w foreign leaders? https://t.co/WFyW4kLjJk]]></document>
		<document><![CDATA[Not sure why this is news. It's not like private email servers have been an issue in the past. https://t.co/rBqJmgQHJB]]></document>
		<document><![CDATA[Except that one religion...
#nomuslimban #MuslimBan https://t.co/5GpXogvHip]]></document>
		<document><![CDATA[That'll go over well. https://t.co/QIXXIWTsgk]]></document>
		<document><![CDATA["I've made a huge mistake" #arresteddevelopment #GobBluth https://t.co/9XwynAh6U4]]></document>
		<document><![CDATA[Every time I get news updates: https://t.co/qaC7Aew7p2]]></document>
		<document><![CDATA[Hope is alive. https://t.co/OTqCQLODig]]></document>
		<document><![CDATA[Ollie channeling Gob Bluth: I've made a huge mistake.#OllieTheBobcat https://t.co/NqogZA3ugQ]]></document>
		<document><![CDATA[.@nytimes Haven't we though? https://t.co/VaVvlIpbXn]]></document>
		<document><![CDATA[TFW you send out so many emails and feel super pumped and productive but an hour later, no responses. #refresh https://t.co/MS7ZY9Vf4c]]></document>
		<document><![CDATA[Great @drunkhistory episode about her: https://t.co/8SoLAPSSuZ https://t.co/omjR5oxI82]]></document>
		<document><![CDATA[Maybe if we constantly refer to Trump as a public servant, he will think the presidency is beneath him and just leave?]]></document>
		<document><![CDATA[If groundhog scientist were presented as an option on Career Day, my life would look totally different. https://t.co/bkeK1W3bOi]]></document>
		<document><![CDATA[Hey that's me! https://t.co/4du1QyJTQr]]></document>
		<document><![CDATA[Beware the hot mic. https://t.co/I1Tf7kedex]]></document>
		<document><![CDATA[.@VanHollenForMD &amp; @BenCardinforMD: vote NO for Sessions or I will vote NO for YOU! #StopSessions Thank you for your service.]]></document>
		<document><![CDATA[The Times They Are A-Changin' - gives me hope. &amp; We Like To Party by Vengaboys - b/c you also gotta dance. https://t.co/K2KtmjwzgD]]></document>
		<document><![CDATA["Whether order X or Y is unconstitutional mean nothing if elements of gov are executing them &amp; courts are ignored.“ https://t.co/WEaWczjh6y]]></document>
		<document><![CDATA[Listen on @wamu885 at 8pm tonight! https://t.co/C8eiXyuArm]]></document>
		<document><![CDATA[Dear @JeffBezos &amp; @amazon: please stop selling Trump products. Signed, former - &amp; hopefully future - customer.… https://t.co/pD1Q9M8Uiw]]></document>
		<document><![CDATA[I have known some pretty menacing babies... https://t.co/rWl5yJN0h5]]></document>
		<document><![CDATA[.@Overstock also sells Trump products. https://t.co/colnnYbCcy for comprehensive list of retailers &amp; contact info.… https://t.co/D6xzA4QMpi]]></document>
		<document><![CDATA[.@SpeakerRyan &amp; @SenateMajLdr: your silence is deafening. https://t.co/p4XMdBJXlj]]></document>
		<document><![CDATA["The problem is one of temperament &amp; character, it will not get better. It will get worse, as power intoxicates Tru… https://t.co/DoNVXwLzv9]]></document>
		<document><![CDATA[Establishment Clause: "one religious denomination cannot be officially preferred over another.” https://t.co/DefcuEIygh]]></document>
		<document><![CDATA[.@jaredkushner: Think your grandmother would be proud of you today? Signed, another grandchild of Holocaust survivo… https://t.co/kt3kR80Emc]]></document>
		<document><![CDATA[https://t.co/colnnYbCcy to see what retailers are affiliated with Trump. Great sample letter &amp; contact info. Consum… https://t.co/tdoN2TJwa3]]></document>
		<document><![CDATA[.@DHSgov You are now the reason this is happening. You have the power to stop it. Trump can't destroy America &amp; our… https://t.co/YYlzDnoI14]]></document>
		<document><![CDATA[@sacca @ACLU Thank you! https://t.co/ToHfGltanc]]></document>
		<document><![CDATA[@Sia @ACLU Thank you! https://t.co/cbFLNcm4vy]]></document>
		<document><![CDATA[@sacca @ACLU Hi Chris, thank you for doing this. Does it still apply today?]]></document>
		<document><![CDATA[This brings me to tears. #WhatWeCouldBe https://t.co/OnUeBJjBZU]]></document>
		<document><![CDATA[DHS: don't implement. Your duty is to our country and the Constitution. Trump can't succeed in #MuslimBan alone. St… https://t.co/IvR5wt4wUg]]></document>
		<document><![CDATA[US Border Patrol: you are the boots on the ground. Welcome these ppl w/ open arms. Resist #MuslimBan to the best of… https://t.co/nPylrj6dR6]]></document>
		<document><![CDATA[Senator: we are counting on you to stop this authoritarian, fascist, hateful administration. There can be no compro… https://t.co/CqUvWzbVwK]]></document>
		<document><![CDATA[I am never as happy as when this guy is on my stomach. #catlady https://t.co/yaRU5prsj3]]></document>
		<document><![CDATA[Comprehensive list w/ sample letter and contact information. Use your power as consumers. https://t.co/HNqo7nFzsR]]></document>
		<document><![CDATA[This affects all of us. https://t.co/Zd1nenmiXc]]></document>
		<document><![CDATA[My spoon commercial: https://t.co/57Oh2gETRt https://t.co/7X8HUSlXKa]]></document>
		<document><![CDATA[My closest Swing District is VA-10, won by only 23,079 votes. Find yours &amp; help swing the House left in 2018: https://t.co/ZqFsUFmLKW]]></document>
		<document><![CDATA[.@wolfblitzer &amp; @ErinBurnett both rockin the lavs tonight! #CNNmicwatch https://t.co/us7e7n9a8n]]></document>
		<document><![CDATA[Period. Also, notice the (barely-noticeable) lav mic! @jaketapper #CNNmicwatch https://t.co/4MrzaIBm4E]]></document>
		<document><![CDATA[ICYMI, @maustermuhle's piece will air again at 7:44pm at https://t.co/kgIGQBffAt &amp; on @wamu885. https://t.co/pfZTmI8Mu3]]></document>
		<document><![CDATA[In case #cuteanimaltweetoff is still going on, I give you the cutest polydactyl floofy-pawed Columbo: https://t.co/PwZeJQSNYL]]></document>
		<document><![CDATA[.@jaketapper is wearing a lav mic today on @TheLeadCNN @CNN #CNNmicwatch]]></document>
		<document><![CDATA[#CNNmicwatch update: @ErinBurnett wearing lav today. @CNN https://t.co/2EPcVRxdQq]]></document>
		<document><![CDATA[.@wolfblitzer is wearing a headset. One guest had headset, another had lav. Why is this happening?? #CNNmicwatch… https://t.co/R9tN9EK3jB]]></document>
		<document><![CDATA[@cdelshad Yes. Yes we do.]]></document>
		<document><![CDATA[@cdelshad feel free to kidnap that floof and bring him/her to News A control room. I won't tell anyone.]]></document>
		<document><![CDATA[.@jaketapper has a lav 🎤 on today. The mystery of the #CNNmicwatch continues. @CNN @TheLeadCNN]]></document>
		<document><![CDATA[You also want to know why @jaketapper is wearing a headset mic. No? Just me? #CNNmicwatch @CNN https://t.co/Qa9K3EaIla]]></document>
		<document><![CDATA[.@jaketapper &amp; @wolfblitzer had headsets but now @ErinBurnett is wearing a lav. @CNN please explain this to me! #CNNmicwatch]]></document>
		<document><![CDATA[I don't do enough fun things... https://t.co/VdtjNS8K32]]></document>
		<document><![CDATA[It is now all @jwilson885 and I talk about. #CNNmicwatch https://t.co/tnwH5Myv9v]]></document>
		<document><![CDATA[#CNNmicwatch Return of headset mics! @jaketapper why?? My head is exploding. @CNN https://t.co/6H5aOyE48X]]></document>
		<document><![CDATA[The lavs are back! The world makes sense again. @CNN @jaketapper @jwilson885]]></document>
		<document><![CDATA[Let's not be the frog in slowly boiling water. https://t.co/zUOYf8i1Zj]]></document>
		<document><![CDATA[I'm not saying this is an accurate prediction. I'm just not saying it's not one. https://t.co/zWvH0nWHKk]]></document>
		<document><![CDATA[Proud to have been a part of this. https://t.co/5Csw1lNaM1]]></document>
		<document><![CDATA[#WomensMarch Constitution &amp; 14th @wamu885 https://t.co/QSHRjowC8E]]></document>
		<document><![CDATA[March in action #WomensMarch @wamu885 https://t.co/xq9OgKl3J9]]></document>
		<document><![CDATA[Sisters are the best #WomensMarch https://t.co/Fvl80tuBgD]]></document>
		<document><![CDATA[My sister &amp; her dragon. #WomensMarch https://t.co/LRK5lJHM0B]]></document>
		<document><![CDATA[7th &amp; Indiana #WomensMarch https://t.co/IE3IRM6TYR]]></document>
		<document><![CDATA[The whole crew! #WomensMarch @wamu885 @Merav_Yurav @Leemor13 https://t.co/gIYn22b87f]]></document>
		<document><![CDATA[People are ready to go at Grosvenor! @wamu885 #WomensMarch https://t.co/S56PJ95cwm]]></document>
		<document><![CDATA[We are on the way! #WomensMarch @Leemor13 @inodb @gregory_vk https://t.co/lce2LWPLoi]]></document>
		<document><![CDATA[Troy Dyer's new band? https://t.co/xhU2tAd4jJ]]></document>
		<document><![CDATA[Columbo with his inner voice. @Nnamdikid @kojoshow https://t.co/0HwncB0njX https://t.co/h6iFGkhiPK]]></document>
		<document><![CDATA[Yes please! https://t.co/WYZAgopdkx]]></document>
		<document><![CDATA[And it begins... https://t.co/eUH8GJUN6t]]></document>
		<document><![CDATA[All alpacas are service alpacas. Automatic mood-improvers. They are delightful. &amp; they'll give you the sweater off… https://t.co/Cf3Glpgnl8]]></document>
		<document><![CDATA[.@ChrisBChester I clearly missed out on this cultural phenomenon https://t.co/kzWCEs74Dn]]></document>
		<document><![CDATA[.@ChrisBChester had to look up GTL. Why is that a thing? #mystified]]></document>
		<document><![CDATA[Mere moments after that photo, I managed to get up, do laundry, hit gym, &amp; go grocery shopping. Feel like I deserve… https://t.co/075nTWgxlk]]></document>
		<document><![CDATA[Cat on stomach and work doesn't start til 4pm. Apparently it's a chill-in-bed day. At least I have a good book.… https://t.co/lQBWzTCm52]]></document>
		<document><![CDATA[I always feel like I fail my eye exams. #1or2]]></document>
		<document><![CDATA[.@CNN @wolfblitzer @ErinBurnett @jaketapper: Why the headset mics?! This feels like the mystery of the Sphinx!]]></document>
		<document><![CDATA[Still the best thing on the Internet: Cat think she's a horse. https://t.co/wfzNyQlUp0]]></document>
		<document><![CDATA[That is a very good idea. Oh crap. https://t.co/SdnbGCw17R]]></document>
		<document><![CDATA[Listen to @taylakaye - do your part people. Please and thank you. And meow. https://t.co/jimaOj05iA]]></document>
		<document><![CDATA[Columbothecat has over 100 followers on @instagram! He's on his way to stardom. #daymade]]></document>
		<document><![CDATA[I'll have the salmon. #catlife https://t.co/AHnZjmCBBU]]></document>
		<document><![CDATA[Watching @JimGaffigan's @netflix special 'Cinco' to reintroduce some laughter &amp; joy. It is fantastic. Thank you, si… https://t.co/JuZkb8NlSJ]]></document>
		<document><![CDATA[Fun game: watch documentaries @13THFilm, @thehuntinground, 'Dear Zachary' &amp; @Cowspiracy in a row. Then try to find hope &amp; the will to live.]]></document>
		<document><![CDATA[Just read The Giver series by Lois Lowry, now on Margaret Atwood's The Handmaid's Tale. Wish these futures didn't suddenly feel so possible.]]></document>
		<document><![CDATA[Cool cool cool. Tight tight tight. Cc @Merav_Yurav @Leemor13 https://t.co/PWwvEzNCEp]]></document>
		<document><![CDATA[Happy Caturday! 🐱🐱 https://t.co/iGto6kEzIW]]></document>
		<document><![CDATA[Cat + couch + Snuggie time = unaffected &amp; on schedule. https://t.co/uxr4RNeISA]]></document>
		<document><![CDATA[The headset mics on @CNN are driving me &amp; @jwilson885 freaking crazy!! So distracting!! #why #LavaliersMatter]]></document>
		<document><![CDATA[Reasons I work out:
20% Being active feels good
20% Excuse to wear 80s sweatbands
60% To watch Hoarders on @AETV on treadmill]]></document>
		<document><![CDATA[Happy birthday @Nnamdikid!! You inspire me to be a kinder, more curious, happy person. (Columbo says hi too) https://t.co/6onZnDGDqe]]></document>
		<document><![CDATA[Dear Hollywood: there aren't enough movies w soldiers named Kowalski. #mytwocents]]></document>
		<document><![CDATA[Call your government officials. Tell them your opinion. They work for you. https://t.co/hyWSl9NXSR]]></document>
		<document><![CDATA[Count me in 'very satisfied'. Thank you Mr. President @POTUS &amp; Maryland Health Connection. https://t.co/6BparzjVKk]]></document>
		<document><![CDATA[@TLC: will "Hoarding:Buried Alive" come to TLC-Go app soon? #askingforafriend]]></document>
		<document><![CDATA[This cat on my butt is making it difficult to get going to the gym... #catladyproblems https://t.co/bW1tqGMkvy]]></document>
		<document><![CDATA[That head tilt! https://t.co/UeLjzU9C20]]></document>
	</documents>
</author>