<author lang="en">
	<documents>
		<document><![CDATA[Love having a nose around celebs homes with cheeky #KeithLemon #throughthekeyhole 👁👁🗝🔑]]></document>
		<document><![CDATA[A great article - social media influencers such as employees  who share the same passion and organisation beliefs, o…https://t.co/RkrHSvW45Q]]></document>
		<document><![CDATA[All this talk about #lettuce has made me hungry (NOT).Even my local restaurant The Slug &amp; Lettuce is now renaming itself to just The Slug 😂]]></document>
		<document><![CDATA[Wish all the questions were this easy @sallyann16 #TheChase #MissWorld #BradleyWalsh @BradleyWalsh @MissWorldLtd 😂… https://t.co/hZZvIO1Idk]]></document>
		<document><![CDATA[New cover by @TheKrystalMills of @taylorswift13 @zaynmalik soundtrack https://t.co/E9adxfURTD #50ShadesDarker #TaylorSwift #ZaynMalik #RT]]></document>
		<document><![CDATA[I Don't Wanna Live Forever - 50 Shades Darker (Soundtrack)#5Oshadesofgrey #TaylorSwift #zane #onedirection #krystal  https://t.co/gHMDVBseoI]]></document>
		<document><![CDATA[I Don't Wanna Live Forever - 50 Shades Darker (Soundtrack) new cover by #Krystal @taylorswift13 @onedirection  https://t.co/gHMDVBseoI]]></document>
		<document><![CDATA[I Don't Wanna Live Forever - 50 Shades Darker (Soundtrack)#zane #taylor #5Oshadesofgrey #50shadesdarker https://t.co/gHMDVBseoI]]></document>
		<document><![CDATA[I Don't Wanna Live Forever - 50 Shades Darker (Soundtrack) Latest cover by @TheKrystalMills #5Oshades #TaylorSwift  https://t.co/gHMDVBseoI]]></document>
		<document><![CDATA[Looking forward to @bbceurovision #youdecide #eurovision tonight.Heard the winner will be a former #xfactor contestant.Please not #HoneyG 😱😱]]></document>
		<document><![CDATA[The Voice UK preview! Watch Liza stun coaches with powerful audition https://t.co/A700G21FGj via @tellymix.Wait til you hear my friend sing😱]]></document>
		<document><![CDATA[Congrats #MaryBerry on winning your #award #NationalTelevisionAwards #NTAs2017 #NTAs 👏🏆🏆🍓🎂]]></document>
		<document><![CDATA[Great series #HowToLoseWeightWell. So many different diets out there but which works best for longer lasting results 😱@HTLWW]]></document>
		<document><![CDATA[@jameswoodsfan1 Here is part 2 https://t.co/LPNRG6EzMC]]></document>
		<document><![CDATA[@jameswoodsfan1 It's in two parts here is part 1 https://t.co/oYJUne6yy1]]></document>
		<document><![CDATA[Love to see the #FirstDatesHotel end updates as to which couples romance continues and which flop at first sight @FirstDates ❤❤]]></document>
		<document><![CDATA[https://t.co/EhhOTpA8qG #Eurovision #UK chosen from past #XFactor contestants 😱]]></document>
		<document><![CDATA[Beauty &amp; The Beast 2017 - "Tale As Old As Time" by @TheKrystalMills with over 33K views. Plz watch and share #RT  https://t.co/Yyl3DOLXea]]></document>
		<document><![CDATA[Glow lights at Ronnie and Roxie's Funeral with everyone jumping like they are at a rave party. Brilliant #eastenders @EastEndersPress 😂😂😂]]></document>
		<document><![CDATA[Let the fun begin. #BringOnTheWeekend 👏👏 #FridayFeeling #ff #inauguration #TrumpInauguration]]></document>
		<document><![CDATA[@TheKrystalMills former #Romania #Eurovision duet @MirceaCioclei has new single out now. congrats @CatMusicRomania 👏👏https://t.co/c9kbmPCusq]]></document>
		<document><![CDATA[The Xtra Factor to be taken off air and replaced with digital spin-off https://t.co/kipVL8EDkN]]></document>
		<document><![CDATA[Thank you for sharing and viewing @TheKrystalMills latest cover #BeautyAndTheBeast https://t.co/Yyl3DOLXea #Disney #new #trailer #beauty]]></document>
		<document><![CDATA[Life is like a camera. #Focus on what's important. #Capture good times. #Develop from the negatives. Make #albums o… https://t.co/5rGWxsn1tN]]></document>
		<document><![CDATA[Check out @TheKrystalMills new cover of #BeautyAndTheBeast #film #song #belle #disney https://t.co/GugjHJiWcO]]></document>
		<document><![CDATA[Review: Krystal Mills Releases Enchanting Version Of "Tale As Old As Time"! https://t.co/UWyVXHoxAs via @wordpressdotcom]]></document>
		<document><![CDATA[Thank you @teeitupcardiff for showing us around your fab venue with @smartdetailuk #TeeItUp #CardiffBay. 🏌️🏌️‍♀️⛳️ https://t.co/iFgSjJSl9u]]></document>
		<document><![CDATA[Getting my weekly fix of @BBCDragonsDen #pitch #Entrepreneur #innovative #businessintelligence]]></document>
		<document><![CDATA[@smartdetailuk @pvdapproved @thebigfootclean @CleanandShinyUK @metalmanfabsltd he's very tired after a long day :)]]></document>
		<document><![CDATA[I appeared on #Kilroy BBC tv show 1992 debate about #beauty &amp; #pageants #RobertKilroySilk #MissWorld #MissUniverse https://t.co/hwI0lGUhpn]]></document>
		<document><![CDATA[Looking back at one of my itv tv appearances:  interview @ debate with #Kilroy #MissWorld #EricMorley 1992 😂… https://t.co/FSYnD5l2ym]]></document>
		<document><![CDATA[Wait til to see what happens as the priest marries the bride and groom. Simply amazing beautiful voice https://t.co/y1f6rESqjA]]></document>
		<document><![CDATA[Not a single snow flake here in the #Diff thankfully but I bet there are lots of shops already running low of bread… https://t.co/yGOnLh7egK]]></document>
		<document><![CDATA[#friday13th #FridayFeeling #friday please be my #Lucky13.#Euro #lottery https://t.co/NL6MBcgvos]]></document>
		<document><![CDATA[Brilliantly acted by @msm4rsh #Corrie. 👏👏😢😢]]></document>
		<document><![CDATA[BBC News - New Cardiff Airport terminal plan as passenger numbers rise https://t.co/VgbaO8J9PK]]></document>
		<document><![CDATA[OMG I've just heard about the @TheSirtfoodDiet - dark chocolate and red wine diet to lose weight #MyKindOfDiet 😜😱🍷🍷🍷#HowToLoseWeightWell]]></document>
		<document><![CDATA[#HowToLoseWeightWell week 2 #PeanutButter #diet #Hay #shakes #military #zero #sirtfood #chocolate #redwine 😄@HTLWW @HowToLoseW8Fast]]></document>
		<document><![CDATA[BBC News - 'Tooth repair drug' may replace fillings No more painful #Dentist visits 👏👏👏]]></document>
		<document><![CDATA[Love Monday #tv soap sandwich nights #emerdale #corrie #enders #corrie #ImInCharge#OfTheRemote 😂😂😂]]></document>
		<document><![CDATA[Those #Dragons are tough but they certainly know their stuff. #Entrepreneur #businessintelligence #startup @BBCDragonsDen #pitch #knowledge]]></document>
		<document><![CDATA[These celebs dancing tonight on  itv #dancedancedance are incredibly talented WOW. Reminds me of myself back in the day 😂 @dancedancedance]]></document>
		<document><![CDATA[6 Underappreciated Skills for Social Media Professionals https://t.co/dmquOxGJRT]]></document>
		<document><![CDATA[⚡️ “'Who even is Gavin Rossdale?'”

https://t.co/8Jh1S68TVI]]></document>
		<document><![CDATA[Should I be a bit spooked out at getting the food bill with all the sixes £66.66 #6666 #devil #spirit #freaky… https://t.co/3fHPoMS2p6]]></document>
		<document><![CDATA[My reading for the weekend #socialmediamarketing #trends #slimmingworld #foodie https://t.co/Hly3zHxQmc]]></document>
		<document><![CDATA[Jedward going into the house. Might as well throw in Honey G too. #CBB #CBBBOTS #cbb2017 😱😱😱😱]]></document>
		<document><![CDATA[So the #xmas decs are put away for another year.Get those #carpets cleaned &amp; refresh your sofas with local @thebigfootclean. #RT #Cardiff]]></document>
		<document><![CDATA[Whoosh that week went quickly but Christmas went even quicker. Happy #Friday peeps #fridayfeeling #ff #FollowFriday #weekend]]></document>
		<document><![CDATA[Excited to read #lizardlicktowing is coming back to UK tv this year @LizardLickTowin @Ashirley4. 😜]]></document>
		<document><![CDATA[Watching #CelebFatFighters. It's just a week detox guys but you would think it's 5 months 😂😂 Looking forward to seeing final weight losses]]></document>
		<document><![CDATA[#cbb2017 launch tonight #celebrity #CBB 😜 I think there are quite a few divas in there so it should be interesting. 🥊🥊😱]]></document>
		<document><![CDATA[Extremely interesting programme on @Channel4 #HowToLoseWeightWell #bonebroth #Greensmoothies #crashdiet #lifestyle change #diet @xandvt]]></document>
		<document><![CDATA[That moment when you get an email from the national lottery 😱😱great start to 2017!!! ❤]]></document>
		<document><![CDATA[Happy New Year's Eve. Whatever you have planned for tonight .... enjoy and stay safe. https://t.co/du8y0sI8vJ]]></document>
		<document><![CDATA[I'm actually quite enjoying the repeated sequel of #HarryPotter films this Christmas holiday. #jkrawling @HarryPotterFilm #hogwarts #wizard]]></document>
		<document><![CDATA[Christmas slippers 😂😂 https://t.co/Jr5ztDoB4Z]]></document>
		<document><![CDATA[RIP #RickParfitt #StatusQuo and today #georgemichael #wham. Such sad news 😢#LastChristmas #GeorgeMichael]]></document>
		<document><![CDATA[@TheKrystalMills is so lucky to be on board #princesscruise #starprincess #Hawaii 4 #Christmas https://t.co/YruAKuAAph]]></document>
		<document><![CDATA[Time to wind down and charge the batteries. #merrychristmas #merryxmas #Turkey #dinner #EatDrinkFestival… https://t.co/I0Ppb3ngN3]]></document>
		<document><![CDATA[https://t.co/0v3vJOxiS1 FSA food poisoning warning #Asda #M&amp;S #pork products]]></document>
		<document><![CDATA[All the very best itv new broadcaster @markaustintv #markaustin #30yearsNews]]></document>
		<document><![CDATA[Great insight to the Christmas factory production from mince pies to wrapping papers @bbc2 #YstradMynach.]]></document>
		<document><![CDATA[Congratulations to Miss Puerto Rico our new #MissWorld2016 https://t.co/oLbqdRe80T]]></document>
		<document><![CDATA[Congratulations @Alana_Spencer_ in winning @bbcapprentice. So deserved. Fell in love with your cakes at the Royal Welsh Show 👏👏]]></document>
		<document><![CDATA[Good choice @bbcapprentice #TheApprentice #alana #ridiculous #rich #cakes #youarehired #WelshCakes 👏👏👏]]></document>
		<document><![CDATA[Good luck to UKs lovelies for #MissWorld2016 especially #misswales. Shame it's no longer on tv 📺 here in UK @Miss_Wales @MissWorldLtd]]></document>
		<document><![CDATA[Looking forward to finding out tonight who @Lord_AlanSugar hires @bbcapprentice. #apprentice #bbcapprentice]]></document>
		<document><![CDATA[OMG the #showdance Finals @bbcstrictly were amazing. Reminds me of my days at the Top Rank dance floor 😂😂]]></document>
		<document><![CDATA[@TheKrystalMills enjoy your Hawaii Christmas #christmasjumperday https://t.co/hMwrPaKiVM]]></document>
		<document><![CDATA[Thank you @thebigfootclean for removing the stair carpet stains and for freshening up the carpets in time for Christmas- Leather sofas too 👏]]></document>
		<document><![CDATA[Gingerbread latte with a wee tipple of Irish whisky cream #FF #Christmas #HomeSweetHome #fabulousFriday 🍮]]></document>
		<document><![CDATA[Always love this stage of the process @bbcapprentice #TheInterview]]></document>
		<document><![CDATA[Loving the @BBCMusicAwards @bbcmusic #bbcmusicawards TurnUpTheVolume #Music is good for the soul.]]></document>
		<document><![CDATA[@Wadge @edsheeran @SimonCowell Can't wait to hear it sung tonight and to who finding out who gets to release it as… https://t.co/nN0Kc6KUwj]]></document>
		<document><![CDATA[Wow #HumanLeague play at #Caldicot #Castle July 2017 https://t.co/gio5qiDxTz. Are you coming back to Wales @New_Aristocrats ?]]></document>
		<document><![CDATA[Living life to the full &amp; loving what you do is key to being happy. @TheKrystalMills is looking the part as #JACD… https://t.co/wGis7GAruX]]></document>
		<document><![CDATA[#TeamSaara for #XFactor @saaraaalto simples 🎤🎤👏👏]]></document>
		<document><![CDATA[Could listen to @Adele all night #adeleinconcert #NewYork. My fav is #WhenWeWereYoung 🎤]]></document>
		<document><![CDATA[#FridayFeeling #christmasjumperday #FF https://t.co/Tsrd4wGKzW]]></document>
		<document><![CDATA[Turning tasty Gin into a new #trendy #brand - only on @bbcapprentice 🍸#GIIN2016]]></document>
		<document><![CDATA[So glad passengers &amp; crew on board #GrandPrincess arrived safely at Hawaii.This was to have been Krystal's ship but she's on the #Star phew🙏]]></document>
		<document><![CDATA[This has to be the nicest bunch of #ImACeleb ever. #ScarlettToWin @imacelebrity #IACGMOH #gogglebox #itv #imacelebrity 👏👏]]></document>
		<document><![CDATA[Congratulations to my Dad at the Golf Awards https://t.co/1091NagCQf]]></document>
		<document><![CDATA[Diet gone down the pan. Oh well it's nearly Christmas 🎄 https://t.co/yWfJomppUE]]></document>
		<document><![CDATA[Buying formal and informal temporary cruise ship uniforms wasn't on the agenda hours before @TheKrystalMills is due to fly out to America 😱😱]]></document>
		<document><![CDATA[Cracking day of celebrations with the family today #Christmas came early at the Mills' to wish Krystal Bon voyage. 🍾🎄🎁🇺🇸🛫⛴⚓️🎤]]></document>
		<document><![CDATA[#Cardiff Pet #dog loves taking selfies with the family @ITVWales_OnAir @BBCWalesToday @BBCWales @thismorning… https://t.co/xc1HZe7nup]]></document>
		<document><![CDATA[@wossy my friends daughter loves taking selfies. Just had to share 😂😂 https://t.co/FOUu7Nccdw]]></document>
		<document><![CDATA[@grahnort #selfie - Kirsty with her pet dog 😂 https://t.co/w9o6tAgrxZ]]></document>
		<document><![CDATA[#Selfie with her #dog. Very clever Kirsty T. #pet #photobomb #selfiewithmydog #SelfieChallenge #funnyselfie… https://t.co/DCc1emLaFD]]></document>
		<document><![CDATA[First Dates looking for singletons to appear on the show https://t.co/nAS5OzyIWt]]></document>
		<document><![CDATA[The decs are going up tonight #Christmas is early at the Mills house.We wish @TheKrystalMills Bon voyage #Star #PrincessCruises #Hawaii #LA]]></document>
		<document><![CDATA[Did #HoneyG just get attacked on #XFactor? Judges looked alarmed but cameras were off her. Where were security??]]></document>
		<document><![CDATA[So thrilled to announce @TheKrystalMills will be soon flying out to #LosAngeles to join #PrincessCruises #Hawaii #SanFransico #Vancouver]]></document>
		<document><![CDATA[This time Davina I will lose 6 stone @TTNYS @ThisisDavina  I wish #TTNY #ThisTimeNextYear 😂😂 #ISayThisEverYear!!]]></document>
		<document><![CDATA[Thank you @CMUCatering for the invitation to sample your delicious new #hospitality #menu]]></document>
		<document><![CDATA[Such a great game played by the 4 contestants #TheChase @BradleyWalsh @ITVChase.]]></document>
		<document><![CDATA[#CancelPlansIn5Words Krystal has a gig tonight https://t.co/qW3e0xLAIa]]></document>
		<document><![CDATA[Having all the carpets cleaned #CancelPlansIn5Words @thebigfootclean https://t.co/ksHtAzySo4]]></document>
	</documents>
</author>