<author lang="en">
	<documents>
		<document><![CDATA[I would literally get @triplej tattooed on my body if I won the golden ticket]]></document>
		<document><![CDATA[this is incredible https://t.co/E7gtSn5TAq]]></document>
		<document><![CDATA[@hrybrns @triplej @flumemusic who's not calling that, let's be real]]></document>
		<document><![CDATA["Fuck bitches get money x" - shez https://t.co/epIsnYCUJq]]></document>
		<document><![CDATA[@daynapolley legit me when I used to work in an icecream parlour, but they still manage to fk it up]]></document>
		<document><![CDATA[only good things can come of this https://t.co/LyBGI0eGKI]]></document>
		<document><![CDATA[it's 2017 and people are still out here dramatically chewing their gum]]></document>
		<document><![CDATA[@asvpxrocky live on instagram how fking good https://t.co/D2nwUwiaED]]></document>
		<document><![CDATA[meryl's speech is so important  https://t.co/DQTtugyCSh]]></document>
		<document><![CDATA[so I just bought a coachella ticket ....]]></document>
		<document><![CDATA[my mum just asked my brother if the pasta was "al dente" as if he was going to know what she was talking about ....]]></document>
		<document><![CDATA[when it's going to be 38 degrees at the festival over nye https://t.co/03ZNTXMHHt]]></document>
		<document><![CDATA[when you reach your goal weight but christmas is tomorrow]]></document>
		<document><![CDATA[got paid twice this week bc of the public holidays and it's safe to say I'm balling]]></document>
		<document><![CDATA[I forgot how much I love @JMSDVS music]]></document>
		<document><![CDATA[why is the carrot in thai food so good]]></document>
		<document><![CDATA[why do some people not understand personal space????]]></document>
		<document><![CDATA[I take voting for the @triplej hottest 100 so seriously]]></document>
		<document><![CDATA[if this is real I will quite literally cry for the rest of my life https://t.co/hrSuAvR5Ur]]></document>
		<document><![CDATA[everyone is out here complaining about 2016, I don't know about you but I had a fucking great year]]></document>
		<document><![CDATA[the pink segment was so on point this year #VSFashionShow]]></document>
		<document><![CDATA[this changes things https://t.co/kqImoGx7gP]]></document>
		<document><![CDATA[@AndersonPaak getting nominated for grammy's is everything]]></document>
		<document><![CDATA[this shoot tho https://t.co/kBLZ6F2fni]]></document>
		<document><![CDATA[music to my ears https://t.co/P71a6l2tTi]]></document>
		<document><![CDATA[Jennifer Aniston's Powerful Message to Tabloids https://t.co/CdiUauPCIM via @YouTube]]></document>
		<document><![CDATA[nocturnal animals is such a unique and intense movie, props to @TOMFORD]]></document>
		<document><![CDATA[I've never related to something more https://t.co/gufoYnkX0z]]></document>
		<document><![CDATA[he's alive https://t.co/XdUyzrRhjO]]></document>
		<document><![CDATA[big w is playing christmas music how good]]></document>
		<document><![CDATA[when shipping costs more than the actual item 🙄🙄 https://t.co/rTU5ibdr18]]></document>
		<document><![CDATA[I'm in the storage area at the mall playing music and some guy just started singing along to my music how good]]></document>
		<document><![CDATA[told myself I wouldn't spend money on Black Friday.... I literally lasted till 10am]]></document>
		<document><![CDATA[fantastic beasts is literally the worst movie I've ever seen]]></document>
		<document><![CDATA[jalapeño hummus was a bad idea]]></document>
		<document><![CDATA[I finally got my license, how good!!!!]]></document>
		<document><![CDATA[me: yeah the farns 
vs 
brother: fk yea you old c**t 
#straya #arias]]></document>
		<document><![CDATA[I need to see rihanna perform anti live asap rocky]]></document>
		<document><![CDATA[went to the gym for two and a half hours today bc I basically drank my body weight in alcohol on the weekend]]></document>
		<document><![CDATA[don't forget to ask your friends if they're okay and let them know you're there for them bc you just never know what they're going through]]></document>
		<document><![CDATA[just ate out of date cheese and spinach triangles.. that'll teach me]]></document>
		<document><![CDATA[matty j was at the house I was at last night what even]]></document>
		<document><![CDATA[so many good looking tradies at the mall today, I love when the mall is under construction]]></document>
		<document><![CDATA[you know it's almost summer when there is sand in your bed]]></document>
		<document><![CDATA[just got paid and immediately made 3 online orders]]></document>
		<document><![CDATA[this scares me https://t.co/AzdU4A4zg3]]></document>
		<document><![CDATA[why am I not at schoolboy q rn????]]></document>
		<document><![CDATA[this look !!! https://t.co/LKpfxhW0tM]]></document>
		<document><![CDATA[challenge accepted https://t.co/SdGfoQrRmt]]></document>
		<document><![CDATA[when is jcole going to stop playing hard to get and come to australia]]></document>
		<document><![CDATA[I won $200 today deal with it]]></document>
		<document><![CDATA[just watched the first monday in may 10/10]]></document>
		<document><![CDATA["seeing too much is seeing nothing"]]></document>
		<document><![CDATA[she did that https://t.co/hkPymPuMao]]></document>
		<document><![CDATA[I have had the most non productive day I am the definition of a couch potato]]></document>
		<document><![CDATA[#mattyforbach]]></document>
		<document><![CDATA[ok but if he's the new bachelor after this I'm applying https://t.co/szeX36Y4Lw]]></document>
		<document><![CDATA[1 halloween movie a day]]></document>
		<document><![CDATA[100% going to be late for work]]></document>
		<document><![CDATA[Left home without my house keys, wallet &amp; opal card. Managed to borrow money off someone for the bus and then got on and the machines off...]]></document>
		<document><![CDATA[I have honestly had the worst morning]]></document>
		<document><![CDATA[why is nash apart of a tommy hilfiger campaign??? pls explain]]></document>
		<document><![CDATA[law and order is still one of the best tv shows of all time]]></document>
		<document><![CDATA[secretly hoping georgia doesn't pick matty so that I can have him #bacheloretteau]]></document>
		<document><![CDATA[is trump even a real person]]></document>
		<document><![CDATA[I live for this shit https://t.co/VmzgWWWn2E]]></document>
		<document><![CDATA[can't believe it, an idol to so many whether it be for skateboarding or style  #RIP https://t.co/MSFugz1Gpm]]></document>
		<document><![CDATA[it's all good I didn't even wanna go to justin bieber anyway]]></document>
		<document><![CDATA[the only song I listen to at the gym https://t.co/YNOCMd0MPe]]></document>
		<document><![CDATA[honestly one of the most incredible albums @boniver https://t.co/uLjaK6FzMY]]></document>
		<document><![CDATA[honestly the person sitting next to me may as well sit on my fking lap]]></document>
		<document><![CDATA[what a day https://t.co/usnDF7mHkr]]></document>
		<document><![CDATA[got a coffee and they spelt my name "mimy" not sure if srs]]></document>
		<document><![CDATA[why am I literally I the worst mood ever right now]]></document>
		<document><![CDATA[it's that time of year (aka the best time of year) https://t.co/bBcrDdycBH]]></document>
		<document><![CDATA[we have been given so many incredible albums this year, I don't think I can handle anymore]]></document>
		<document><![CDATA[@Balmain soundtrack is always so unique and cool]]></document>
		<document><![CDATA[@ASAPferg IS IN THE BUILDING]]></document>
		<document><![CDATA[WALLS by @KingsOfLeon is honestly the most beautiful song]]></document>
		<document><![CDATA[this photoshoot of harry has me ded]]></document>
		<document><![CDATA[ok I need to try the pumpkin spice latte bc halloween]]></document>
		<document><![CDATA[wearing my pablo shirt today but really I'm listening to etta james  #controversial]]></document>
		<document><![CDATA[Anthony Vaccarello.... you did good #PFW]]></document>
		<document><![CDATA[YSL SS17 #PFW https://t.co/WKfqRJUuWd]]></document>
		<document><![CDATA[YSL SS17 #PFW https://t.co/9hKKiaF7Oy]]></document>
		<document><![CDATA[@Target please put your christmas decorations away it's september]]></document>
		<document><![CDATA[why does australia continue to neglect the fact that halloween exists]]></document>
		<document><![CDATA[I made a packed to not go out for the two weeks before listen out and I have failed miserably]]></document>
		<document><![CDATA[It's my #Twitterversary! I have been on Twitter for 3 years (since 24 Sep 2013).
And you? https://t.co/j9ua83Muho]]></document>
		<document><![CDATA[her talent is so overlooked, she's incredible ! https://t.co/jbt97hudue via @YouTube]]></document>
		<document><![CDATA[goes without saying but celebrities are still human and that guy deserved the elbow to the face https://t.co/b5d3udpGEd]]></document>
		<document><![CDATA[fendi ss17 hair and makeup was the cutest I'm in love  #MFW]]></document>
		<document><![CDATA[need these in my life #GucciSS17 https://t.co/T5p3VOCy4I]]></document>
		<document><![CDATA[what the hell no they were everything #Bradgelina https://t.co/8UnAzoSqRs]]></document>
		<document><![CDATA[COACH SS17 #LFW https://t.co/5RQHGmzsTX]]></document>
		<document><![CDATA[COACH SS17 #LFW https://t.co/LcVHwlg1N5]]></document>
		<document><![CDATA[BURBERRY FW16 #LFW https://t.co/W91QQCOoVc]]></document>
		<document><![CDATA[BURBERRY FW16 #LFW https://t.co/YAoGI7n5dt]]></document>
		<document><![CDATA[I accidentally chatted up a 33 yr old guy last night ????]]></document>
		<document><![CDATA[the episode was so intense I'm emotional]]></document>
	</documents>
</author>