<author lang="en">
	<documents>
		<document><![CDATA[It's still a shit idea. https://t.co/hSF7eznKGf]]></document>
		<document><![CDATA[The Heckler's Veto is bullshit. Artists need to stop apologizing to butthurt pieces of shit that threaten them. Gro… https://t.co/s8UqQcpS4F]]></document>
		<document><![CDATA[The Moon, Venus, and Mars are looking great right now. Mars is a bit faint in the city, but there.]]></document>
		<document><![CDATA[I didn't know fat and rude counted as a disability in the accommodations sense.]]></document>
		<document><![CDATA[@WesleyLowery I thought she said she wasn't sure re constitution, but thought EO was unwise and unjust?]]></document>
		<document><![CDATA[If one of the firearms used was an AK-47, that's interesting because they are prohibited weapons in Canada. I suspect the ID will be changed]]></document>
		<document><![CDATA[Grab throat, get smote. https://t.co/esh1vqvAwD]]></document>
		<document><![CDATA[Fuck this shit. https://t.co/ONPJNJmoDz]]></document>
		<document><![CDATA[.@JustinTrudeau you and your government are gutless.]]></document>
		<document><![CDATA[I wouldn't trust that. DHS said they were banned. https://t.co/xiVG6GQG4t]]></document>
		<document><![CDATA[@IceNine absolutely. But not by vaping.]]></document>
		<document><![CDATA[@ClarkHat their makeover isn't better.]]></document>
		<document><![CDATA[@bitteranagram the ancaps are still here. You've got work to do yet.]]></document>
		<document><![CDATA[@ErrataRob in this instance the smallest minded press. The hands were not 'shopped. https://t.co/KctwqqTG6s]]></document>
		<document><![CDATA[@politicalmath heh, well we're Canadian and we didn't have anything equivalent to the BoR until 1985, my early teens. ;)]]></document>
		<document><![CDATA[@politicalmath they weren't home schooled though, except on Marxism.]]></document>
		<document><![CDATA[@politicalmath I haven't seen the movie yet, but from reviews this family sounds very similar to a family of Communists I knew.]]></document>
		<document><![CDATA[@jessesingal @PostTV is it Sassy Trump? Because if it ain't Sassy Trump, I'm not watching.]]></document>
		<document><![CDATA[@bitteranagram that's the worst part.]]></document>
		<document><![CDATA[That's a lovely smell of exhaust. I suppose I should panic.]]></document>
		<document><![CDATA[@DancingPolanski huh, that usually doesn't work. ;)]]></document>
		<document><![CDATA[@DancingPolanski should have went with cleavage.]]></document>
		<document><![CDATA[That's the hottest take I got. Sorry.]]></document>
		<document><![CDATA[Q: What do you call people from places where "punching Nazis" is the norm?

A: Refugees.]]></document>
		<document><![CDATA[@wesjkam with the crazy spending he's got in mind he might not be able to.]]></document>
		<document><![CDATA[@artcarden @Forbes we shouldn't regulate alcohol and tobacco like we regulate alcohol and tobacco.]]></document>
		<document><![CDATA[@ClarkHat that depends on if I agree with the statements or not.]]></document>
		<document><![CDATA[The polls told him so. https://t.co/KmJNY7S6WS]]></document>
		<document><![CDATA[The police are fundamentally incapable of dealing with this crisis. https://t.co/LNgi012kxh]]></document>
		<document><![CDATA[.@SheriffClarke you get people arrested for talking to you. Fuck off, tyrant.]]></document>
		<document><![CDATA[Views I don't like must not be permitted. In the name of progressive "tolerance" probably. Pathetic. https://t.co/7mfinMJL6L]]></document>
		<document><![CDATA[Nevertheless, it leaves us all worse off, even if I can understand the inherent beauty of the symmetry.]]></document>
		<document><![CDATA[However, I find myself torn. This is, after all, pretty standard prog scumbag tactics being used against their own.]]></document>
		<document><![CDATA[Suspending a comic for cracking a joke about Barron Trump is idiotic.]]></document>
		<document><![CDATA[Let's make hate crime laws. What could go wrong? https://t.co/GljpjyAVlB]]></document>
		<document><![CDATA[@MMARoasted did Trump win it with a front kick? I looked down.]]></document>
		<document><![CDATA[#RunThemDown https://t.co/LCHeJ11lYt]]></document>
		<document><![CDATA[And if you think someone who writes jokes for a living should pass one up just because it's a low blow, the safe space is over there.]]></document>
		<document><![CDATA[Sure it's kind of low class to rag on Baron Trump, but welcome to the public eye kid.]]></document>
		<document><![CDATA[Thanks again for the miserable commute, @TransLink.]]></document>
		<document><![CDATA[@CostaSamaras @stephaniefysh it's also at https://t.co/ebtaBfLFWN, along with everything else.]]></document>
		<document><![CDATA[@ClarkHat it fucking well will be if it's my property and I catch the scumbags.]]></document>
		<document><![CDATA[@edkrayewski I lean anarchist. I can't stand the idiots at riots that call themselves anarchists.]]></document>
		<document><![CDATA[@edkrayewski antifa are just fascists that call themselves antifa.]]></document>
		<document><![CDATA[They're not fucking protesters. https://t.co/AuLTIrZYYZ]]></document>
		<document><![CDATA[@HatredIsMyMuse that's what we do in Canada.]]></document>
		<document><![CDATA["Protesters"

Fuck these guys. https://t.co/o72WdrIwrR]]></document>
		<document><![CDATA[Fender bender (crush under the back bumper actually) on Broadway at Commercial. Westbound.]]></document>
		<document><![CDATA[Of course it does. https://t.co/BJUe53B4fV]]></document>
		<document><![CDATA[@St_Rev sorry about the pain, Rev.]]></document>
		<document><![CDATA[@St_Rev he's never retweeted Neil DeGrasse Tyson.. Not even once.]]></document>
		<document><![CDATA[The US, too, could have had empty, wasted cities! https://t.co/0iaKVAUajV]]></document>
		<document><![CDATA[Long past time, actually. https://t.co/Rz18p7QL4Z]]></document>
		<document><![CDATA[I don't think many of the lazy assholes who don't wait think about that.]]></document>
		<document><![CDATA[My building has shitty security: you get access to the garage, you have access to the building.]]></document>
		<document><![CDATA[Looks like the scum that did it got some bikes. No big deal. However...]]></document>
		<document><![CDATA[But I live with inexcusably lazy people. Almost no one waits for the garage door to close. So, we get hit a lot.]]></document>
		<document><![CDATA[Came home to find the garage in my building had been bitten into again. At least they left my truck alone this time.]]></document>
		<document><![CDATA[@sladesr to maintain the principle?]]></document>
		<document><![CDATA[No. Fuck off. https://t.co/yuTUmMU6g8]]></document>
		<document><![CDATA[Government arrogance. #SavedYouAClick https://t.co/grSrYX7SCy]]></document>
		<document><![CDATA[Fuck off, thieves. https://t.co/3Xby6SrBin]]></document>
		<document><![CDATA[@EnigmaArcana bylaw enforcement officers are probably cheaper.]]></document>
		<document><![CDATA[Why is this a police matter? https://t.co/w5G2GWDw2P]]></document>
		<document><![CDATA[Greene$t Shitty. https://t.co/8OkI21gEqF]]></document>
		<document><![CDATA[@St_Rev I get the idea, but I can't bring myself to play that game.]]></document>
		<document><![CDATA[@ClarkHat I'm thankful it was there when I needed it. I'm thankful I haven't needed it for 6 years now.]]></document>
		<document><![CDATA[@elizabethgeno @Popehat when there was a bus strike here the bus drivers union successfully sued a private startup as scab labour. Fuck em.]]></document>
		<document><![CDATA[In Canada our universal health insurance typically covers 0% of the cost of birth control, but somehow, I don't know how, women can get it.]]></document>
		<document><![CDATA[@GaltsGirl and leave out the polenta.]]></document>
		<document><![CDATA[@grenouf I'm glad that's a parody. I'm no Putin fan, but the man is a combat athlete. Judo and Combat Sambo.]]></document>
		<document><![CDATA[Government is just a word for the way we tell the homeless to fuck off and freeze to death together. @ParkBoard]]></document>
		<document><![CDATA[This is some cruel bullshit by @ParkBoard https://t.co/cvkdrBhYZk]]></document>
		<document><![CDATA[This is such a blatantly garbage excuse. https://t.co/b5zv8WzZW5]]></document>
		<document><![CDATA[Good. A crackdown is a stupid idea. https://t.co/yjCbEjpt2Z]]></document>
		<document><![CDATA[@puellavulnerata she's blocked me twice.]]></document>
		<document><![CDATA[@EsotericCD couldn't both 1 and 2 be true?]]></document>
		<document><![CDATA[@BrowningMachine really? Isn't he proposing things that will lead to more deficit spending?]]></document>
		<document><![CDATA[@seanmdav when I was in South Africa years ago I spoke to someone who engaged in a gunfight with a picked up gun. Impossible with this.]]></document>
		<document><![CDATA[@LucyStag she asks rhetorically...]]></document>
		<document><![CDATA[@Hal_RTFLC regardless, who cares what the head of the CIA thinks about climate change?]]></document>
		<document><![CDATA[@EnigmaArcana all the cool kids are racist these days.]]></document>
		<document><![CDATA[WTF is environmental racism?]]></document>
		<document><![CDATA[Civil forfeiture is theft. https://t.co/4TTF8UN5NQ]]></document>
		<document><![CDATA[@EnigmaArcana look, the video of me, the hookers, and the bike helmets was supposed to be for personal use only.]]></document>
		<document><![CDATA[When it was time to do city shit, he failed. Too much "greenest city" masturbation. https://t.co/G2eQwODtr0]]></document>
		<document><![CDATA[@ClarkHat you don't need the butter knife. It's just funnier that way.]]></document>
		<document><![CDATA[@AsherLangton I've had it happen on the Twitter client for Android too.]]></document>
		<document><![CDATA[It's not the government's fault. Never theirs. https://t.co/JrvrCAGdga]]></document>
		<document><![CDATA[@politicalmath Myst and Riven were gorgeous. My game group GM still has the sound tracks on rotation.]]></document>
		<document><![CDATA[@edkrayewski that's a pretty strong condemnation of the IC.]]></document>
		<document><![CDATA[@robbysoave what'd we do this time?]]></document>
		<document><![CDATA[@0xdeadbabe I've only seen than screenshot as proof, though. I *want* to believe...]]></document>
		<document><![CDATA[@puellavulnerata @0xdeadbabe this campaign wasn't painful enough?]]></document>
		<document><![CDATA[@SShackford but isn't that what actually happens? Low faith in government =&gt; more demand for government?]]></document>
		<document><![CDATA[@jaspergregory just wait until the evangelicals defend golden showers...]]></document>
		<document><![CDATA[@puellavulnerata sounds like he paid people to whizz on it for him though?]]></document>
		<document><![CDATA[@robbysoave it is kind of sad. It's not hard.]]></document>
		<document><![CDATA[@bobbyboucher604 happy birthday. Have a good one!]]></document>
		<document><![CDATA[@IceNine @quillfeather I would have got away with it too, if it weren't for you meddling kids!]]></document>
	</documents>
</author>