<author lang="en">
	<documents>
		<document><![CDATA[@JoshMalina the cat from Raising Arizona?]]></document>
		<document><![CDATA[All I hear is Icky Thump by The White Stripes. You can't be a pimp and a prostitute too.]]></document>
		<document><![CDATA[Please be true https://t.co/pGCwGYBUlM]]></document>
		<document><![CDATA[As someone who lives near a superfund sight due to no regs I'm scared for my son's future. See recent deaths of 300… https://t.co/wYBTajUmUx]]></document>
		<document><![CDATA[I hope he's not still using personal emails. That would be terrible. #trumpregrets https://t.co/Oob5ANqCyt]]></document>
		<document><![CDATA[Let's worry about what was said on Fox News and crowd size. Important stuff. https://t.co/cGUwYF7BPs]]></document>
		<document><![CDATA[@SheriffClarke perhaps u should worry about those in your care first before u worry about legitimate protests. https://t.co/aqjqdC5AkF]]></document>
		<document><![CDATA[Good for you @mcgregor_ewan . Don't give hate a voice. https://t.co/eyCFyE4fb4]]></document>
		<document><![CDATA[@MaryscottOC @Richard_Schiff @POTUS Now spread the word and tell others to follow @UnfollowTrump! Also consider following @UnfollowVP!]]></document>
		<document><![CDATA[Now spread the word and tell others to follow @UnfollowTrump! Also consider following @UnfollowVP! #mutemonday]]></document>
		<document><![CDATA[This is the stuff that will keep me going until 2018 and beyond. https://t.co/tugTG07gKq]]></document>
		<document><![CDATA[Healthcare, education, refugees...things I'd like @POTUS and The White House to focus on #Inauguration https://t.co/1yw90ja1Oq]]></document>
		<document><![CDATA[Telling an intelligence community God controlled the weather. https://t.co/XHnJy4CZF3]]></document>
		<document><![CDATA[@SenatorTester proud to have voted for you today.]]></document>
		<document><![CDATA[2 💭 on the pic: 1) Give me the ransom money or I murder your wife and kids. 2) he is drawing dick pics like a 12 y/… https://t.co/6IrrKJjdOa]]></document>
		<document><![CDATA[@MrJonCryer @70Ceeks and give me a giant eagle to cap it off]]></document>
		<document><![CDATA[@realDonaldTrump this assumes very ill 90 year olds are not only checking twitter but that they know what twitter is in first place.]]></document>
		<document><![CDATA[@realDonaldTrump this pic looks like you are actually writing, "give me three million dollars or I kill your wife and kids."]]></document>
		<document><![CDATA[This will haunt me in the night. https://t.co/UwxPFJsbWd]]></document>
		<document><![CDATA[@realDonaldTrump @NBCNews going to be a long 4 years if you feel the need to insult those who parody you or those who report the facts]]></document>
		<document><![CDATA[@realDonaldTrump Learn to thread a tweet! I'll be expecting an apology from you to Rep Lewis and Atlanta soon then.]]></document>
		<document><![CDATA[@realDonaldTrump this tweet from 5 hours earlier isn't divisive. NOT! Sadly it's one of the tamer ones. Act preside… https://t.co/EH447qKth2]]></document>
		<document><![CDATA[@realDonaldTrump these multiple tweets are disgusting. Dog whistles are not presidential. You represent me and I'm appalled.]]></document>
		<document><![CDATA[Quoting OANN for Trump support is like using Food Network to defend Guy Fieri's hair. https://t.co/YrlOE4y17M]]></document>
		<document><![CDATA[no access to PP, limited spending cap, expensive preventative checkups, and unaffordable birth control. that seems… https://t.co/ifVDbqeWvL]]></document>
		<document><![CDATA[Journalists seem to be under fire. Threats on social media, lied to, called horrific names, put on hit lists, and t… https://t.co/PVsh3frmgX]]></document>
		<document><![CDATA[Has he gone off the rail so much to think this looks good/real? Staples made$ on paper and folders 30 mins before s… https://t.co/7cAlcIOH2K]]></document>
		<document><![CDATA[I plan to place folders full of photocopied pictures of my ass on a table tmrw. I'm going to be convincing ppl I need a raise. #seemslegit]]></document>
		<document><![CDATA[@realDonaldTrump the problem is you've called legitimate stories fake just because you didn't like the story. Cry wolf &amp; lose credibility]]></document>
		<document><![CDATA[@KellyannePolls @Reince @SpeakerRyan @ScottWalker @greta @RonJohnsonWI @SamCrowley or this one https://t.co/O8D6ig6WOS]]></document>
		<document><![CDATA[@realDonaldTrump why wouldn't you want him to announce? Seems cold-hearted and spiteful. He's like everyone's grand… https://t.co/FRk4xh7wnF]]></document>
		<document><![CDATA[@realDonaldTrump I can't believe you are choosing to personify Dirty Laundry. The Eagles have cooler songs to guide you.]]></document>
		<document><![CDATA[@Omundson didn't think it possible you could get cooler in my eyes. You've risen to cool-as-f*** now.]]></document>
		<document><![CDATA[@realDonaldTrump or 9 of her 10 minutes were falsehoods that couldn't be aired. Discussing how you won popular vote… https://t.co/XQpLDIbA9p]]></document>
		<document><![CDATA[You repeatedly undermine the intelligence community and the work they do. this tweet makes you look like an A-hole.… https://t.co/XFb85pDnia]]></document>
		<document><![CDATA[There was a time when this meant she was no longer a pick. Now lying, cheating, and corruption are qualifications t… https://t.co/RxXucisioe]]></document>
		<document><![CDATA[Watching season 1 of West Wing. Is that @Nick_Offerman wanting a wolves only highway? How anti Ron Swanson]]></document>
		<document><![CDATA[Ask Pussy Riot if we want Russia solving problems. https://t.co/xXYVP8JKRs]]></document>
		<document><![CDATA[@realDonaldTrump this seems like an overcompensating tweet for small hands.]]></document>
		<document><![CDATA[Does he not understand the term influence? Why does he treat hacking and disclosure of personal emails so flippantl… https://t.co/YN2Gvokc7v]]></document>
		<document><![CDATA[Great feeling to have PEOTUS show disdain and disrespect towards intelligence community. Bodes well for next 4 year… https://t.co/cb6x5VxC4n]]></document>
		<document><![CDATA[#Sherlock all I can say is AMAZING!]]></document>
		<document><![CDATA[Proportional response? Like losing citizenship for flag burning? https://t.co/mrujSRpf74]]></document>
		<document><![CDATA[Hordes of Geese Die on a Toxic Lake in Montana. In case you wonder what no EPA regs leave behind. #2017 https://t.co/KtoVeIJ6FE]]></document>
		<document><![CDATA[I live in area once devastated by businesses with no regulations, especially what they did to environment, this sca… https://t.co/Bh4mBf9Jcn]]></document>
		<document><![CDATA[It's like he doesn't know what he signed up for as President and is just making it up. https://t.co/FW2fXfEwnz]]></document>
		<document><![CDATA[Another great message from my soon to be President. Oh wait, Americans and those who oppose him are now enemies? So… https://t.co/Vs5qKl53Yy]]></document>
		<document><![CDATA[@realDonaldTrump is this statement based on intelligence briefings, whimsy, or just made up on the spot?]]></document>
		<document><![CDATA[Better title includes Trump takes credit for history. Next article: how Trump brought back Apollo 13 from brink. https://t.co/mRnpcSywPm]]></document>
		<document><![CDATA[Now he's telling us to thank him. This presidency won't be awful. https://t.co/6d0LPsoLC4]]></document>
		<document><![CDATA[And let's all come together to work towards a better world. https://t.co/bqG1DU67ZK]]></document>
		<document><![CDATA[@realDonaldTrump more drunk tweets from pres elect. Trying to feed ego more. Might as well yell 'Tell me I'm pretty!']]></document>
		<document><![CDATA[@realDonaldTrump I think there was a lot of hope. I'm spending $ trying to bring some joy before the Jan 20th storm.]]></document>
		<document><![CDATA[@realDonaldTrump it's like he can't let pitches in the dirt go by. Next he'll be arguing with a 4yo over whether Marshall or Chase is best.]]></document>
		<document><![CDATA[@realDonaldTrump kind of reminds me of the rich white dudes club that is our upcoming Cabinet]]></document>
		<document><![CDATA[@realDonaldTrump great, the PEOTUS is drunk tweeting now.]]></document>
		<document><![CDATA[Only a narcissistic idiot would post a picture like this. Why are you promoting fisting or small hands on Christmas? https://t.co/YJAc8bk0td]]></document>
		<document><![CDATA[Seems like the RNC is sending out coded messages asking for help. Donald Trump has them hostage and wants them to b… https://t.co/b5ko5m1kBe]]></document>
		<document><![CDATA[Just what I need. A picture of you cheering. https://t.co/YJAc8bk0td]]></document>
		<document><![CDATA[I'm going to attempt to not be sad at Christmas that these amazing people are not going to be in the White House mu… https://t.co/XqyfZ1Yy17]]></document>
		<document><![CDATA[@laurenduca sad ppl have to resort to disgusting levels toward someone they don't agree with. You are amazing, just ignore the idiots.]]></document>
		<document><![CDATA[I absolutely ❤️ Cars of the People. Recommend to everyone! https://t.co/J4tHbtmXS0]]></document>
		<document><![CDATA[@realDonaldTrump or someone else could run it for him and remove any conflicts. Something that was trustworthy but blind to your son.]]></document>
		<document><![CDATA[@realDonaldTrump quotes from someone who punishes those that speak against him. Pussy Riot sure was treated with dignity]]></document>
		<document><![CDATA[@realDonaldTrump R U asking us to fight back against religion? Or just the ones you don't like? PS stop f****** tweeting &amp; be my President!]]></document>
		<document><![CDATA[@realDonaldTrump Blind trust and not entangling kids and WH would also help. Having kids put fingers in multiple pies for my $ Wrong Answer!]]></document>
		<document><![CDATA[Will someone please take away his twitter? Before he starts selling off Alaska in exchange for a new Trump Tower in… https://t.co/xqQK8AUZvx]]></document>
		<document><![CDATA[@realDonaldTrump we have a sitting president. This sort of thing undermines America and the entire presidency. Get your ego in check.]]></document>
		<document><![CDATA[Trump usurping POTUS, flippantly tweet nukes, mad ppl won't come to his party and wants worse military. I'm bad for not giving him chance.]]></document>
		<document><![CDATA[@realDonaldTrump this is barely understandable but I think you are telling us you are a child and taking your toys and going home.]]></document>
		<document><![CDATA[Can someone pls take away @realDonaldTrump twitter before he permanently hurts America. #notfunnyanymore isn't it a security risk?]]></document>
		<document><![CDATA[@realDonaldTrump not everything in the world is run like your bankrupted businesses. You understand we look unorganized and weak now right?]]></document>
		<document><![CDATA[@realDonaldTrump since security briefings are not a top priority, should you even have an opinion on this?]]></document>
		<document><![CDATA[@comteotuli  I'm confused what PEOTUS statement has to do with winning election? Nuclear weapons shouldn't be trivialized to tweets.]]></document>
		<document><![CDATA[@realDonaldTrump I want you, as my pres, to do thoughtful work to bring world together. How do you think the world responds? Bully mindset]]></document>
		<document><![CDATA[Bullies need to arm themselves until everyone is afraid of them. Presidential logic bringing US into despair and fe… https://t.co/avXF2ybwAh]]></document>
		<document><![CDATA[PEOTUS is surrounded with ppl planning to f*** over the planet, workers, middle class, POC, women. DTS is just a se… https://t.co/2EvcnjAoKk]]></document>
		<document><![CDATA[@realDonaldTrump can't win, lose, or draw graciously. What a bully. Embarrassed that this is my President. https://t.co/5sTOTeKnXg]]></document>
		<document><![CDATA[@realDonaldTrump doing what is best for America is hard when your ego is the driving force. https://t.co/wWZcVt6b40]]></document>
		<document><![CDATA[@realDonaldTrump does the change in thinking involve presidential diplomacy? Or just being the child-like bully as… https://t.co/r91pUqad99]]></document>
		<document><![CDATA[@realDonaldTrump darn those media people for sharing news you don't like. It is almost as if you are attempting to… https://t.co/7SW9fcOJMO]]></document>
		<document><![CDATA[@realDonaldTrump Someone who knows so little about diplomacy, yet also tweets so little about diplomacy. What chang… https://t.co/gYabcB7e9J]]></document>
		<document><![CDATA[It's like he lives in a fantasy world where hate crimes and a pizzeria attack weren't attached to him. Show me the… https://t.co/V5BdnR8f9X]]></document>
		<document><![CDATA[you promote hate, push lying news, and call out those that oppose you. makes me think you are acting like a dictato… https://t.co/jp02hPfOS2]]></document>
		<document><![CDATA[I'm sickened by this. Why am not hearing more about this in my Montana news? Are Montanans too embarrassed to cover… https://t.co/ITfoqua76k]]></document>
		<document><![CDATA[Scary. WTF is PEOTUS doing? Does he even know? Pls tell me it's not gut feelings or who kisses ass the best. https://t.co/7gxsmLxly9]]></document>
		<document><![CDATA[Unpresidented is exactly what he looks like. Nothing but a bully who dares someone to stand up to him. How does he… https://t.co/ibJ9ZKxc8E]]></document>
		<document><![CDATA[@realDonaldTrump Acting like a narcissistic A-hole barely worked in business. This attitude reflects pussy-grabbers… https://t.co/upV9KT6mlD]]></document>
		<document><![CDATA[It's like he doesn't care about diplomacy or living in the world. Hasn't someone told him what presidential looks l… https://t.co/z2WZb8rYbC]]></document>
		<document><![CDATA[The cyberattack where only one side's emails were revealed. I'd hate to hear DJT emails if he says grabbing pussies… https://t.co/jxuGYPOxHx]]></document>
		<document><![CDATA[Watching the new Bourne 🎥. Realizing I should have watched the older ones to catch up.]]></document>
		<document><![CDATA[@michaelianblack @GiddensBrian will PEOTUS be going out and gathering intelligence? Exec Prod a reality show seems to be time consuming]]></document>
		<document><![CDATA[I also devote little time to things I conceived and have (not had) a big stake in. That's why I'm a great    parent. https://t.co/vHpb7eZsv6]]></document>
		<document><![CDATA[This is how people get hurt. https://t.co/pypc9C4uHg]]></document>
		<document><![CDATA[Sounds like a petulant 👶. People say mean things, what am I supposed to do? Act presidential? No way! https://t.co/pypc9C4uHg]]></document>
		<document><![CDATA[@realDonaldTrump with news that you don't receive important briefings, maybe not just talk about trivial things that feed your ego.]]></document>
		<document><![CDATA[Let's just go ahead and throw out the Bill of Rights. Is it too much that I expect more from my President??… https://t.co/jOS4Pa7VCZ]]></document>
		<document><![CDATA[Colombia plane crash, Ohio State attack, OSU police officer. Three things #Trump could be tweeting about this morni… https://t.co/qSov8EFB7W]]></document>
		<document><![CDATA[Nothing on the OSU tragedy though. https://t.co/1rKDgD2jvo]]></document>
		<document><![CDATA[Someone hasn't broken all electronic devices yet? How is he still talking? https://t.co/S6p6k5mMaW]]></document>
	</documents>
</author>