<author lang="en">
	<documents>
		<document><![CDATA[And the countdown begins https://t.co/ahWVWnG4vn]]></document>
		<document><![CDATA[No ‘G’day, mate’: On call with Australian prime minister, Trump badgers and brags https://t.co/qTduYZ7kFa]]></document>
		<document><![CDATA[The 45th President of the United States... https://t.co/yeTkV91WB1]]></document>
		<document><![CDATA[@PatrickRuffini @kylegriffin1 not everyone on Twitter is American]]></document>
		<document><![CDATA[@conor64 @NRO @TheAtlantic Obama's supposed 6 month ban has been debunked by @washingtonpost https://t.co/p7X5qPZiX4]]></document>
		<document><![CDATA[@danmericaCNN dude, you're still confusing two different programs]]></document>
		<document><![CDATA[@paulbrislen and Americans are still paying for the wall]]></document>
		<document><![CDATA[@ChrisWarcraft @iglvzx apparently he was being interviewed because he'd already been punched]]></document>
		<document><![CDATA[Trump's wall: Mexican construction firms likely to be biggest winners https://t.co/EXksCGUZAt]]></document>
		<document><![CDATA[@Rabiddogg @woodruffbets ah, so you're proposing govt has access to all bank transactions?]]></document>
		<document><![CDATA[@Rabiddogg @woodruffbets that's a tax paid by people in the US...]]></document>
		<document><![CDATA[@WhiteHouseLeak @FoxNews @POTUS @FoxNewsInsider how are either options making Mexico pay?]]></document>
		<document><![CDATA[@rnz_news really? Did anyone bother to look at whether this interpretation was accurate? @LI_politico]]></document>
		<document><![CDATA[@HeerJeet Make America Great Again!]]></document>
		<document><![CDATA[@paulbrislen @BelTel I hadn't even considered that angle]]></document>
		<document><![CDATA[@paulbrislen @BelTel and UK govt banks symbolic win before it even gets to the negotiating table...]]></document>
		<document><![CDATA[Another one down... https://t.co/ZFcReAzQUm]]></document>
		<document><![CDATA[@lyndabrendish @runolgarun without downplaying potential for it to get passed, similar Bill has been before Congress since at least 2005]]></document>
		<document><![CDATA[@dairymanNZ I don't follow but his tweets have started appearing in my timeline @Support]]></document>
		<document><![CDATA[@HeerJeet @DouthatNYT @mattyglesias only in America could candidate with ~3m more votes than other guy be accused of being bad at politics]]></document>
		<document><![CDATA[@paulbrislen @geoffwhite247 yes, that will really hurt the average Leave voter]]></document>
		<document><![CDATA[The next four years could be truly entertaining... https://t.co/iqDcV8WSZk]]></document>
		<document><![CDATA[$359 for a filling! Teeth are expensive]]></document>
		<document><![CDATA[@mattyglesias probably helps she never said that]]></document>
		<document><![CDATA[@HeerJeet @washingtonpost so he's saying people won't get to keep their plans?]]></document>
		<document><![CDATA[Finally #GBvsDAL]]></document>
		<document><![CDATA[Well shit, one of my teeth just broke]]></document>
		<document><![CDATA["If this had been a real fire... we would probably give him an award... for bravery. Unfortunately there was no fir… https://t.co/bQJU96uJVo]]></document>
		<document><![CDATA[@pwnallthethings @Max_Fisher just like the birtherism bullshit he peddled was well sourced, karma's a bitch]]></document>
		<document><![CDATA[@StuFlemingNZ combined with an economy thats been shrinking since Jan 2015]]></document>
		<document><![CDATA[@AndyMuir22 I guess that was inevitable if the other option is risking a card]]></document>
		<document><![CDATA[@AndyMuir22 how bad is it?]]></document>
		<document><![CDATA[@conor64 is this a ban or just limiting access to subsidised study?]]></document>
		<document><![CDATA[@LI_politico it appears to be the seal of the Office of the Speaker https://t.co/KfgPH4uMvH]]></document>
		<document><![CDATA[@thegarance @LI_politico pretty sure those embassies will continue to offer consular services with or without an Ambassador present]]></document>
		<document><![CDATA[@MuslimIQ @LI_politico verse 17 should give it away, if nothing else does]]></document>
		<document><![CDATA[Aha, maybe this explains why he wanted to declare war on us? https://t.co/Ealga0cv4E]]></document>
		<document><![CDATA[@bartongellman does that take time differences into account?]]></document>
		<document><![CDATA[Apparently we're at war? https://t.co/c19ixstv3h]]></document>
		<document><![CDATA[Xmas shopping is done &amp; wine is being consumed. Not a bad Friday night really]]></document>
		<document><![CDATA[$13 a pint for a 2% beer!]]></document>
		<document><![CDATA[@joshtpm you probably need to read some recent scholarship if you're relying on Fischer's thesis]]></document>
		<document><![CDATA[submitting an expense claim for a Whoopie Pie]]></document>
		<document><![CDATA[@JalenRose @NFL surely the schedule can be arranged so teams only play Thursday after a bye?]]></document>
		<document><![CDATA[That's a decent sized Christmas tree https://t.co/v8iUqWPJv5]]></document>
		<document><![CDATA[Dude wandering round Qantas lounge in his PJs really needed to shake a few more times]]></document>
		<document><![CDATA[@farmerjase free concerts &amp; light shows in botanical gardens every night10-29 Jan https://t.co/YolGwullAX]]></document>
		<document><![CDATA[Someone want to ask Paddy if he's still certain about that September 23 election date prediction?]]></document>
		<document><![CDATA[This is soooooooooooo reassuring right now https://t.co/DyWvbH0ppv]]></document>
		<document><![CDATA[@jonlovett its a legit question, but the way he frames it is unnecessarily vague &amp; provocative]]></document>
		<document><![CDATA[@mathieuvonrohr what about the rest of us? At what point do we start considering US might be a rogue state for next 4 years?]]></document>
		<document><![CDATA[Trying to book last minute flights at this time of year is not great]]></document>
		<document><![CDATA[That didn't take long https://t.co/75O4Se9nhx]]></document>
		<document><![CDATA[@HeerJeet don't worry, China knows how to deal with unstable leaders, they've had plenty experience with the mob in Pyongyang]]></document>
		<document><![CDATA[@Max_Fisher you guys do like to go on about being exceptional. Maybe this will be a legitimate example]]></document>
		<document><![CDATA[@LI_politico Japan did earlier this month]]></document>
		<document><![CDATA[Yes, felt that one on the 8th floor! https://t.co/4rqaXm6M2t]]></document>
		<document><![CDATA[Healthy lunch https://t.co/kJXDLYB1xS]]></document>
		<document><![CDATA[@mikiebarb @jonfavs @nytimes ffs, calling Nigel Farage a foreign leader is ridiculous]]></document>
		<document><![CDATA[Well that's probably not good... https://t.co/gQ7in7qfLM]]></document>
		<document><![CDATA[One bus breaks down on Lambton Quay and the rest are backed up to Courtney Place https://t.co/iajp9ohf3N]]></document>
		<document><![CDATA[Facebook not the only org with a fake news problem https://t.co/5K69wKAJzi]]></document>
		<document><![CDATA[@kirsty_johnston @dcleaverNZH seem to remember there was a 20yr old prop in our 1st XV in late 80s. He'd stayed for the tour of UK &amp; Canada.]]></document>
		<document><![CDATA[@Giggly_Jordan sign up to Youshop]]></document>
		<document><![CDATA[@real_Deity all the big bottled waters (2L+) and torches were sold out at the one I went to this morning]]></document>
		<document><![CDATA[@mattyglesias @charlie_savage nope. He obviously sees himself as chief minister and Trump as Henry VIII]]></document>
		<document><![CDATA[Not at all worrying :) https://t.co/3fneMHRs9Y]]></document>
		<document><![CDATA[Oceania has always been at war with Eastasia https://t.co/jFClSp2n4A]]></document>
		<document><![CDATA[@kshipwhitecat @HeerJeet Department of the Treasury, Department of Education, DHS, etc etc]]></document>
		<document><![CDATA[@HeerJeet if he doesn't know about WH, what plans have been made for filling gaps in departments?]]></document>
		<document><![CDATA[@tepunamike that's basically RCEP?]]></document>
		<document><![CDATA[@Dean_Nimbly @grumpybirb 🙄 I'd never vote for Key but comparing him to Trump is ludicrous]]></document>
		<document><![CDATA[Amazing #electionday https://t.co/i8NJHUTQzy]]></document>
		<document><![CDATA[@joshtpm Clintons have a big decision to make over the next couple of months - whether to stay in the US or go into exile for next 4 yrs]]></document>
		<document><![CDATA[@LemieuxLGM @kiragoldenberg probably a good chunk of them will have voted for Trump as well]]></document>
		<document><![CDATA[Love to be a fly on the wall in the Pentagon right now #ElectionNight]]></document>
		<document><![CDATA[@ForeignPolicy Only 11 of them, maybe only 10]]></document>
		<document><![CDATA[So, wonder if this result will influence the way some of the EU countries want to engage with UK over Brexit]]></document>
		<document><![CDATA[That's probably it.  President Trump. It really is an Exceptional country https://t.co/VSaUIXDhJC]]></document>
		<document><![CDATA[@PoliticsWolf @LOLGO why wouldn't GOP confirm a Trump nominee?]]></document>
		<document><![CDATA[@paulbrislen Shit, thanks for reminding me!]]></document>
		<document><![CDATA[Washington's gonna be a fun place to be for the next four years]]></document>
		<document><![CDATA[Well America, its been a good run https://t.co/vNjOelIOQX]]></document>
		<document><![CDATA[Cup day is the best #NZCup16 https://t.co/Pu7FAJElGp]]></document>
		<document><![CDATA[@actparty @dbseymour see s392 of the Immigration Act]]></document>
		<document><![CDATA[What a system! https://t.co/rGip6Jf9k9]]></document>
		<document><![CDATA[Squeaky bum time for Ireland #NZLvIRE]]></document>
		<document><![CDATA[Japanese MPs setting the bar high for other Parliaments considering TPP legislation https://t.co/bKUHd9SMBN]]></document>
		<document><![CDATA[@GarethMP @publicaddress why don't you draft an SOP inserting a fair use provision?]]></document>
		<document><![CDATA[Martyn Dunne: Unsupported claims on Ministry for Primary Industries doesn't do anybody any favours https://t.co/1uobOmeyQP via @nzherald]]></document>
		<document><![CDATA[Queue already forming outside new Topshop in Wellington https://t.co/kLzzjSTgHZ]]></document>
		<document><![CDATA[First christmas present sorted #organised]]></document>
		<document><![CDATA[@joshtpm @ayeletw its a nail punch]]></document>
		<document><![CDATA[Every time I think how bad rugby refs are I watch an @nfl game and realise how much worse it could be #GBvsATL]]></document>
		<document><![CDATA[“McDonald’s Apple Pie Is the Finest Food on Earth” by @claire_mcnear https://t.co/59QJaktOoA]]></document>
		<document><![CDATA[Someone remind me again what is the value of the news media if they can't even get basic facts right]]></document>
		<document><![CDATA[@BenRoss_AKL what do you mean by "defying Treasury"?]]></document>
		<document><![CDATA[why do people feel the need to shout as soon as they start talking on the phone?  #openplanofficessuck]]></document>
		<document><![CDATA[So, likely to go to an actual trial... https://t.co/vvmIeK1zWq]]></document>
		<document><![CDATA[@publicaddress it underscores just how little "news" value there actually is in those emails]]></document>
	</documents>
</author>