<author lang="en">
	<documents>
		<document><![CDATA[The word is "expedite" not "expediate" #TV1News #WendyPetrie]]></document>
		<document><![CDATA[@GuardianBooks @MsRachelCooke Have you seen Sarah Laing's Mansfield and Me? Exceptionally good graphic novel from New Zealand.]]></document>
		<document><![CDATA[Worst earthquake I've felt in Wellington. House shook from side to side. Lights swinging. Went on for ages. #eqnz]]></document>
		<document><![CDATA[@susanhillwriter Characterisation and plot a perfect amalgamation.]]></document>
		<document><![CDATA[@ChristineBusby Congratulations  Christine. What a journey you've had since you joined "Resources"!]]></document>
		<document><![CDATA[Island Bay people please keep an eye out for my friend's Burmese cat Jack, last seen in Clyde St. DM me or @Lucylockett1 if you find him]]></document>
		<document><![CDATA[Not sure why chiropractors  can treat backs but  Maori healers can't.  Placebo effect for both : https://t.co/fdjIuTgMQn via @nzlistener]]></document>
		<document><![CDATA[Jeep Cherokee ad on @TVNZ is quite disturbing. Appears to show hands prison a woman's legs apart.]]></document>
		<document><![CDATA[#Steinhardt2016 @GemmaPeacocke awarded Excellence in Graduate Music Composition! Mama's so proud.]]></document>
		<document><![CDATA[All the way from New Zealand#Stein hard 20th Congratulations @GemmaPeacocke]]></document>
		<document><![CDATA[Food writers, where are broad beans available? Not the foul frozen ones but the fresh variety beloved by trendy recipe writers.]]></document>
		<document><![CDATA[Watching surfers at Lyall Bay, they'd be better off body surfing. 9 out of 10 can't get a ride on their board beyond 10 secs.]]></document>
		<document><![CDATA[Feel sick about this. Jesse Ferris- Bromley convicted of manslaughter of Virginia Ford. He beat her to death &amp; got 8 years. Bastard.]]></document>
		<document><![CDATA[@TVONENZ it's John Kerry who is the US secretary of state,  not John Carey.  Proof read your captions!]]></document>
		<document><![CDATA[@jonbridges66 Loved your poem about roman sandals pub years ago in @nzlistener. Cannot find &amp; would be happy to read it if you can provide.]]></document>
		<document><![CDATA[Emily Cooper @TV3nz twice says Preston found "not guilty"! Cockup.]]></document>
		<document><![CDATA[What's up with wifi service in Buckley Rd Wellington @vodafoneNZ? Have been trying to connect my Kindle for over an hour.]]></document>
		<document><![CDATA[@NYTFashion Influenced by the young Boy George?]]></document>
		<document><![CDATA[@AirFranceUS @GemmaPeacocke For 11 days we have requested that you honour your obligation to get Gemma's bags delivered. WHEN WILL YOU DO IT]]></document>
		<document><![CDATA[@AirFranceUS Is there any chance Gemma will get her suitcases back, or have they been stolen or lost by your partner company Geodis?]]></document>
		<document><![CDATA[@AirFranceUS Do you mean receipts for the replacement of items? Some are irreplaceable. Can you provide a link to the claim form please.]]></document>
		<document><![CDATA[@AirFranceUS Please honour your commitment to reunite Gemma with her suitcases today. Send someone to the partner company to retrieve them!]]></document>
		<document><![CDATA[@AirFranceUS Have you had a response from the baggage department on the delivery of @GemmaPeacocke 's luggage 8 days after she arrived?]]></document>
		<document><![CDATA[@AirFranceUS What responsibility does @AirFranceUS take for retrieving the bags you lost from @Geodis your partner company? Has been a week.]]></document>
		<document><![CDATA[@AirFranceUS Can you please inform us what time @GemmaPeacocke's suitcases will be delivered?  Thanks]]></document>
		<document><![CDATA[@AirFranceUS @GemmaPeacocke will be thrilled to receive her bags one week after she arrived in Paris. At last she'll have warm clothes &amp;meds]]></document>
		<document><![CDATA[Should Red Peak be included as an option in the flag referendum? I say Yes http://t.co/73EGFLu2hS]]></document>
		<document><![CDATA[@AirFranceUS @GeodisGroup Will @GemmaPeacocke's suitcases be delivered today? Contains asthma meds,warm clothes,essential for health/safety.]]></document>
		<document><![CDATA[@GeodisGroup @airfranceus My daughter @GemmaPeacocke has been waiting 6 days for her bags to be delivered in Paris.Please action urgently.]]></document>
		<document><![CDATA[@AirFrance Gemma has been waiting 6 days for her bags that contain asthma meds. Please require Geodis to deliver now https://t.co/30N9GKT4Bl]]></document>
		<document><![CDATA[@PaulCathalifaud My daughter's bags also lost 5 days by @airfrance @AirFranceUS &amp; maybe at Skyroad.Did you go to police? What compensation?]]></document>
		<document><![CDATA[@airfrance Hello, do you have anything to report on where my daughter Gemma's luggage is?]]></document>
		<document><![CDATA[@airfrance Gemma's bags are with Skyroad in Paris. Please call Skyroad and get them delivered today!]]></document>
		<document><![CDATA[@airfrance What time do baggage dept employees start work in France? It's now 11 hours since I tweeted you &amp; 6 days since you failed her.]]></document>
		<document><![CDATA[@airfrance What time today can my daughter expect delivery of her luggage?]]></document>
		<document><![CDATA[@airfrance I hope to hear from you within the next hour. Perhaps you could contact the courier company Air France uses &amp; demand delivery.]]></document>
		<document><![CDATA[@airfrance The ref: CDGAF43933]]></document>
		<document><![CDATA[@airfrance How are you getting on with the missing baggage investigation? I see you're there for people 24/7.]]></document>
		<document><![CDATA[@airfrance Have sent it by direct message.]]></document>
		<document><![CDATA[@airfrance when will you deliver my daughter's luggage? She's waited 4 days in Paris &amp; has no clothes or meds. This is really poor service!]]></document>
		<document><![CDATA[Love T.C.Boyle's novel "The harder they come" but my hair now "the absolutely dead marmoreal white of the rest of the duffers" unlike T.C's!]]></document>
		<document><![CDATA[What an oversight not to include this flag in the final 40! Check out this #NZflag design I found on @flagpostnz: http://t.co/tbdFg9XIJ7]]></document>
		<document><![CDATA[Claire Fuller's novel "Our endless numbered days" is creepy. Despite its Grimmish beauty the ghastly fate of the daughter is too Gothic.]]></document>
		<document><![CDATA[@francessrose Frances I've never stopped making meatloaf, though I draw the line at the recipe including banana my mother foisted on us once]]></document>
		<document><![CDATA[Loving Lily King's Euphoria but she's hit a bum note with "bloated pink Australian faces". In 1932 Australian workers poor due to the Slump.]]></document>
		<document><![CDATA[@LizzaAiken @PuffinBooks My favourite children's book which I read at 10, serialized in Princess mag. Still got Jonathan Cape ed 52 yrs on.]]></document>
		<document><![CDATA[@StatisticsNZ says from 2013 census home ownership in NZ fell to 64.8% - lowest since 1951!]]></document>
		<document><![CDATA[Reading Lily King's ex novel Euphoria based on Margaret Mead &amp; husbands Fortune &amp; Bateson.Reo Fortune a Kiwi but no NZ biography's published]]></document>
		<document><![CDATA[The Rainbow Warrior - 30 years on http://t.co/OpNeK0Il3X via @nzherald]]></document>
		<document><![CDATA[Lyall Bay on a wintery day. #Wellington http://t.co/QRrOu1qylY]]></document>
		<document><![CDATA[Kiwi plays Duke of Wellington at Battle of Waterloo: 200th anniversary commemorations, in pictures - via @Telegraph http://t.co/FMvVQVuWXa]]></document>
		<document><![CDATA[@Jetstar_NZ Waikato Hospital biggest in Australasia, Ruakura/Fonterra agri hub, Waikato Uni, surrounding towns, 4th biggest city, The Magic!]]></document>
		<document><![CDATA[@PopupGlobe Visionary scheme - very excited to learn about this.]]></document>
		<document><![CDATA[New Zealand Government: Let Alex have the treatment he needs come out of an induced coma - it has alr... http://t.co/HhAdP67xcJ via @Change]]></document>
		<document><![CDATA[I'm enjoying @JesseMulligan on @radionz. Great music and interesting interviews. Good Hamilton lad. #lovethetron]]></document>
		<document><![CDATA[Kim Crawford's unoaked chardonnay is as sharp as vinegar. Ugh.]]></document>
		<document><![CDATA[Who knew! Canaries were used in British coal mines until 1987 as environmental hazard early warning systems.]]></document>
		<document><![CDATA[What a fantastic novel Rebecca Scherm's Unbecoming is. Rich in detail &amp; psychological insight, it's a wholly engrossing thriller about love]]></document>
		<document><![CDATA[@checkpointradionz Mary's always inquisatorial style is exhausting. Someone is always to blame. Let Jim bring illumination to the listeners.]]></document>
		<document><![CDATA[Internet moved from glacial speed to defunct in Wellington @vodafoneNZ. What are you doing?]]></document>
		<document><![CDATA[@AnnaESmaill For me: Ruth Park's The hole in the hill was the first kid's novel set in familiar place. In 1963 was unusual to get NZ books.]]></document>
		<document><![CDATA[Now that I've renamed the sitting room the ironing/TV room I no longer care about constant presence of ironing board/crumpled clothing.]]></document>
		<document><![CDATA[I have to watch TV programmes about OCD cleaners to galvanize myself to do housework #houseworkchronicles]]></document>
		<document><![CDATA[Remembering my grandfather George Morris Ranstead 100 years ago at Gallipoli. http://t.co/yFqinjdfb7]]></document>
		<document><![CDATA[@ONENewsNZ Wasn't that Dame Malvina Major on the cruise ship at Gallipoli though TV1 didn't mention her.]]></document>
		<document><![CDATA[Very impressed with @ChristchurchLib 's fingertip.library.Other orgs could learn much re immediacy of response via online chat satisfaction.]]></document>
		<document><![CDATA[Jim Mora's Panel feels like a job creation scheme for retired hacks and PR trouts.]]></document>
		<document><![CDATA[Queuing again at Island Bay New World. Eftpos has gone down.  Must be 100 people in shop. http://t.co/9YXepEqM8q]]></document>
		<document><![CDATA[What a great novel Sarah Hall's Wolf Border is.Good plot, great lyrical landscape description.Kindle dictionary couldn't cope with new words]]></document>
		<document><![CDATA[Started reading Sarah Hall's novel The Wolf Border. Fantastic so far - really vivid writing and subtle plot development &amp; characterisation.]]></document>
		<document><![CDATA[Good to hear Kim Hill hasn't lost her edge. Love the tone and inflections in her voice as she ranges from "innocent" to sarcastic.]]></document>
		<document><![CDATA[Excellent to hear Kim Hill presenting @NzMorningReport with @GuyonEspiner. Intelligent, calm, enlightening broadcasting - good news!]]></document>
		<document><![CDATA[Hey Karen what is a band of convergence? You were keen to point out its occurrence without enlightening us.]]></document>
		<document><![CDATA[@vodafoneNZ We have no wifi in Buckley Rd Wellington. Can't get through on phone. No TV, no Internet. What's up?]]></document>
		<document><![CDATA[@ohheygreat @GuySomerset So do I - my favourite writer along with Olivia Manning (for her Balkan and Levant Trilogies).]]></document>
		<document><![CDATA[The master &amp; Margarita - astonishing http://t.co/LadavbE9ea]]></document>
		<document><![CDATA[My feet are deforming my shoes.]]></document>
		<document><![CDATA[@saniac Maybe a type of fatsia japonica?]]></document>
		<document><![CDATA[Sister is watching Magnum PI. One of the actors is named Dick Butkus:)]]></document>
		<document><![CDATA[Good for Mutt Lange gifting his unwanted sheep station to the NZ nation. He should be made Sir Mutt.]]></document>
		<document><![CDATA[Major whiteout with the sun suddenly obscured as storm rolls in #Wellington http://t.co/u40F8Xf8x5]]></document>
		<document><![CDATA[Just finished Stephanie de Montalk's How does it hurt. Reminded of Denton Welch's poetic memoir of pain. Chronic pain is akin to depression]]></document>
		<document><![CDATA[Chiefs coach Swarbrick says Chiefs are learning "how you go from mild mannered man on the street to being a beast at game time". Love this:)]]></document>
		<document><![CDATA[Wonderful music by NZ composer @GemmaPeacocke Check out Glossolalia http://t.co/bGEcP0ozIr]]></document>
		<document><![CDATA[The joys of rural newspapers;  who knew there was a category for dairy cows of "best udder"☺ http://t.co/iNJ4tvLA4L]]></document>
		<document><![CDATA[@AdrienneRewi Where is it? Paraparaumu?]]></document>
		<document><![CDATA[Body lining McCallum can't be cricket]]></document>
		<document><![CDATA[Aussies have 3 handsome fast bowlers who look like Errol Flynn.]]></document>
		<document><![CDATA[Steven Seager's Behind the gates of Gomorrah - a must read &amp; frightening indictment of California's criminal justice system &amp; psych wards.]]></document>
		<document><![CDATA[Thought Desmond Dekker's Israelites was "get up in the morning same thing for breakfast" but is "get up in the morningslaving for bread sir"]]></document>
		<document><![CDATA[High praise for Tama Waititi's What we do in the shadows from @newyorker's film critic Anthony Lane.]]></document>
		<document><![CDATA[@katieabradford David Dougherty compensated in 2001 not 2011.]]></document>
		<document><![CDATA[Can anyone identify this flowering tree in the main street of Taumurunui? A bit like hydrangea but don't think it is http://t.co/vsdROlCXJO]]></document>
		<document><![CDATA[TV1 invites us to join them for a "mischeevious" hour.Jeez.]]></document>
		<document><![CDATA[Can't remember when I last read such a heartbreaking work of staggering genius as Matthew Thomas's "We are not ourselves" - wonderful novel.]]></document>
		<document><![CDATA[The "homeless" are lowering the tone on SimCity's virtual real estate - http://t.co/4kw9a887sZ]]></document>
		<document><![CDATA[No NZ cities ranked in this top 50 index - Safe Cities Index 2015 White Paper - Safe Cities http://t.co/S0mjWx0lyJ]]></document>
		<document><![CDATA[Sex with the office lights on: Yes, you can have a reasonable expectation of privacy in a publicly visible place http://t.co/7flCuoGocU]]></document>
		<document><![CDATA[Any comments from @Lianzaoffice on this? Don’t Take Books from Kids, Say School Principals http://t.co/roDJObmbaE via @scoopnz]]></document>
		<document><![CDATA[@FlyAirNZ Why not offer these flights to Hamilton rather than just Palmerston North &amp; Nelson?]]></document>
	</documents>
</author>