<author lang="en">
	<documents>
		<document><![CDATA[Fyah can't cool this yah fyah can't tame, Stepping inna Babylon dem call me name I got the judgment flames the red gold and green #Alborosie]]></document>
		<document><![CDATA[Bad Manners - My Girl Lollipop
https://t.co/2FZzYssxd7]]></document>
		<document><![CDATA[Cameroon go through!
#AFCON2017]]></document>
		<document><![CDATA[@sgorio Nice to see a goal hitting the stanchion and coming back out again. You don't see that much anymore.]]></document>
		<document><![CDATA[@StephenClinch Cars beside you are poorly parked.]]></document>
		<document><![CDATA[Baby Po-lease .... Hey!!
#Nollywood https://t.co/PXz9aG2HdX]]></document>
		<document><![CDATA[@caribbeanftbl I thought it was going to be held in the U.S.?]]></document>
		<document><![CDATA[Tivoli Gardens going well in the league. 
https://t.co/M5pE15O4nm]]></document>
		<document><![CDATA[The new season starts one month from tomorrow. 32 days.
#Bohs #LOI]]></document>
		<document><![CDATA[@snookerbacker Saw it happen once at PTC Finals at the Helix in Dublin. Bad idea to play it on Paddys Day.]]></document>
		<document><![CDATA[Alternative facts.]]></document>
		<document><![CDATA[Some goal by Scott Sinclair.
#Celtic]]></document>
		<document><![CDATA[@BBCSnooker Maybe do their horoscope next time.]]></document>
		<document><![CDATA[@BBCSnooker Fair play on the hand writing analysis. Sounds a load of old nonsense to me though.]]></document>
		<document><![CDATA[@EdinburghCityFC Come on City!]]></document>
		<document><![CDATA[Isn't 'America First' one of Frank Underwood's policies in House of Cards?!]]></document>
		<document><![CDATA[Obama &amp; UB40 - Can't Help Falling in Love
https://t.co/ggJwjxr3Ln https://t.co/ek4uYfRPmA]]></document>
		<document><![CDATA[What's Obama doing when he leaves office? Same as he'd been doing up to now - playing keyboards for UB40.
#Obama… https://t.co/fxzVCsx3Mz]]></document>
		<document><![CDATA[Guess Who's Been On Match Of The Day? (You have, in your big shorts).]]></document>
		<document><![CDATA[Guess Who's Been On Match Of The Day? - Frank Sidebottom
https://t.co/xMzYdybADy]]></document>
		<document><![CDATA[Ireland's Number One https://t.co/0hGs9FXvUR]]></document>
		<document><![CDATA[Maradona playing for Spurs (May 1986). https://t.co/NGvD3H5jAF]]></document>
		<document><![CDATA[#NowPlaying Jamaica by Ronan Brennan ♫ https://t.co/JnUpBRAkUo]]></document>
		<document><![CDATA[It'd be some laugh if Trump had a Sam Allardyce-like short reign in charge. Here's hoping!]]></document>
		<document><![CDATA[@IrishTimesSport @emmetmalone Good luck to him.]]></document>
		<document><![CDATA[Long Tall Shorty - Tommy Tucker
https://t.co/SH4VUfD3xx]]></document>
		<document><![CDATA[The Last Man on the Moon
https://t.co/bkX53QBx6n]]></document>
		<document><![CDATA[Watched a documentary a couple of years back on Eugene Cernan, the last man on the moon. Was quite a character. 
https://t.co/SWS2qWIEY3]]></document>
		<document><![CDATA[@shanebrennan Yeah - that chap is on the box again.]]></document>
		<document><![CDATA[@LightHouseD7 Fantastic, thanks! #francobegbieisaradge]]></document>
		<document><![CDATA[@LightHouseD7 Are you planning to screen T2 - the upcoming Trainspotting sequel?]]></document>
		<document><![CDATA[No wonder Smithers made me Head Bee Guy.
https://t.co/WlXDV340wh]]></document>
		<document><![CDATA[Are Wexford Youths going bust?]]></document>
		<document><![CDATA[Ayman Ben Mohamed not called up for Tunisia in the African Cup of Nations. Was making the squad when he was playing with Bohs.]]></document>
		<document><![CDATA[@KilkennyCLG Up the Cats!]]></document>
		<document><![CDATA['You were standing next to me ... in '82 and '83' #Dexys
https://t.co/d7Fhzr7u4u]]></document>
		<document><![CDATA[Sensational last minute equaliser for Guinea-Bissau in the African Cup of Nations.
#AFCON2017]]></document>
		<document><![CDATA[UB40 - Red, Red Wine (unplugged)
https://t.co/vMYutYOpjD]]></document>
		<document><![CDATA[Come on Wrexham!]]></document>
		<document><![CDATA[China now luring the PL stars with big  money contracts ... only a matter of time before they target our best &amp; brightest Telecoms CEOs!]]></document>
		<document><![CDATA[@caribbeanftbl He was on a hiding to nothing ... right from his unveiling.]]></document>
		<document><![CDATA[@fitzmaidan They were outclassed in that first leg; lucky to get away with only a 1-0 loss.]]></document>
		<document><![CDATA[@shanebrennan Where?]]></document>
		<document><![CDATA[Smashing goal from ex-Bohs man Matt Doherty in the FA Cup for Wolves.]]></document>
		<document><![CDATA[@caribbeanftbl Great performance from Chris Humphrey on his debut tonight for Hibernian.]]></document>
		<document><![CDATA[@RaffertyP Big season ahead for Dublin hurling.
https://t.co/2OXkVJZOeM]]></document>
		<document><![CDATA[@OfficialSGoater Shaun - have you read this?
https://t.co/h6QwMPsYYK]]></document>
		<document><![CDATA[67 in the heat of Lisbon]]></document>
		<document><![CDATA[When is Omar Abdulrahman moving to a European club?]]></document>
		<document><![CDATA[First football game back in the new year and it was a tough slog. Fitness levels a long way off. Got a lot of hard work ahead! #persevere]]></document>
		<document><![CDATA[Aswad - Don't Turn Around
https://t.co/fzC0T5FUHq]]></document>
		<document><![CDATA[@LightHouseD7 Are you also planning to screen the original Trainspotting?
https://t.co/bmDHFjwYMv]]></document>
		<document><![CDATA[Have only been at 1 game in last 2 months. Fulham v Reading on 3rd Dec first since Hibs v St. Mirren on 29th Oct. #footballdrought]]></document>
		<document><![CDATA[It is staying brighter a bit longer in the evenings these days.]]></document>
		<document><![CDATA[Morgan Heritage - Reggae Bring Back Love
https://t.co/WzJbYoNLop]]></document>
		<document><![CDATA[@MyDarkArts It's a song by the Muppets! ;)]]></document>
		<document><![CDATA[Excellence in service since 1932; don’t believe what you read in the online reviews.]]></document>
		<document><![CDATA[This is Russia’s premier state funded hotel; we’re very proud of our eclectic clientele.]]></document>
		<document><![CDATA[Dispatch war rocket Ajax!]]></document>
		<document><![CDATA[@GAA_BEO @The42_ie @TheScoreGAA It was like seeing Usain Bolt getting a 147 clearance at the Superbowl. #mixedupsports #nonsense]]></document>
		<document><![CDATA[Is Kurtis Byrne re-signing for next season?
#Bohs]]></document>
		<document><![CDATA[Looking forward to the African Cup of Nations 2017 in Gabon next month.]]></document>
		<document><![CDATA[@john_bruton_mbe Don't despair - just get the chequebook out! I'm sure the Irish taxpayers would foot the bill :)
 https://t.co/57zJyV5rj1]]></document>
		<document><![CDATA[@john_bruton_mbe Any luck in the New Years honours list?]]></document>
		<document><![CDATA[2016: Year of the Monkey https://t.co/OK7MDWnlJZ]]></document>
		<document><![CDATA[Cheerio 10-In-A-Row 
https://t.co/Ej8KNOJcwk]]></document>
		<document><![CDATA[So Thatcher was scared of a re-unified Germany? No surprises there.
#PerfidiousAlbion #Thatcher
https://t.co/SsRchmQPD3]]></document>
		<document><![CDATA[Iggy &amp; The Stooges - No Fun]]></document>
		<document><![CDATA[@shanebrennan He would run rings around them half-wits.]]></document>
		<document><![CDATA[This fella is some craic.
#Vikings #KingEcbert https://t.co/K8buvi4pTb]]></document>
		<document><![CDATA[Led Zeppelin - Southbound Suarez (demo)
https://t.co/A1ggIxWsR9]]></document>
		<document><![CDATA[@bpfootball His favourite album is 'In It For The Money' by Supergrass. https://t.co/u4dS26A2ZG]]></document>
		<document><![CDATA[Please complain about the year 2016 a little more!]]></document>
		<document><![CDATA[@SwansOfficial What chance did you give him?!]]></document>
		<document><![CDATA[Randolph seems to be playing well these days for West Ham.
#MOTD]]></document>
		<document><![CDATA[What was Uncle 'Jailbird' Joey incarcerated for?
#backtothefuture]]></document>
		<document><![CDATA[Pint of wine for Fat Sam.]]></document>
		<document><![CDATA[Garlic, rosemary and salt.]]></document>
		<document><![CDATA[@ilcapitano7 It'll hardly end with this year.]]></document>
		<document><![CDATA[Watching Golden State Warriors against Cleveland Cavaliers in the NBA.
#NBAXmas #nba]]></document>
		<document><![CDATA[@RaffertyP Not bad either!]]></document>
		<document><![CDATA[A nice Christmas gift I received; looking forward to reading it.
#Kilkenny #1916Centenary https://t.co/JPMnwKpWZ9]]></document>
		<document><![CDATA[Food comatose]]></document>
		<document><![CDATA[@SamsungMobile Hopefully it doesn't go on fire or have a faulty screen like my one does.]]></document>
		<document><![CDATA[@simpscreens "OK, OK...what if we use the $10,000 to surgically transform Skinner here into ...some kind of a lobster-like creature?"]]></document>
		<document><![CDATA[Sham 69 - If The Kids Are United
https://t.co/77XJShE9yg]]></document>
		<document><![CDATA[@Tim_Vickery Happy Christmas!]]></document>
		<document><![CDATA[@lpstrfc Any available online?]]></document>
		<document><![CDATA[@ArnoldcommaJon Perhaps due to his poor record there.]]></document>
		<document><![CDATA[@realDonaldTrump Why - what's happening that day?]]></document>
		<document><![CDATA[@MyDarkArts Morons! I look forward to the inevitable shock and subsequent recriminations when some league fixtures are postponed.]]></document>
		<document><![CDATA[The whole 1916 centenary thing has really died down. Shame as the post-Rising period and ensuing shift in public opinion was fascinating.]]></document>
		<document><![CDATA[@DamoBuckley1 An interesting read: https://t.co/AerHutLpMq]]></document>
		<document><![CDATA[Wonder how is Ayman Ben Mohamed getting on out in Espérance?]]></document>
		<document><![CDATA[@SSEAirtricityLg Do we know yet which teams will be in the League?]]></document>
		<document><![CDATA[@LightHouseD7 Are you planning to screen the original too?

https://t.co/1j7nskGQEE]]></document>
		<document><![CDATA[Some nice music on a Sunday evening.
#vinylsunday https://t.co/WkC78mUmrV]]></document>
		<document><![CDATA[Great away day photo gallery from @EdinburghCityFC away to Clyde yesterday https://t.co/wIoXc1CZiu]]></document>
		<document><![CDATA[Even though the times get hard and the mindset hard no mi can't lef'Yard (me a try!)
#Protoje #JA #Jamaica]]></document>
		<document><![CDATA[@guardian Surely same principle as including a very life-like cartoon of him? What if the effect had been done in a less convincing manner?]]></document>
	</documents>
</author>