<author lang="en">
	<documents>
		<document><![CDATA[WAIT IF VINE IS GONE DOES THIS MEAN THIS VIDEO IS GONE TOO]]></document>
		<document><![CDATA[What would you say is your most ticklish spot? — Can whoever keeps asking me this let me know who th... https://t.co/QqqpoTJxs5]]></document>
		<document><![CDATA[I find you so intimidating and you're someone id co... — ???? HOW https://t.co/tzfkQkguO8]]></document>
		<document><![CDATA[If I watched you sending them would I really need t... — Inception 2 https://t.co/ifBGsgymxj]]></document>
		<document><![CDATA[You're soooooo intimidating it's horrible — I'm literally like a giant baby I'm not intimidatin... https://t.co/cGtM1BgDtl]]></document>
		<document><![CDATA[Can you send some nudes?xo — Ah yeah watch me  https://t.co/8XeyGi4tqX]]></document>
		<document><![CDATA[@georgieIockhart my monthly check up]]></document>
		<document><![CDATA[I want to be friends with you but you're intimidati... — Omg I'm not intimidating in the slightest hahahaha ... https://t.co/wTdM7wb8MX]]></document>
		<document><![CDATA[I love when my best friend just randomly texts me to ask if I'm pregnant 🙃🙃🙃🙃🙃]]></document>
		<document><![CDATA[I have a lecture on Parisian culture this semester and my little Francophile heart can't take it I feel like bursting with happiness in it]]></document>
		<document><![CDATA[I go from being so needy to being repulsed by the mere thought of human interaction in about 0.5 seconds]]></document>
		<document><![CDATA[@Siveoc how does your dog understand Hannah Montana]]></document>
		<document><![CDATA[I GOT A 2.1 AS WELL LIKE I DIDNT EVEN JUST BARELY PASS IT]]></document>
		<document><![CDATA[I PASSED LW155 EVEN THOUGH I ONLY GOT 35/50 QUESTIONS DONE GOD BLESS AMERICA]]></document>
		<document><![CDATA[I just slept the whole way to town even though I feel like crying just looking at people sleeping on public transport, who even am I?]]></document>
		<document><![CDATA[@Melon_Cora luke is still complaining about the glitter]]></document>
		<document><![CDATA[@dutchgoldpapi thank u I found it]]></document>
		<document><![CDATA[What a lady, what a night X]]></document>
		<document><![CDATA[Any Maynoothian wanna help a gal out and tell me where the fuck SLT is in Callan]]></document>
		<document><![CDATA[My dad actually just tried to make me look at a bus stop as we drove by, ÉAMONN I'M SO BLIND I CAN BARELY SEE DIRECTLY IN FRONT OF ME]]></document>
		<document><![CDATA[If they don't put a shrine to us outside the John Paul II library when we die, I'm gonna be pissed. We don't move from that place, ever]]></document>
		<document><![CDATA[@_meganmcauley @katiecrono @SorchaCanny I'm so torn I kinda want Thomas again]]></document>
		<document><![CDATA[@SorchaCanny @katiecrono @_meganmcauley ooh I could do 1 hmmmm]]></document>
		<document><![CDATA[@loaferclub wanted: evil human who DESTROYED a hoodie https://t.co/hUv9kwCDgH]]></document>
		<document><![CDATA[Dogs are such a gift, we don't deserve them at all]]></document>
		<document><![CDATA[Felt panicky n like I didn't have my life together this morning and a little pupper came up to where I was sitting and tried to play with me]]></document>
		<document><![CDATA[@katiecrono @SorchaCanny @_meganmcauley hi friends what English tutorial are y'all choosing I need friends X]]></document>
		<document><![CDATA[@loaferclub I actually swear it wasn't me I don't do my own nails. Just confess, you paint your nails every Friday night]]></document>
		<document><![CDATA[@koalaslol yes I wish someone would feed me balls 24/7]]></document>
		<document><![CDATA[@loaferclub it's because I wore your jumper the other night, isn't it]]></document>
		<document><![CDATA[[Valentine] @emmaldillon's Valentine should be @loaferclub! Who should be yours?
via https://t.co/ScMhQwXciB https://t.co/AvNvmRJOO9]]></document>
		<document><![CDATA[Meat free meatballs are amazing I wish I could just constantly have someone feed me them]]></document>
		<document><![CDATA[Starting second semester the same way I finished first semester and probably how I'll continue for the rest of my life: late]]></document>
		<document><![CDATA[Can't wait to see all my beautiful friends today Xxx]]></document>
		<document><![CDATA[@_meganmcauley hello do u know if we have our English tutorial today ???]]></document>
		<document><![CDATA[@GhostlySpells the fans are crazy sometimes]]></document>
		<document><![CDATA[@YeMang_ gonna accept the compliment anyway]]></document>
		<document><![CDATA[You served me in Joel's a while back and holy fuck ... — Idk how I did that, I'm not a waitress..... https://t.co/QrklZLPafQ]]></document>
		<document><![CDATA[@unviabIe I just read this out to my mam and she shook her head with disappointment]]></document>
		<document><![CDATA[Currently third wheeling my parents so entertain me before I cry https://t.co/ZStOphQYOq]]></document>
		<document><![CDATA[I've gone to the pub for the past 3 nights so I told myself I'd be good and stay in tonight, then realised the Royal Rumble is tonight]]></document>
		<document><![CDATA[You know it's gonna be a g day when RHCP come on the radio on your way to work]]></document>
		<document><![CDATA[My English tutor came into work last night and didn't even say hi to me wtf I'm gonna cry to him tomorrow morning in college]]></document>
		<document><![CDATA[You know how girls become bffs with each other in the bathroom when they're drunk? I become bffs with Mr. Lam]]></document>
		<document><![CDATA[I have mr. Lams on my lap in a taxi home from drinking copious amounts of alcohol to make up for it though]]></document>
		<document><![CDATA[So fucking heartbroken that I had to stay late in work and missed TWY again]]></document>
		<document><![CDATA["What's the biggest chicken balls you have" - Cormac Fitzpatrick to Mr. Lam]]></document>
		<document><![CDATA[Hips Don't Lie just came on the radio and my dad is so confused by the fact that I know every word]]></document>
		<document><![CDATA[Anyone any idea of stage times for TWY tonight ???]]></document>
		<document><![CDATA[Not even hungover, I just can't talk and I feel like someone kicked me in the back]]></document>
		<document><![CDATA[Just woke up in an absolute jock Jesus Christ why do I go on unexpected nights out]]></document>
		<document><![CDATA[Also sent with hardly any makeup on and in a pair of runners fuck said]]></document>
		<document><![CDATA[How has a quiet night out to the pub for a pint turned into me off my tits sitting in bed eating crackers after Diva hahahahahahah]]></document>
		<document><![CDATA[@_meganmcauley I know I just find it gas ngl]]></document>
		<document><![CDATA[@_meganmcauley no omg this was actually someone I know joking hahahaha]]></document>
		<document><![CDATA[Whats the difference between being pan and bisexual? —  https://t.co/AKjUhEHzd8]]></document>
		<document><![CDATA[You're an idiot for believe bandwagon sexualitys th... — Or, you know, actual sexualities that you're clearl... https://t.co/FGlFDKjZ4s]]></document>
		<document><![CDATA[Looked up intersex. Someone's made it up. — Christ you're an idiot  https://t.co/54tygmaj4h]]></document>
		<document><![CDATA[@pitbullnudes yeah I think after a few weeks it makes you inactive]]></document>
		<document><![CDATA[You're a melt tbh — It's 2017 who says the word melt https://t.co/Mqt5P924EN]]></document>
		<document><![CDATA[@ the person who asked your last question: pansexua... — !!!!!!! https://t.co/pMxjo4geYq]]></document>
		<document><![CDATA[The idea of pansexuality as being attracted to "cis... — Oh my god being pansexual isn't transphobic Jesus C... https://t.co/fiPACcmd3H]]></document>
		<document><![CDATA[You seem to be getting lots of hate tonight, but yo... — Thank ya sweet pea x https://t.co/Uwy05BknJK]]></document>
		<document><![CDATA[You try so hard to be friends with people and chang... — Literally how ?? I'm friends with my friends a very... https://t.co/wLmTiQbPib]]></document>
		<document><![CDATA[Ah mate what's with all this hate tonight. You are ... — Thanks b x  https://t.co/10jbTk0N7m]]></document>
		<document><![CDATA[For most people orientation refers to the sex of a ... — Ok what's your point ?? Just because some bisexuals... https://t.co/0ux2CfrWOV]]></document>
		<document><![CDATA[On twitter u try v hard to be cool — Literally how HAHAHAHAHAHA I live my life I have a ... https://t.co/FaXW9BpFln]]></document>
		<document><![CDATA[Make and female. That's it — Ah yes, make is my favourite gender https://t.co/Gg0kMnJmJn]]></document>
		<document><![CDATA[I think u try too hard to be cool — I think u don't know anything about me https://t.co/iD6EZjUenz]]></document>
		<document><![CDATA[So basically you're bi because only two genders exi... — So basically you're an idiot  https://t.co/cftENAwikB]]></document>
		<document><![CDATA[I'll accept bi, because sexuality is fair enough. B... — Who's making up genders?  https://t.co/J02D2V1Ymg]]></document>
		<document><![CDATA[You're pansexual. Fucking edgy weirdo. — You're an idiot. Fucking edgy weirdo.  https://t.co/rVgT5sX5P2]]></document>
		<document><![CDATA[To me bi is when you like boys and girls but pan is... — Pretty much yeah https://t.co/L7qS7pS9BR]]></document>
		<document><![CDATA[Oh pan. A made up sexuality by real edgy kids who t... — Literally why do you even follow me hahaha byeeeeee https://t.co/j5QeXWfRgx]]></document>
		<document><![CDATA[Suppose you'll never know — Hi Emma https://t.co/Pr6olBrmzV]]></document>
		<document><![CDATA[What happened when you said you didn't want to be a... — Oh my god hahahahaha that was a joke and I actually... https://t.co/88RMrXlbWP]]></document>
		<document><![CDATA[@Morrisseys_Hun IM SCREAMING]]></document>
		<document><![CDATA[Funny thing is you actually are a bitch — Funny thing is I can't tell if this is Emma or not  https://t.co/KS1MYOhvwy]]></document>
		<document><![CDATA[@fluffernutter99 she's not she's gross]]></document>
		<document><![CDATA[Why r u such a bitch??xxxx (this is not Emma black ... — HEY BITCH MISS UR ROTTEN FACE XXX https://t.co/YPrJXkYZcR]]></document>
		<document><![CDATA[Are you a lesbian? Fuckinghell i was just about DM ... — New drinking game: take a shot every time someone g... https://t.co/wW3se4vL9T]]></document>
		<document><![CDATA[You going the wonder years? — Hopefully, I'm only off work at 9 on Saturday so I ... https://t.co/AziCd4XPiV]]></document>
		<document><![CDATA[DO you have a boyfriend or girlfriend — Nope  https://t.co/zF5Z2kEAaf]]></document>
		<document><![CDATA[Who was ur first girl kiss — An old friend  https://t.co/ZVgMwcmyUB]]></document>
		<document><![CDATA[Peference to guys or gals? — Gals  https://t.co/AVZJTxmW3o]]></document>
		<document><![CDATA[How was work — Kinda empty so it was g  https://t.co/jOzBcqxUU5]]></document>
		<document><![CDATA[You ever dated a gal xx — Ya  https://t.co/pIb34iyR0G]]></document>
		<document><![CDATA[what's the easiest way to make you laugh? — Honestly anything I laugh so easily  https://t.co/PwaLhEugp1]]></document>
		<document><![CDATA[Screw that anon, I'm here for you x — Thanks kid  https://t.co/H1juASy6Tc]]></document>
		<document><![CDATA[Would u be weirded out by someone dming you for adv... — Never, I'm always here to help!!  https://t.co/oBmzpGchjN]]></document>
		<document><![CDATA[@Rybena_ @loaferclub no cos we watched Paul Blart once it was amazing]]></document>
		<document><![CDATA[How's uni going — V V well !! https://t.co/QK9fPXXOBA]]></document>
		<document><![CDATA[@jordygolder thank you for reminding me how much I fucking hate this twisted little prick]]></document>
		<document><![CDATA[On this week's episode of 'Reasons Why I'm Single': I just coughed while eating a fajita and rice went everywhere]]></document>
		<document><![CDATA[You're such a smol gorgeous bean I just wanna give ... — I will always accept coffee and cuddles https://t.co/TKpDGzV1GF]]></document>
		<document><![CDATA[Would you date anyone you're mutuals with but don't... — Pretty much answered this yesterday, if I thought i... https://t.co/lEt6OpOhV1]]></document>
		<document><![CDATA[How many people have you had sex with and have they... — None of ya business  https://t.co/0q9PgVpmhs]]></document>
		<document><![CDATA[My wisdom teeth have started coming down the past few weeks and oh my god rn it is CRIPPLING how am I meant to go through this]]></document>
		<document><![CDATA[I admire you from a distance. — Thank u  https://t.co/83nxdgQ9GZ]]></document>
		<document><![CDATA[@saiduck_ some of the ones I'm getting are too weird to even answer like wtf]]></document>
	</documents>
</author>