<author lang="en">
	<documents>
		<document><![CDATA[Apparently Mexico, Australia, Germany, and Ukraine are our adversaries now. https://t.co/0tcGXdacT3]]></document>
		<document><![CDATA[Milo Yiannopoulos Tested Progressives—and They Failed https://t.co/5yAsDSi4QJ]]></document>
		<document><![CDATA[@daveweigel see you there!]]></document>
		<document><![CDATA[@barisaltman agreed. Let's see how things play out ...]]></document>
		<document><![CDATA[@barisaltman seems like not much of a story now that the WH clarified the report with a statement.if true, would be in step with past Prezs.]]></document>
		<document><![CDATA[You think this would be obvious but apparently not. Stand for liberalism and not left-wing authoritarianism. https://t.co/28FB55TdFp]]></document>
		<document><![CDATA[EXCLUSIVE: JFK, SFO, LAX, LOGAN OHARE not representative of entire country. https://t.co/UBIfnzCA6U]]></document>
		<document><![CDATA[The Trump administration flirts with Holocaust denial  https://t.co/gsy1bzMKIT]]></document>
		<document><![CDATA[It's only been 10 days since he's been gone but feels like 100. https://t.co/iURU71ujJE]]></document>
		<document><![CDATA["You must not mistreat or oppress foreigners in any way. Remember, you yourselves were once foreigners in the land… https://t.co/0aAV5lvQ83]]></document>
		<document><![CDATA[@PeteButtigieg only DNC chair candidate at Women's March &amp; again showing leadership DNC needs by standing with immi… https://t.co/0Opc0Xcq16]]></document>
		<document><![CDATA[Excited to watch Mayor @PeteButtigieg make his case for DNC chair at the #DNCforum #PickPete https://t.co/gPd2GzTiCh]]></document>
		<document><![CDATA[This is horrific-"Muslim travellers turned away from US borders after Donald Trump bans citizens of seven countries" https://t.co/BFSXpKLs1F]]></document>
		<document><![CDATA[Jewish suffering in the Holocaust must be an alternative fact. https://t.co/HBgpvXmn2v]]></document>
		<document><![CDATA[#PickPete #PeteforDNC "The First Gay President?" https://t.co/rOqEPbykH8]]></document>
		<document><![CDATA[Re-upping this on #HolocaustMemorialDay #WeRemember https://t.co/awRHxfa0Js]]></document>
		<document><![CDATA[Holocaust Remembrance Day is tomorrow #WeRemember https://t.co/N5VZkodkhY]]></document>
		<document><![CDATA[This man must be the next chair of the Democratic Party. #PickPete https://t.co/MnXWVD5sNE]]></document>
		<document><![CDATA[@wonderstandme really? yikes...https://t.co/wPl3nvQz28]]></document>
		<document><![CDATA[*During largest grassroots movement Dems have had in years, only one of the candidates participated &amp; that was… https://t.co/DZ3aDFnN1p]]></document>
		<document><![CDATA[Is this press conference real?]]></document>
		<document><![CDATA[This 35-Year-Old Mayor From Indiana Is Wowing National Democrats #PickPete  https://t.co/K176l2tVTq]]></document>
		<document><![CDATA[At least good ol Britainia is paying attention. https://t.co/JUV85uC0kU]]></document>
		<document><![CDATA[@MD_Connolly @PeteButtigieg yes, of course - should have said Midwest!]]></document>
		<document><![CDATA[@MD_Connolly @PeteButtigieg I'm old enough to remember when a young Democrat with fresh ideas from IL had a difficult/funny sounding name ;)]]></document>
		<document><![CDATA[@PeteforDNC "Speaking to white working class voters doesn't mean abandoning the moral foundation of racial justice that makes our party"]]></document>
		<document><![CDATA["Buttigieg, 34, has positioned himself as a fresh face unsullied by the bruising primary between Clinton &amp; Sanders" https://t.co/qVbf6AA1As]]></document>
		<document><![CDATA[This is love.]]></document>
		<document><![CDATA[Women’s March on Washington Opens Contentious Dialogues About Race https://t.co/HbvKV00DUj]]></document>
		<document><![CDATA[Bomb Threats Prompt Evacuation of Jewish Community Centers in New Jersey, 4 Other States https://t.co/eb1ke14vzk via @nbcnewyork]]></document>
		<document><![CDATA[This is real. https://t.co/Yh0fpGh6bv]]></document>
		<document><![CDATA["As it is, UNRWA is effectively a branch of Hamas."

https://t.co/GaSyVMhtVX https://t.co/NjuOfvZvYJ]]></document>
		<document><![CDATA[2016 was deadliest year ever for suicide bombings worldwide https://t.co/Bntq8nLR2u via @timesofisrael]]></document>
		<document><![CDATA["his first meal was a bowl of chicken soup. He took one spoonful and began to cry."
https://t.co/kmAEmO2i9R]]></document>
		<document><![CDATA[Had to do a double take. Thought this was a @RT_com headline. https://t.co/a7LOLbxcIq]]></document>
		<document><![CDATA[@MaajidNawaz on Why Did Obama Pander to the UN’s Stunning Anti-Israel Bias? https://t.co/9vewO8FaSO]]></document>
		<document><![CDATA[Kerry’s bombshell Israel speech is one of the most puzzling things I have seen in politics https://t.co/sNlENZqX3F via @voxdotcom]]></document>
		<document><![CDATA[Calling out bias against Israel &amp; simultaneously abstaining on a bias resolution against Israel. If only there was… https://t.co/DUhfQCcw4J]]></document>
		<document><![CDATA[Putting aside what the Admin. did today, congress stands united in bipartisan agreement that peace must be negotiat… https://t.co/ZMa3AWWV3i]]></document>
		<document><![CDATA[So what is it that distinguishes you from other anti-Israel organizations again? Oh right ... https://t.co/5SSbGO53s7]]></document>
		<document><![CDATA[Majority of Americans still don't think Donald would be a good President https://t.co/ulHhycxOI1]]></document>
		<document><![CDATA[@MTVNews laying the ground work for Trumps second term. https://t.co/HI5FBgHMYh]]></document>
		<document><![CDATA[Mhmhm on cable news https://t.co/kuhv3hM6IO]]></document>
		<document><![CDATA[2016 is a sick horror movie https://t.co/rT5AjQg18Q]]></document>
		<document><![CDATA[Always classy @GovMikeHuckabee showing tremendous respect to the intelligence community that works round the clock… https://t.co/SVm3t8CT4s]]></document>
		<document><![CDATA[As if that's a controversial position in 2016. https://t.co/ECvY3eKOlJ]]></document>
		<document><![CDATA[MmmMm so swampy https://t.co/ckvRvv00EG]]></document>
		<document><![CDATA[@NY1weather and @TimeOutNewYork picking up on @perplex_city --how long until @ForecasterEnten notices? https://t.co/pn56eW5ZsG]]></document>
		<document><![CDATA[my favorite one: "The phrase “Happy Holidays” instead of “Merry Christmas” needs a trigger warning." https://t.co/6zSqqsiPnm]]></document>
		<document><![CDATA[@dorcohen94 haven't we learned that pretty much all polls are flawed?]]></document>
		<document><![CDATA[The right has its own version of political correctness. It’s just as stifling. https://t.co/NMWj9LM1ZF]]></document>
		<document><![CDATA["BDS calls to boycott Israeli goods--speaks the same language in which people were called to not buy from Jews."
https://t.co/XluMoz3ieU]]></document>
		<document><![CDATA[Like European populists, Trump attacks immigrants, trade, globalization and elites* https://t.co/xtEvwTWan2]]></document>
		<document><![CDATA[Far-right Swedish party fires MP for proposing bill to end subsidies to media outlets favoring "Jewish-owned media" https://t.co/NBJOY8dymg]]></document>
		<document><![CDATA[@zaksawyer @TheAtlantic also, the tweet is an irresponsible clickbait title --just looking at the replies and scum this tweet is attracting]]></document>
		<document><![CDATA[Assimilation &amp; status among Jews doesn't ensure protection. Just ask the German Jews of 1938 who thought they were… https://t.co/7gktif5F1e]]></document>
		<document><![CDATA[pretty sure all of these were spewing this rhetoric before the age of the Donald. https://t.co/KccquHMi7A]]></document>
		<document><![CDATA["Idk about you, but I’d rather the President Elect of the USA partook in less ‘trolling’ and more preparation to go… https://t.co/VCWJCYxo24]]></document>
		<document><![CDATA[Proud to call @RobbieTravers my friend. The next president has so much time on his hand he made sure to block him. https://t.co/wk9bNbhV7N]]></document>
		<document><![CDATA[Donald Trump Is a Greater Threat to Free Speech Than the Campus Left https://t.co/p3CBbjCHK8]]></document>
		<document><![CDATA[Anti-Semitism in America is Nothing New. Don’t Deny Jewish History @sarah_grossman https://t.co/RrXrfbiqpo]]></document>
		<document><![CDATA[@billmaher I give you credit on this one. https://t.co/zWSqNydSU4]]></document>
		<document><![CDATA[c'mon now @ForecasterEnten, this is seriously up your alley! https://t.co/ziHn6EqPMZ]]></document>
		<document><![CDATA[@Medium @WalkWearsCrocs @perplex_city this is so good!! Thanks for sharing @Medium]]></document>
		<document><![CDATA[My good friend @WalkWearsCrocs is making me salivate as I read this. Making me miss a good ol classic NY slice--a m… https://t.co/OXdbIUUN0g]]></document>
		<document><![CDATA[Senate votes unanimously to renew Iran sanctions law   https://t.co/aOfmHwGmmb]]></document>
		<document><![CDATA[2 Iranians charged with plan to attack Israeli embassy in Kenya https://t.co/hgRYoeVNQN]]></document>
		<document><![CDATA["Muslims and Jews who disagree on Palestine and Israel are agreeing on this stuff,"  https://t.co/a7f0tTmFoc]]></document>
		<document><![CDATA[She's now ~770K away from Obama's 2012 number https://t.co/7hZ1uIvj1j]]></document>
		<document><![CDATA[So what happens when the already "angry Trump Voters" become more angry after feeling lied to, left out, ignored an… https://t.co/j1L9ofvI2R]]></document>
		<document><![CDATA["The scourge of the left": Too much stigma, not enough persuasion https://t.co/EASbvwnxJU]]></document>
		<document><![CDATA[Let's Be Careful With the "White Supremacy" Label https://t.co/RqSSvk1ZPS via @motherjones]]></document>
		<document><![CDATA[Why Are Jewish Democrats Supporting Keith Ellison for DNC?  https://t.co/Qbz28UYN66]]></document>
		<document><![CDATA[Jewish teen's birthday ruined as friends make swastika cupcakes https://t.co/52IVUOt5sH]]></document>
		<document><![CDATA[Second Manhattan restaurant to applaud the Donald &amp; co. Either not one of the patrons is a New Yorker or it's stack… https://t.co/Ah10CtPdrS]]></document>
		<document><![CDATA[Remember when purists on the Left attacked Hillary for being a "Wall Street Shill". Ya happy now? https://t.co/stnDDYmhZD]]></document>
		<document><![CDATA[lolololol #draintheswap https://t.co/stnDDYmhZD]]></document>
		<document><![CDATA[(((Jewish former Goldman exec and Hollywood financier)))-- let the apoplexy among the alt-right masses commence https://t.co/n9NV58tvXC]]></document>
		<document><![CDATA[100 anti-Semitic incidents reported in US post-election https://t.co/qRbiBK4jMu via @timesofisrael]]></document>
		<document><![CDATA[BBC News - Austria election: Holocaust survivor's appeal goes viral https://t.co/02gzubUmLE]]></document>
		<document><![CDATA[All you need to know about Austria's presidential election https://t.co/v3nIaohzmY]]></document>
		<document><![CDATA[Turns out clean renewal energy is good economics. https://t.co/rxqoCsCxW6]]></document>
		<document><![CDATA[Maybe now the Jewish people will be included on the lists from progressives on who they love and stand with. https://t.co/GgVoceTMov]]></document>
		<document><![CDATA[@jacobkornbluh @J_Insider I wonder if Dershowitz has heard of AIPAC. It's this great org. that advocates for Israel as a bipartisan issue]]></document>
		<document><![CDATA[God help us all. What have we done? https://t.co/ZbFNwmar3H]]></document>
		<document><![CDATA[Thank god https://t.co/h18maDoJpn]]></document>
		<document><![CDATA[A homophobe walks into a broadway theater and is booed. What do you expect?]]></document>
		<document><![CDATA[@HananyaNaftali not Americans, my friend.]]></document>
		<document><![CDATA[Meanwhile: https://t.co/Wg5jg5dcjw]]></document>
		<document><![CDATA[We are rude to everyone. https://t.co/ppPwTHvqx9]]></document>
		<document><![CDATA[Have we learned nothing? https://t.co/HhvpqX5y83]]></document>
		<document><![CDATA[I've always loved island hoping https://t.co/aXVZXiY7fB]]></document>
		<document><![CDATA[True public servants looking out for the people https://t.co/437bGfmSqQ]]></document>
		<document><![CDATA[*bringing people together* https://t.co/0m7OeYnyNo]]></document>
		<document><![CDATA[Imagine if Obama had put in Farrakhan or Rev. Wright. #AbandonBannon https://t.co/h780GvINkr]]></document>
		<document><![CDATA["A pendulum swing into left wing identity politics will not be helpful" https://t.co/Q0OI19SryT]]></document>
		<document><![CDATA[To all my fellow Liberals, Progressives and Centrists. Please listen. Please take note. @SamHarrisOrg 

https://t.co/rh3cs9LhEU]]></document>
		<document><![CDATA[How many more swastikas must appear for the lists of "I love:" "I support:" and "I stand with" include Jews along w… https://t.co/6HA8EWhqqi]]></document>
		<document><![CDATA[I am a gay Jew in Trump’s America. And I am afraid for my life. https://t.co/BSwzXwStnR]]></document>
		<document><![CDATA[Bill and Hillary both wearing purple. #bipartisanship #class]]></document>
	</documents>
</author>