<author lang="en">
	<documents>
		<document><![CDATA[Yeah but he won't because he's still the same spineless sell out he was last year.

#auspol https://t.co/9ayMFXtFXN]]></document>
		<document><![CDATA[Best solution to the whole schemozzle! If Turnbull doesn't read this someone should point him to it! #auspol https://t.co/gURfE2vKVW]]></document>
		<document><![CDATA[Unfortunately doesn't matter how much Trump humiliates Turnbull &amp; insults Australia the LNP will continue to be America's lapdog. #auspol]]></document>
		<document><![CDATA[If only Malcolm had agreed to release the hostages/refugees from Manus &amp; Naru to NZ he wouldn't be in this pickle! Karma's a bitch #auspol]]></document>
		<document><![CDATA[In other words..no

#auspol https://t.co/ojz0NrWVbO]]></document>
		<document><![CDATA[@canthavepudding I took an hour off and it all went to shit!]]></document>
		<document><![CDATA[FFS Turnbull is a dead man walking &amp; we have to watch the zombie shuffle along for 3 more years! #auspol https://t.co/IsDwshj0Fc]]></document>
		<document><![CDATA[Problem is Malcolm told us it all went swimmingly &amp; now we know he lied. #auspol https://t.co/2W3WNRY4AB]]></document>
		<document><![CDATA[Clear to who? Until Turnbull tells us what really transpired all we know is he was on the receiving end! #auspol https://t.co/nsYeUr0TCP]]></document>
		<document><![CDATA[Explains why Turnbull refuses to release details of the call: he got roasted! Toadie Turnbull the man that bought a… https://t.co/pfTt39l8Wq]]></document>
		<document><![CDATA[@ellinghausen is it just me or are all the baldies on one side of the table?]]></document>
		<document><![CDATA[I would have paid money to watch Stan Grant ask Turnbull about Labor's mediscare campaign on #ABC730 maybe even $1.75M! #auspol]]></document>
		<document><![CDATA[Things I learned from #ABC730 PM'ship in Oz costs $1.75M and Malcolm really hates Bill Shorten &amp; now Stan Grant bwahaha #auspol]]></document>
		<document><![CDATA[All politicians should be forced to send their kids to public schools. Imagine the funding flows then! https://t.co/QBTXgw1nfl]]></document>
		<document><![CDATA[@murpharoo @guardian Nice work! Getting my $100 bucks worth 😃]]></document>
		<document><![CDATA[They were probably laughing about their Cayman Island accountsm https://t.co/VcH0n6m1cv]]></document>
		<document><![CDATA[@David_Speers @ljayes shouldn't that be UP TO 1,000? Thought actual number was not guaranteed?]]></document>
		<document><![CDATA[Hey @TurnbullMalcolm do you think that sacking legal officers who don't agree with you is ok? Oh wait...Gleeson...my bad

#auspol]]></document>
		<document><![CDATA[JEEBSUS US politics moving quickly and veering beyond crazy into downright ugly! Can anyone halt the madness?

#auspol]]></document>
		<document><![CDATA[Almost as good as our Cambodia deal that Morrison negotiated!

#auspol https://t.co/p7PYaHQU8O]]></document>
		<document><![CDATA[@mrbenjaminlaw  Rumour has it by the end of the week he's coming after us gays. I can't handle another month of this!]]></document>
		<document><![CDATA[Misses the point that half of the LNP don't want Muslim immigration either. Hardly likely to open the doors when Ch… https://t.co/BmhfNHkfnv]]></document>
		<document><![CDATA[Hey @MalcolmTurnbull this ok with you? 

#auspol https://t.co/6I73zExIGm]]></document>
		<document><![CDATA[I thought the 'fits all' LNP comment was 'it's Labor's fault!'  #auspol https://t.co/SId71QiJVt]]></document>
		<document><![CDATA[Turnbull news conference an exercise in avoidance and obfuscation https://t.co/Uic2hGNs6Y via @ConversationEDU]]></document>
		<document><![CDATA[Looking forward to @michellegrattan's take on Turnbull's refusal to condemn Trump's Islamophobia. 

#auspol]]></document>
		<document><![CDATA[What % of Turnbull's love in with Trump due to placating his own party RWNJs compared to trying to poach One Nation votes? #auspol]]></document>
		<document><![CDATA[Anyone who seriously thought Turnbull was going to condemn Trump's ban on Muslims hasn't been paying attention to the last 12 months #auspol]]></document>
		<document><![CDATA[Can't wait to see what dribbles out of Turnbulls mouth at the NPC &amp; how he handles reporters there, can't cut &amp; run from NPC #auspol]]></document>
		<document><![CDATA[Lickspittleship #auspol https://t.co/hoBTyB676Y]]></document>
		<document><![CDATA[Time for LNP to reveal it's new logo "One Nation of Liberal-Nationals'. After all there's not a lot of difference these days #auspol]]></document>
		<document><![CDATA[@BernardKeane A rescued pup and a very good dog indeed :-) though sadly Charlie Brown has been eaten]]></document>
		<document><![CDATA[@suemazzy1 Takes all the fluff out of them and then chews the face off LOL]]></document>
		<document><![CDATA[@BernardKeane This is Sally, she's a very good dog too :-) https://t.co/lJ78mg8Ffa]]></document>
		<document><![CDATA[@TurnbullMalcolm creates a vacuum by hiding from Trump's idiocy and Tony Abbot very helpfully fills it for him. FFS Australia! #auspol]]></document>
		<document><![CDATA[So Theresa May held Trump's hand, I can only imagine what Turnbull will hold when they meet! Apologies to those eating dinner #auspol]]></document>
		<document><![CDATA[So do you think Trump as POTUS will inspire the 40% of voters who didn't vote to get off their arses next time? #auspol]]></document>
		<document><![CDATA[Scotland rocks! Meanwhile in Australia *crickets*

#auspol https://t.co/RuMHMqgtfw]]></document>
		<document><![CDATA[So Turnbull is comfortable with Trump's Muslim ban as long as it doesn't effect the Manus &amp; Naru 'solution'. I knew he was gutless #auspol]]></document>
		<document><![CDATA[Would be awesome if it includes Wyatt Roy! https://t.co/Jk6qFhPJKo]]></document>
		<document><![CDATA[No. Because he has no spine and will say what Bernardi and Christensen tell him to. Election needed now in these da… https://t.co/FKNwQNAr0N]]></document>
		<document><![CDATA[So Scott's biggest revelation while in the UK is to impose austerity in Oz? Don't come back Scott! https://t.co/JD0aNCPECe]]></document>
		<document><![CDATA[Australia already knows that companies are not paying the current rate of tax so what's the bloody point? #auspol https://t.co/30n9UcJLxe]]></document>
		<document><![CDATA[What are the current odds on Trump making it to 4th of July? #auspol]]></document>
		<document><![CDATA[@SkyNewsAust  Yeah the Americans would love that not. Turnbull will be told not to engage with China.]]></document>
		<document><![CDATA[So the argument now is any celebrant should be able to discriminate. Next step any govt employee should be able to refuse service to gays.]]></document>
		<document><![CDATA[The enquiry into SSM continues to descend into a free for all to change basic discrimination laws so anyone can refuse me service cause GAY.]]></document>
		<document><![CDATA[Paterson asked what about objections not based on religion. Apparently it's a free for all for anyone to discriminate against us gays.]]></document>
		<document><![CDATA[So they churches want to enshrine discrimination against gay people in law in the act which allows gay people to marry. WTF?]]></document>
		<document><![CDATA[Sorry homophobic taxi drivers it appears even the churches won't support you discriminating against gay people.]]></document>
		<document><![CDATA[Paterson seeking clarification on whether you should be able to discriminate if you are a taxi driver or someone who hires chairs.]]></document>
		<document><![CDATA[Dear lord now the homophobes want to increase the rights of religious people to refuse service to gays at every turn!]]></document>
		<document><![CDATA[@Maintenonmadame @davrosz isn't Gloria Jean's owned by a bunch of extreme religious homophobes?]]></document>
		<document><![CDATA[@sarahhasl @joshgnosis They've certainly been dragging up US examples left, right and centre! On the losing side though :-)]]></document>
		<document><![CDATA[Society isn't divided on the issue of SSM according to the most recent population opinion polls.]]></document>
		<document><![CDATA[@joshgnosis If I was an atheist baker and refused to make a cake for a Catholic couple getting married would I be in trouble now?]]></document>
		<document><![CDATA[So Parkinson essentially saying everybody should be able to discriminate against everybody else cause 'conscience' WTF? Who is this loon?]]></document>
		<document><![CDATA[Who is this plonker at the SSM inquiry suggesting govt workers should be able to opt out of providing services to SS couples?????]]></document>
		<document><![CDATA[@joshgnosis True that!]]></document>
		<document><![CDATA[Basic freedom of religion trumps my basic right to marry my same sex partner....STRAYA WAY according to the Catholic Church.]]></document>
		<document><![CDATA[Porteous doesn't want exemptions, wants broad statement of support for religious freedom to discriminate...apparently the Australian way!]]></document>
		<document><![CDATA[Porteous says it's all very complex and will end up being narrow to the detriment of the Catholic Church.]]></document>
		<document><![CDATA[Porteous gets asked the taxi driver chair hirer exemption question....]]></document>
		<document><![CDATA[Progress will never be made with the Catholic hierarchy if they refuse to understand they are being offensive to LGBTQI people.]]></document>
		<document><![CDATA[Porteous seriously believes telling LGBTQI people they are abusing their kids is not in any way offensive....*face palm*]]></document>
		<document><![CDATA[How exactly does Porteous think I parent my kid differently to straight people? My kid has a known donor Dad.]]></document>
		<document><![CDATA[Porteous fails to explain how SSM messes with children. But somehow knows it will do something evil.]]></document>
		<document><![CDATA[Porteous is one step away from saying if we give the gays the right to marry they'll want to marry their pets soon.]]></document>
		<document><![CDATA[Does Porteous know that gay parents send their kids to Catholic schools? Not sure why any gay parent would but that's another debate.]]></document>
		<document><![CDATA[Porteous segways into Safe Schools and tries to put the boot in. Grabs the slippery slope argument with both hands and tugs away.]]></document>
		<document><![CDATA[Poor old homophobic Catholics afraid they will be called out for their homophobic views.]]></document>
		<document><![CDATA[Old guard Catholic priests afraid that their congregations believe SSM is a good thing. #auspol]]></document>
		<document><![CDATA[So it's Martines own fault offence was taken...not the material that labels us child abusers! #auspol https://t.co/EGlBEWiWT4]]></document>
		<document><![CDATA[@lanesainty Jeebsus you're a fast typer!]]></document>
		<document><![CDATA[Archibishop Julian Porteous thinks we are all religious and if we aren't we should be so therefore right to discriminate against gays.]]></document>
		<document><![CDATA[@lanesainty Delusional twat that he is!]]></document>
		<document><![CDATA[So our PM who wanted to raise the level of political discourse has resorted to name calling over the dead parrot TPP..how very agile #auspol]]></document>
		<document><![CDATA[@lanesainty I'm a bit annoyed it's been hijacked by church desire to change all anti discrimination law to give them free reign.]]></document>
		<document><![CDATA[@AmbientUXr It aint rational its religion. Having said that many more religious people support SSM they just don't have a central voice.]]></document>
		<document><![CDATA[@AmbientUXr they are fully prosecuting that case now. More like they are fighting all anti-D laws so they can discriminate against anyone.]]></document>
		<document><![CDATA[@AmbientUXr I've only got the audio feed :-(]]></document>
		<document><![CDATA[How is the enquiry into SSM turning into how to protect poor religions? It's about granting us equal rights you morons! #auspol]]></document>
		<document><![CDATA[So that's what the LNP brains trust has come up with? Won't be long now and Labor will be back in power :-)  #auspol https://t.co/ZEGTUINNx1]]></document>
		<document><![CDATA[Now Turnbull is engaging in alternative facts...TPP written by US corporations. #auspol https://t.co/wZtNUXwkpy]]></document>
		<document><![CDATA[Church leader now saying anyone with religious views in any walk of life should be able to discriminate against gays, women....#auspol]]></document>
		<document><![CDATA[FFS So Catholic church says people who provide chairs to same-sex weddings shouldn't be allowed to discriminate but bakers should. #auspol]]></document>
		<document><![CDATA[Trump invited oompalumpa's to his party?!?! #auspol https://t.co/v8LsRvZYlo]]></document>
		<document><![CDATA[Alternative facts, yes. Alternative cakes, no. The adventures of Trump's inauguration cake | First Dog on the Moon https://t.co/NWAVmTiN18]]></document>
		<document><![CDATA[Not gonna be short of material for your comic strips! https://t.co/NWAVmTiN18]]></document>
		<document><![CDATA[FFS want there just a global march pointing out how we cop this bullshit too much? #auspol https://t.co/s28EMJ72M3]]></document>
		<document><![CDATA[So US media now pissed about Trumps lies? Maybe should have pointed out more of them during the campaign...too late now. #auspol]]></document>
		<document><![CDATA[@JohnWren1950 @TurnbullMalcolm and put Dyson Heydon in charge.]]></document>
		<document><![CDATA[If only more Libs would resign because of "public annoyance, even anger".

#auspol]]></document>
		<document><![CDATA[Congratulations Sussan Ley! The first in what will be a long line of take-out-the-trash-Fridays!

#auspol]]></document>
		<document><![CDATA[Turnbull late to his own presser?

#auspol]]></document>
		<document><![CDATA[Is it too early in the year for take-out-the-trash-Friday? Soooo many choices already!!!

#auspol]]></document>
		<document><![CDATA[@TonyHWindsor Call me stupid but I didn't see the link between the denial of Port Arthur &amp; the gun nutjobs in One Nation, now it makes sense]]></document>
		<document><![CDATA[Anyone else getting a bit confused about the who leaked to who about what &amp; which bit is fake &amp; which bit isn't whole Trump thing? #auspol]]></document>
		<document><![CDATA[Will the CIA end his presidency before it begins? @BernardKeane]]></document>
		<document><![CDATA[Hi Derryn, do you claim expenses for your trips to fancy tents and sporting events? @JohnWren1950 @HumanHeadline]]></document>
	</documents>
</author>