<author lang="en">
	<documents>
		<document><![CDATA[@akrooton unpaid on top of it all]]></document>
		<document><![CDATA[@akrooton can't blame them]]></document>
		<document><![CDATA[@akrooton nah they get to use this to brag about time management, multitasking, and customer relations in their next interview]]></document>
		<document><![CDATA[Inescapable photographic evidence of my imprint to accompany my cryptic spoken thoughts]]></document>
		<document><![CDATA[Too 2awiye for the typical 3arees]]></document>
		<document><![CDATA[Okay sure but will he sign the prenup]]></document>
		<document><![CDATA["I am expected to make my life choices always keeping in mind that marriage is the most important"]]></document>
		<document><![CDATA[As I discuss my career aspirations with my parents, they never fail to mention their greatest hope is I find a husband that'll support me]]></document>
		<document><![CDATA[@tweetsfromlola completely but I also just submitted a million IRB forms for capstone so I'm ready to go atm]]></document>
		<document><![CDATA[Bought a one-way ticket to the Middle East to take my advanced degree and expertise with short-term internships elsewhere]]></document>
		<document><![CDATA[@Ghalz I like all of his mom's pictures to win her favor]]></document>
		<document><![CDATA[@tijokhateeb we discussed this]]></document>
		<document><![CDATA[When will the Prince of Jordan notice me?]]></document>
		<document><![CDATA[My very Palestinian dad loves to say this https://t.co/49qtVzeBT0]]></document>
		<document><![CDATA[@beitjaliya you forgot *places small, overpriced, easy-coal, and flavorless hookah on table and shares hose with ten other whites people*]]></document>
		<document><![CDATA[After all, armed toddlers recklessly roam around https://t.co/kClRSpsdhG]]></document>
		<document><![CDATA[@neihalashizz I'm so sorry, that's incredibly insensitive of them :(]]></document>
		<document><![CDATA[@cameide Oh gosh, anything but EMOTION. We need to objectively report on discrimination and violations of human rights, duh]]></document>
		<document><![CDATA[@srafey and time is nonlinear and their language was nonlinear too, evoking raw emotion in lieu of structure I mean wow]]></document>
		<document><![CDATA[@srafey I went in with no expectations. Finally, a sci fi movie that explores elements of human experience fully and unapologetically]]></document>
		<document><![CDATA[Accomodating, impressionable, and malleable.]]></document>
		<document><![CDATA[Arrival is one of the most beautiful and thought-provoking films I've ever seen]]></document>
		<document><![CDATA[American exceptionalism giving me reason to roll my eyes every day https://t.co/OwynkpmEPx]]></document>
		<document><![CDATA[Trump's excellent at multitasking: he's a bloated winner and a sore loser at the same damn time.]]></document>
		<document><![CDATA["Sharp deterioration of press freedom after elections"

Doesn't this sound like BBC coverage of a country in the Global South?

It's the USA]]></document>
		<document><![CDATA[@neihalashizz lentils, cumin, onions. Secret is simplicity]]></document>
		<document><![CDATA[@neihalashizz ALWAYS I make a pretty mean lentil soup, grandma's way]]></document>
		<document><![CDATA[My favorite part of any salad is the bread]]></document>
		<document><![CDATA[@lauracevedox and it's only Tuesday]]></document>
		<document><![CDATA[@tweetsfromlola no more horoscope readings like the other twitter account? I'll take it if you promise to rant about all things politics]]></document>
		<document><![CDATA[I'm full, but am I satisfied?]]></document>
		<document><![CDATA[Journalists shouldn't need to worry about hurting a world leader's feelings.]]></document>
		<document><![CDATA[@yazanalkhatib92 it happened in the ultimate network--my mind. I even gave my consciousness a name]]></document>
		<document><![CDATA[I met Mr. Robot on the Metro today. We discussed humanity's binary moral code]]></document>
		<document><![CDATA[@HariPrasad91 if you have a car, tal el-rumman is an amazing mashawi restaurant with breathtaking views a little north of Amman]]></document>
		<document><![CDATA[I feel high and mighty with my alternative fact jokes. I feel...alta (last one for my Spanish speakers)]]></document>
		<document><![CDATA[Roses are red
Trump lacks tact
He lost the popular vote
His victory is an alternative fact]]></document>
		<document><![CDATA[Can I still use "Alternatively," as a filler in my essays or is it now inappropriate in academia?]]></document>
		<document><![CDATA[Alternative fact: because we all joked about entering the Twilight Zone under Trump's presidency. The alternative universe is now.]]></document>
		<document><![CDATA[Did anyone make a joke about alternative music being an alternative fact?]]></document>
		<document><![CDATA[I get it now. "Make America Great Again" is an alternative fact. America was never *that* great. He got us.]]></document>
		<document><![CDATA[@johnnymercerfan watch it!]]></document>
		<document><![CDATA[Let's discuss Westworld and pretend we understand the philosophical underpinnings of artificial intelligence and complexity of consciousness]]></document>
		<document><![CDATA[Is Westworld heading East?]]></document>
		<document><![CDATA[Bravo, CNN. Now that you're attacked as a media org, you're finally showing resurgent signs of better journalism. Where were you 18 mo ago?]]></document>
		<document><![CDATA[May the gods purify the weights room from the smell of sweat and axe body spray and smite the perpetrators]]></document>
		<document><![CDATA[Grind your coffee beans in the morning to live life lavishly.]]></document>
		<document><![CDATA[Haven't seen the sun since Puerto Rico six days ago. Growing weak. Losing tan. Send vitamins.]]></document>
		<document><![CDATA[@WomensAction @MeganAmundson @WomenLegisLobby @quemadmodem @eking_wand looking great WAND! Wish I could've walked beside you!]]></document>
		<document><![CDATA[I don't own any pink. Why don't I own any pink? #WomensMarch]]></document>
		<document><![CDATA[It started raining the moment he became President. Mother Nature is sneaky.]]></document>
		<document><![CDATA[May these empty spaces fully crumble his ego.]]></document>
		<document><![CDATA[Spaces as white as the voters https://t.co/CxnxQmDpOZ]]></document>
		<document><![CDATA[@Ghalz management systems international, int development firm. first day back tomorrow woo]]></document>
		<document><![CDATA[@Ghalz that's awesome! best of luck!!]]></document>
		<document><![CDATA[@neihalashizz you inspired a tweet I just tweeted]]></document>
		<document><![CDATA[@Ghalz where will you intern??]]></document>
		<document><![CDATA[@madelaineassi @Ghalz but hey, those few months in amman/beirut as expats hanging out with other expats really did the trick]]></document>
		<document><![CDATA[3 Doors Down because GOP have all 3 branches, amirite]]></document>
		<document><![CDATA[@madelaineassi @Ghalz ban the words "yalla" and "inshallah" and "ya3ni" and "shway shway" because apparently that's all orientalists know]]></document>
		<document><![CDATA[@HariPrasad91 hey, most of these people spent, like, a semester in amman or beirut, so like, they get the culture, you know, and sects, duh.]]></document>
		<document><![CDATA[@johnnymercerfan we're all stronger than we know :)]]></document>
		<document><![CDATA[@johnnymercerfan dark and dreary. inauguration day prep underway.]]></document>
		<document><![CDATA[I am surrounded by oblivious orientalists with bruised, bloated egos. I'm back in DC.]]></document>
		<document><![CDATA[It'll be five months until I see another family member. Next time I do, it'll be to celebrate my graduation at least.]]></document>
		<document><![CDATA[Squeezed in one final tanning session before returning to Trump's America.]]></document>
		<document><![CDATA[I'm fortunate enough to be this sad about leaving home.]]></document>
		<document><![CDATA[Putin whispering sweet nothings in Trump's ear. https://t.co/XLohECnuZX]]></document>
		<document><![CDATA[Nobody is significant enough to be struck by an epiphany every day. 140 characters aren't that serious.]]></document>
		<document><![CDATA[All self-proclaimed political scientists like me are guilty of this. Remain humbled by our limitations and ignoranc… https://t.co/NqXHrlbrB5]]></document>
		<document><![CDATA[When will Donald learn how to form a coherent thread of tweets? The three dots heighten irritation, not suspense.]]></document>
		<document><![CDATA[I swear only Arab men think Abercrombie is still a top fashion brand.]]></document>
		<document><![CDATA[Surrounded by empty minds, unsubstantiated opinions, mindless chatting.]]></document>
		<document><![CDATA[What if the Arab women in my family didn't only comment on weight gain/loss? Revolutionary.]]></document>
		<document><![CDATA[Why do non-native Arabic speakers think we only listen to Amr Diab in the Middle East?]]></document>
		<document><![CDATA[Life's highest expenses include basic survival and Arab hospitality.]]></document>
		<document><![CDATA[Fancy words does not a smart person make. Syntax is more telling.]]></document>
		<document><![CDATA[@aletuqui yes and every bite is heavenly]]></document>
		<document><![CDATA[Or you're meeting someone in a desolate and dark parking garage.

Or you're off to surprise a special someone wink… https://t.co/VqL9cmeQQs]]></document>
		<document><![CDATA[I will always retweet this because I'm not okay (I realize it's a different band, go with it) https://t.co/tbNvoNVNbp]]></document>
		<document><![CDATA[Mama baked the bread for msakhan from scratch. Sumak and olive oil imported from Palestine. Way better than a sandwich.]]></document>
		<document><![CDATA[They keep saying "7abten, 7abten" and I want to know two of what]]></document>
		<document><![CDATA[My dad and uncles are prepping for a large meal of mama's msakhan with "special pills"]]></document>
		<document><![CDATA[Paralyzed by the blinding glare of gray space.]]></document>
		<document><![CDATA[Late night contemplations are pessimistic at best.]]></document>
		<document><![CDATA[Go ahead, succumb to the lowest denominator. Grovel.]]></document>
		<document><![CDATA[Mute, delete, block, cleanse, breathe. Invite silence.]]></document>
		<document><![CDATA[Emoji body language is why we can't communicate like human beings.]]></document>
		<document><![CDATA[I have nothing to say so I'll tweet instead.]]></document>
		<document><![CDATA[@DavidADC I, too, lost the oomph of my skin tone from beginning of undergrad to grad. We took PR sun for granted]]></document>
		<document><![CDATA[Sand, salt, and sea on a Sunday]]></document>
		<document><![CDATA[@HariPrasad91 I am jealous. Enjoy the yummy food and beautiful weather]]></document>
		<document><![CDATA[@HariPrasad91 where are you staying in amman??]]></document>
		<document><![CDATA[Light whispers outweigh heavy silence.]]></document>
		<document><![CDATA[Appointment in Samarra/dentist's office.]]></document>
		<document><![CDATA[Arab men can't stand when I can better debate politics.]]></document>
		<document><![CDATA[A crushing certainty that eliminates doubt]]></document>
		<document><![CDATA[@mbeggin94 so happy amman felt like home in the end]]></document>
		<document><![CDATA[The last thing the Middle East needs right now is a stronger, reinvigorated Israel-U.S. alliance.]]></document>
		<document><![CDATA[I hate you and I'm afraid https://t.co/v8KvbmWGVe]]></document>
	</documents>
</author>