<author lang="en">
	<documents>
		<document><![CDATA[@Tylerdacorte sorry forgot laying in bed watching sex in the city was stressful]]></document>
		<document><![CDATA[@murphy_malone26 so sorry murph! she looked like an amazing pup❤️]]></document>
		<document><![CDATA[so so heartbroken https://t.co/i5NIVW6Soe]]></document>
		<document><![CDATA[when yogas the only thing distracting you from student loans ✨ https://t.co/kaGwq7HFNN]]></document>
		<document><![CDATA[talking to eachother through my dreams]]></document>
		<document><![CDATA[@loveatheist oh bitch i know why u retweeted this LMAO https://t.co/YhyUfTgli7]]></document>
		<document><![CDATA[&amp; she's literally PERFECT like wcw tbh 💖]]></document>
		<document><![CDATA[i made a new gf the other day and honestly it makes me so happy bc i never meet new people]]></document>
		<document><![CDATA[positive energy only✨]]></document>
		<document><![CDATA[it's been over a day already... really hoping he's found safe and sound so he can keep saving the innocent sharkies💖 https://t.co/G9RxnPXrby]]></document>
		<document><![CDATA[@_fayehuang lmao i was literally just gonna say that... such a BABE]]></document>
		<document><![CDATA[how do u hit on ur old highschool teacher pls help]]></document>
		<document><![CDATA[lmao "your man" and "your daddy" jokes are getting real sad and desperate]]></document>
		<document><![CDATA[my whole birthday week is pretty much planned😭]]></document>
		<document><![CDATA[@_fayehuang LMAO where do you work? 😭😂]]></document>
		<document><![CDATA[@RobertAddz we need more bath talks 💘]]></document>
		<document><![CDATA[what can i say? it's complicated]]></document>
		<document><![CDATA[that skateboard shit did it for me https://t.co/5HSaK7Tcb5]]></document>
		<document><![CDATA[true i'm just worried about the person who receives my blood... they gon be lit https://t.co/s3UwGA4rDV]]></document>
		<document><![CDATA[when you're still out drinking and need to donate blood at noon]]></document>
		<document><![CDATA[@m0ldylunchb0xx stop this i'm so jealous rn]]></document>
		<document><![CDATA[same and i'm almost 21 https://t.co/CLee1YCPzD]]></document>
		<document><![CDATA[when you're your own agent 🤗]]></document>
		<document><![CDATA[these two make my heart melt https://t.co/9ot2j2FnIk]]></document>
		<document><![CDATA[@derekgodown i found a longer one! https://t.co/T2UZKeKti3]]></document>
		<document><![CDATA[@m0ldylunchb0xx yessss i luvs it. we all need more girlfriends 💖✨]]></document>
		<document><![CDATA[ur just hella fab in all the ways possible 💖💖💖 https://t.co/DZtZWLDIxr]]></document>
		<document><![CDATA[tbh i always find myself on @notactuallyzach  's gfs twitter @m0ldylunchb0xx so might as well just follow her and be a little less creepy✨]]></document>
		<document><![CDATA[when ur hella scared of needles but still love getting tattooed?????!]]></document>
		<document><![CDATA[when u gotta go in to donate ur blood but ur hella scared of needles 😩]]></document>
		<document><![CDATA[i remember when @JaiBrooks1 followed me and a million of his fan girls started appearing in my mentions &amp; dms 😭]]></document>
		<document><![CDATA[@derekgodown @realDonaldTrump he baffles the world daily]]></document>
		<document><![CDATA[@derekgodown @realDonaldTrump omg i laughed so hard at this]]></document>
		<document><![CDATA[i've lost people i've loved with all my heart, my best friends... how tf do u think it'll be hard to lose u lol]]></document>
		<document><![CDATA[let's pretend i'm in a bathing suit, on the beach. #selflove https://t.co/Fp8S4DAoXg]]></document>
		<document><![CDATA[#bellletstalk thank you for allowing everyone to openly talk about their anxieties and depressions today. we are not alone. ❤]]></document>
		<document><![CDATA[#bellletstalk i have to fight the anxiety about being physically and emotionally beaten every single day. but i do, and i fight it hard.]]></document>
		<document><![CDATA[#bellletstalk who expected sex from you because he "bought you drinks all night" and called you a "pussy" for not "following through"]]></document>
		<document><![CDATA[trigger warning: #bellletstalk about the anxiety that comes after being physically assaulted by a man who "just wan… https://t.co/VeO8s5BBB5]]></document>
		<document><![CDATA[my credit card company really wants to see me this depressed 4ever smh]]></document>
		<document><![CDATA[birthday's the 13th.. if anyone wants to pay off my student debt or buy me a tattoo that'd be gr8]]></document>
		<document><![CDATA[just wanna take a nice bath &amp; forget about the world]]></document>
		<document><![CDATA[not having the sun in toronto has really brought my mood down the last few weeks]]></document>
		<document><![CDATA[where tf @cheeseyydoe at]]></document>
		<document><![CDATA[i don't really care anymore]]></document>
		<document><![CDATA[served 3,000 dollars worth of alcohol tn 🙃]]></document>
		<document><![CDATA[swear i'm drunk off the amount of alcohol i poured tn]]></document>
		<document><![CDATA[lmao the fact that some guy just hit on me at this time after working myself to death is not okay... i look like a complete mess]]></document>
		<document><![CDATA[the worst part about being awake and out at this time is that there's no food places open 😞]]></document>
		<document><![CDATA[i find it funny that it started to rain as soon as trump began his speech... the world is crying trump]]></document>
		<document><![CDATA[fuck man now i can't watch price is right or let's make a deal... thanks trump]]></document>
		<document><![CDATA[u come into my mind every so often]]></document>
		<document><![CDATA[bitch all i know is that i need a second cup OF coffee you feel me? https://t.co/ba2ZTEeE8N]]></document>
		<document><![CDATA[lol i hate being left on read... leave me on read once &amp; i'll never message you first again]]></document>
		<document><![CDATA[fun fact: i know how to do a cartwheel off @Imdanieljorge but i don't know how to do a normal cartwheel]]></document>
		<document><![CDATA[lol u know it's serious when u bring out the vicks]]></document>
		<document><![CDATA[of course it would be a money issue for my family on friday the 13th 🙄]]></document>
		<document><![CDATA[my temp is 2 degrees below the need for an emergency room fml 😅]]></document>
		<document><![CDATA[lmao haven't felt this sick since i had to go to the hospital 2 years ago rip shannon]]></document>
		<document><![CDATA[my legs are super smooth, my hair is super silky, my skin is super clear but i'm sick so what's the point]]></document>
		<document><![CDATA[when all u want is indian food for lunch but all the good restaurants open late 🙄]]></document>
		<document><![CDATA[although others can blame me for how I cope with what you did. https://t.co/hiIwbkEFAN]]></document>
		<document><![CDATA[i have no control over it, and the other person has no idea why i'm suddenly anxious, paranoid, sad etc]]></document>
		<document><![CDATA[never ever talk about my mental health on here but honestly, being manic depressive sux hard. it affects me and my relationship w others]]></document>
		<document><![CDATA[but it did so *deletes app for the trillionth time &amp; goes to sleep*]]></document>
		<document><![CDATA[lol haven't been feeling myself at all tonight... when i suddenly get asked to be part of a threesome. idk if this… https://t.co/Enc07wwRR1]]></document>
		<document><![CDATA[my room is always the hottest room in the house and it's freezing rn 😿😿]]></document>
		<document><![CDATA[this is why i can't tinder https://t.co/yXlu51SH00]]></document>
		<document><![CDATA[this girl really put her number up in her bio god save her]]></document>
		<document><![CDATA[sorry i just suck at change]]></document>
		<document><![CDATA[i'm happiest with myself rn than i have been in a while. it's been a long time since i only had myself to focus on and it feels great💖]]></document>
		<document><![CDATA[lmao why are us millers so emotional... literally had to go run &amp; get more tissue rn https://t.co/90VTCzg62H]]></document>
		<document><![CDATA[wrapped in a blanket, crying through obamas entire farewell speech... nbd 😿]]></document>
		<document><![CDATA[literally can't get away from my ex lmfao followed a guy on insta recently and isn't he in this guys insta story today?! 😭😩]]></document>
		<document><![CDATA[i needa go on vacation asap.. a year ago today i was bathing elephants and basking in the sun]]></document>
		<document><![CDATA[tryna get my leg tattooed this week or next but have no idea what i want?!?!]]></document>
		<document><![CDATA[since the new year i've been eating a lot less bread, meat &amp; junk food. been eating more fruits &amp; veggies &amp; can already see a difference✨]]></document>
		<document><![CDATA[because i have such an old soul i regularly forget i'm only 20... like slow ur role girl u gotta lifetime ahead of u lol]]></document>
		<document><![CDATA[@Tylerdacorte the cutesssst💖]]></document>
		<document><![CDATA[ugh life]]></document>
		<document><![CDATA[@AbelTesfaldet bruh it has to be the moon or how the stars are aligned or some shit cause im ALWAYS sleeping]]></document>
		<document><![CDATA[why can't i sleep anymore 😭]]></document>
		<document><![CDATA[@cheeseyydoe us cooking freal https://t.co/2lVbp50SEa]]></document>
		<document><![CDATA[got a matching one on my shoulder blade 2✨]]></document>
		<document><![CDATA[i have a cigarette burn scar on my boob from my ex hby]]></document>
		<document><![CDATA[hate not being able to sleep]]></document>
		<document><![CDATA[@DrakeBible_ @vine @cheeseyydoe IM CRYING]]></document>
		<document><![CDATA[hate being alone when i feel like this]]></document>
		<document><![CDATA[also apparently my household went vegan without me knowing... why am i suddenly surrounded by vegans?! give.me.a.steak.]]></document>
		<document><![CDATA[omg almond milk in coffee has changed the game forever]]></document>
		<document><![CDATA[hashtag twitter rants?]]></document>
		<document><![CDATA[i mean, i'm still gucci all i'm saying is that it's weird to long for someone who once put you in a horrible place, mentally and physically]]></document>
		<document><![CDATA[don't understand how i can miss someone who made me hit rock bottom, who made me hate myself and humanity. who made me hate life.]]></document>
		<document><![CDATA[it's really fucked up that you're able to miss someone who made your mentality and well being so toxic]]></document>
		<document><![CDATA[if this is what i think this is then i've just wasted time i really didn't want to waste]]></document>
		<document><![CDATA[ain't feelin this feeling rn]]></document>
		<document><![CDATA[hate hate hate anxiety]]></document>
		<document><![CDATA[@_fayehuang ou that's not bad!!]]></document>
		<document><![CDATA[i suck at tweeting but i suck at most things so]]></document>
		<document><![CDATA[ME TOO! i found some kits on amazon but idk whether to trust them 😩 https://t.co/bNV31rYfYv]]></document>
	</documents>
</author>