<author lang="en">
	<documents>
		<document><![CDATA[Unique German words will help you express yourself like a boss https://t.co/noGWnPrPev https://t.co/hX6bvioFDW]]></document>
		<document><![CDATA[Exxon's former CEO is now our secretary of state. So, there's that. https://t.co/M2XwmDBsdd https://t.co/e9B8JEgrwP]]></document>
		<document><![CDATA[Denis Leary knows he looks like Kellyanne Conway and he's not ruling out a biopic https://t.co/9QFZ6soBKW https://t.co/HvHIqqgDb8]]></document>
		<document><![CDATA[The latest The VBS On Demand Daily! https://t.co/0UJTvw5RMx Thanks to @Filterologist #interview]]></document>
		<document><![CDATA[The Best Days to Send Email Campaigns and Other Email Marketing Tips https://t.co/ZW35dWyV3w https://t.co/CPzfuedEPy]]></document>
		<document><![CDATA[Why social media is freaking you out in Trump's America—and how to stop it https://t.co/BozkXVGv6X https://t.co/LXVKMJffjI]]></document>
		<document><![CDATA[Secrets From a Super Bowl Campaign That's Had 2 Billion Impressions https://t.co/LkcAQRTLWT https://t.co/wB1QhkGN9y]]></document>
		<document><![CDATA[The latest The VBS On Demand Daily! https://t.co/0UJTvw5RMx Thanks to @StephRWolf @TaraGloor @DawnCullo #entrepreneur #interview]]></document>
		<document><![CDATA[Millennials, Do You Fear Snakes, Sharks, or Credit? https://t.co/MHyxAmuZXn https://t.co/c1kZ2NecLs]]></document>
		<document><![CDATA[How Reviews Influence Women's Shopping Decisions (Infographic) https://t.co/Yxawe1Wm0R https://t.co/mo1xVkwLWr]]></document>
		<document><![CDATA[Most patient cat suffers through curious dog's sniff-down https://t.co/yIw6oelI0v https://t.co/1YwmflJhDL]]></document>
		<document><![CDATA[Artist Debra Cartwright Ushers In Black History Month With Twitter's #WallForACause Mural Series… https://t.co/TE8hKxebV6]]></document>
		<document><![CDATA[Even primates use Tinder now https://t.co/8tFJMQLsa1 https://t.co/Ui66Aw6wC5]]></document>
		<document><![CDATA[The Study That Said Female Doctors Are Better Than Male Doctors https://t.co/avKlpRf5KU https://t.co/XY5MgvzBzS]]></document>
		<document><![CDATA[Showtime's new documentary will explore Jihadism inside the United States https://t.co/vn7pQ1mf8F https://t.co/cwqoYExN9I]]></document>
		<document><![CDATA[The latest The VBS On Demand Daily! https://t.co/dfQstelDj1 #entrepreneur]]></document>
		<document><![CDATA[5 Steps to Finding Your Next Job https://t.co/BFzUVpd88k]]></document>
		<document><![CDATA[Calendar will help you count down the days until Trump is out of office https://t.co/5gH4kuPtXB https://t.co/4CI2BKbYD6]]></document>
		<document><![CDATA[Why Everything Is Your Fault and Why That's Good https://t.co/r2RCtSYX8j https://t.co/QOikpDvAZP]]></document>
		<document><![CDATA[The latest The VBS On Demand Daily! https://t.co/dfQstelDj1 Thanks to @kclarkonline @tonylogue @TonyaHallRadio #startup #entrepreneur]]></document>
		<document><![CDATA[The Immigrant Entrepreneurs Behind Major American Companies (Infographic) https://t.co/vZNmN25HbM https://t.co/R85D3elxG5]]></document>
		<document><![CDATA[Neville and the Malfoys put aside differences for adorable 'Harry Potter' reunion https://t.co/02NFiz83KI https://t.co/7pP20Zbva0]]></document>
		<document><![CDATA[The Bright Side of Negative Thinking https://t.co/pX6qoVIwfw https://t.co/GDyqu1V5I8]]></document>
		<document><![CDATA[Teen headed to space camp 'gutted' after being denied U.S entry https://t.co/4h94afqXEA https://t.co/ZwBhiqqlIV]]></document>
		<document><![CDATA[Please Step Forward: Claiming Your Place as a Leader https://t.co/4Sjgfav4wn https://t.co/KMq83hmdBv]]></document>
		<document><![CDATA[4 Ways to Get Noticed at a Crowded Trade Show https://t.co/nqQq4RCC8d https://t.co/QVjkc6AqPb]]></document>
		<document><![CDATA[Don't Make Things Awkward: Reduce Uncertainty and Proactively Communicate https://t.co/36sZT2n1z4 https://t.co/F1rvkPFJa1]]></document>
		<document><![CDATA[The Goal Standard Challenge: How to Use Reflection as a Strategy to Get Unstuck https://t.co/yL13r8owUs https://t.co/iGFblP29oS]]></document>
		<document><![CDATA[How Houston-Area Franchises Are Getting Super Bowl Ready https://t.co/Ao65E3K4bE https://t.co/GkHEGMgIMk]]></document>
		<document><![CDATA[To Reach Your Goal, Make Time For This https://t.co/vs6rbElZzs https://t.co/4Y0b758w2t]]></document>
		<document><![CDATA[20 Crazy New Things We Learned About Snap https://t.co/w3kuTa8vIU https://t.co/bXt5tpCBah]]></document>
		<document><![CDATA[8 Online Methods to Attract Potential Franchisees https://t.co/6R6NadsWur https://t.co/reNOEhh245]]></document>
		<document><![CDATA[Can You 'Feel' It? How to Use Emotional Decision-Making in Marketing https://t.co/O0fQZHtbUw https://t.co/UuCumh9O51]]></document>
		<document><![CDATA[These stickers will tell you the exact ripeness of your avocados https://t.co/xa97w6K5qi https://t.co/PdG0txq7qV]]></document>
		<document><![CDATA[The 4 Best Tools For Internal Business Communication https://t.co/rganx571lJ https://t.co/t3qY2sEsNo]]></document>
		<document><![CDATA[Don't Allow Fear To Trump Your Investment Plan https://t.co/xc00s2bgHP https://t.co/vA5NFO2weS]]></document>
		<document><![CDATA[New Tax Laws That Impact Small Business Owners in 2017 https://t.co/3jWUoNCDBF https://t.co/WBH3Ua38iq]]></document>
		<document><![CDATA[The latest The VBS On Demand Daily! https://t.co/92UMEOoW77 #interview]]></document>
		<document><![CDATA[How to Use LinkedIn, Twitter and Snapchat in Your Next Job Search https://t.co/mLTWBoo3px https://t.co/eQMRu7tGRt]]></document>
		<document><![CDATA[3 Ways to Build A Mobile App With No Tech Skills https://t.co/RUan01kFu8 https://t.co/QCH3MiRkQd]]></document>
		<document><![CDATA[How to Bridge the Funding Gap for Scientific Breakthroughs https://t.co/T1UZzSmQC5 https://t.co/ZGqgnoUU1f]]></document>
		<document><![CDATA[#Webinar THE SPEAKER INDUSTRY IS IN DESPERATE NEED OF VIRTUAL ASSISTANT SUPPORT https://t.co/BKCkcMK57M… https://t.co/TtfK392G6h]]></document>
		<document><![CDATA[Elon Musk Defends Role on Trump Advisory Board. Read His Full Text Explanation. https://t.co/kN1HsT8eob https://t.co/tdOqNPuEYg]]></document>
		<document><![CDATA[Tech Entrepreneur Zain Dhanani Explains the Importance of Intense Specialization https://t.co/OjXxXa68yC https://t.co/r3t9TFyz3l]]></document>
		<document><![CDATA[What to Do When You're Why Your Company's Growth Stalled https://t.co/XMO1s64qe6 https://t.co/iVwJ5c5dhF]]></document>
		<document><![CDATA[What CEOs are saying about the Muslim ban, and what they actually mean https://t.co/ZVWr7hw9YC https://t.co/HEPMUvW0vh]]></document>
		<document><![CDATA[5 Business Lessons My Single Mom Taught Me https://t.co/sPGbOjv9f7 https://t.co/y7QuwXCajd]]></document>
		<document><![CDATA[Nordstrom Has Officially Cut Ties With Ivanka Trump's Brand https://t.co/z7ks1X6qMZ https://t.co/LYRjyzjYqI]]></document>
		<document><![CDATA[Why Should I Accept Your LinkedIn Connection? https://t.co/Rktz4nHtbI https://t.co/fZF8TJgSLi]]></document>
		<document><![CDATA[Women Won't Have Equal Numbers of Board Seats Until 2055, New Study Finds https://t.co/ldo8mDZMNs https://t.co/XtE6kYUkJJ]]></document>
		<document><![CDATA[6 Signs You're Doing A Great Job (Even Though Your Boss Doesn't Say It) https://t.co/UkhHJTCHIu https://t.co/EhAulNFr2k]]></document>
		<document><![CDATA[10 Companies Using Tech to Help You Eat, Drink and Be Merry https://t.co/LrJthyncoO https://t.co/KMFM9IP6th]]></document>
		<document><![CDATA[Apple Accused of Intentionally Breaking FaceTime on iOS 6 https://t.co/pk1kDKu9zm https://t.co/dCNwRpOvwk]]></document>
		<document><![CDATA[How to Be More Than an Average Joe https://t.co/qebnzOZlqn https://t.co/aGWJXTGeRM]]></document>
		<document><![CDATA[The 3 Strategies Barlow Herbal Uses For Vibrant Marketing In The Digital Age https://t.co/OAxMJIbkxe https://t.co/55m1e2V3kF]]></document>
		<document><![CDATA[The latest The VBS On Demand Daily! https://t.co/92UMEOoW77 Thanks to @AlethaMcManama @TOfoodpolicy @Filterologist #entrepreneur #interview]]></document>
		<document><![CDATA[5 Ways to Achieve Your Desired Win https://t.co/dCbMQHze2H https://t.co/RrTSlNaoK8]]></document>
		<document><![CDATA[Should You Still Offer Health Insurance as a Benefit? https://t.co/atXGmg4YdZ https://t.co/JYKb0GhmSU]]></document>
		<document><![CDATA[Gerard Adams and Ryan Holiday on Making Unconventional Choices https://t.co/Ids9eKjmRo https://t.co/4ie25xBULP]]></document>
		<document><![CDATA[Focusing Like a Laser Will Increase Your Odds of Success https://t.co/z8bugnIXmk https://t.co/MxOJCgPPrl]]></document>
		<document><![CDATA[March Every Day for Women Entrepreneurs https://t.co/2G6ZrXFicb https://t.co/4UAhbqpfZM]]></document>
		<document><![CDATA[Does Sex Really Sell? An Entrepreneur's Guide to Flirting With Success. https://t.co/Lc8YCQFceN https://t.co/IhGGejuD7x]]></document>
		<document><![CDATA[The 'father of Pac-Man' has died at 91 https://t.co/9u6eU70vFt https://t.co/PhOfkeIkrt]]></document>
		<document><![CDATA[Uber Founder Resigns From Trump Council. Read His Full Text Explanation. https://t.co/mOgMLXvMCk https://t.co/M95s3pCRN1]]></document>
		<document><![CDATA[Bryan Cranston knows what Lyndon B. Johnson would say to Trump, and it's not pretty https://t.co/bZqshQ6YPm https://t.co/m8l8ZNdGK2]]></document>
		<document><![CDATA[Hollywood Stars Share How Early Failure Shaped Their Careers https://t.co/qddQjf6MP2 https://t.co/Jvy8LBlC63]]></document>
		<document><![CDATA[3 Reasons Entrepreneurs and Startups Are Bringing Toys Back to Life https://t.co/OlJSjcn2n9 https://t.co/FcbNMDoRyy]]></document>
		<document><![CDATA[The Simple Way to Succeed? Take Care Of People and Make Sure They're Happy. https://t.co/hhmI5ASrAW https://t.co/PWYe3p4z2E]]></document>
		<document><![CDATA[How to Succeed in International Markets https://t.co/iQv9wXfQq9 https://t.co/u9lGgJRb8S]]></document>
		<document><![CDATA[7 Popular Goal Setting Strategies That Will Help You Achieve Great Things on Social Media https://t.co/tm7ZWNJP55 https://t.co/eBqLSk0MqW]]></document>
		<document><![CDATA[5 Secrets of Masterful 1-1 Meetings https://t.co/PfDgIDNvwS https://t.co/8g3ks9e5qT]]></document>
		<document><![CDATA[What Magic Johnson Can Teach You About the Advantages of Cultural Demographic Shifts https://t.co/p5Z2W83GmD https://t.co/Bx5acpvYe0]]></document>
		<document><![CDATA[Here's How to Fix the H-1B Visa Program to Drive Startup Growth https://t.co/LhOy25EZW0 https://t.co/0W44ICt1n1]]></document>
		<document><![CDATA[Meteorologists to the world: "Don't call me weather girl" https://t.co/XUnnKtff8L https://t.co/5sWRlYpKoQ]]></document>
		<document><![CDATA[Are You Using Apple's Secret Skill At Work? https://t.co/Xqvkdhpx8i https://t.co/xGaScxC7UL]]></document>
		<document><![CDATA[Jeff Sessions Offers Cannabis Industry No Reassurance https://t.co/dua0OGxmMe https://t.co/LKhewgmuvT]]></document>
		<document><![CDATA[Good Content Is the Only Solution to Ad Blockers https://t.co/6IkZuy29vG https://t.co/9SMvhpew3E]]></document>
		<document><![CDATA[6 Apps That Help You Stick to Your Goals https://t.co/S4Ri1nZbxR https://t.co/fnrCyUhe5s]]></document>
		<document><![CDATA[What Beer Should You Drink on Super Bowl Sunday? This Chart Will Help You Decide. https://t.co/afoylHuDSB https://t.co/KGrBKcjhsC]]></document>
		<document><![CDATA[How to Book 6 Fortune 500 Meetings in 6 days https://t.co/kBTQ89vrbi https://t.co/GQEYlYbV1H]]></document>
		<document><![CDATA[The latest The VBS On Demand Daily! https://t.co/d9tlIIAW00 #entrepreneur]]></document>
		<document><![CDATA[Lady Gaga and Tiffany &amp; Co. Kick into Action for Super Bowl LI https://t.co/2A3B7ro5HM https://t.co/uvHJVIsLrh]]></document>
		<document><![CDATA[5 Cybersecurity Tools You Company Should Have https://t.co/iecDLnMvgF https://t.co/M5mHyg4itm]]></document>
		<document><![CDATA[Enough About Millennials! You Can Use Influencer Marketing To Target Older Audiences, Too. https://t.co/4eU4PfAWrn https://t.co/NU5xAPxTb3]]></document>
		<document><![CDATA[You Can Now Play Bill Gates's 1981 Game on Your iPhone https://t.co/CqoStxQ6hN https://t.co/8g3ZQ4IqIo]]></document>
		<document><![CDATA[How Technology Will Affect Hardware Companies This Year https://t.co/Jx3HSCuphV https://t.co/OiSQdyVMdS]]></document>
		<document><![CDATA[Pepsi's CEO Writes Letters to the Parents of Her Employees to Express Her Gratitude https://t.co/PVGCorjRUh https://t.co/9XiwgfwpjA]]></document>
		<document><![CDATA[8 Podcasts Every Marketer Should Be Listening to https://t.co/RhTEhygT4r https://t.co/ogpY8CI8bX]]></document>
		<document><![CDATA[Who Will Win the Top-Selling Jersey in the NFL? https://t.co/C8668pg1yX https://t.co/eVDQ6iNuzW]]></document>
		<document><![CDATA["The Founder" Reveals the Real Ray Kroc -- But Not the Rest of the McDonald's Story https://t.co/Z1XakUcnyL https://t.co/cfDpxGhELB]]></document>
		<document><![CDATA[The Question All Entrepreneurs Need to Ask Themselves https://t.co/ze6SJTXWop https://t.co/k684TBiAnC]]></document>
		<document><![CDATA[Internet points out irony of Trump screening 'Finding Dory' during #MuslimBan https://t.co/82hrWFT1Ur https://t.co/adfCks3vos]]></document>
		<document><![CDATA[What It Means to Be an Intrepreneur, According to This VP https://t.co/nW937M7Q5D https://t.co/2TbAeiJlGS]]></document>
		<document><![CDATA[This Founder Has 3 Simple Tips to Achieve Maximum Productivity https://t.co/qFemjxdggW https://t.co/R8PVIOI4By]]></document>
		<document><![CDATA[7 Simple Hacks That Will Radically Improve Your Productivity https://t.co/XDZaAcAJfP https://t.co/Y1zfbSFmPL]]></document>
		<document><![CDATA[Positive Thinking Could Get in the Way of Your Goals https://t.co/MpPOdDLghd https://t.co/glEDLnfjiX]]></document>
		<document><![CDATA[11 Secrets That Made These Entrepreneurs Millions https://t.co/e1icpWMYGD https://t.co/bDm7xId6sH]]></document>
		<document><![CDATA[Oculus Ordered to Pay $500 Million to ZeniMax https://t.co/KJT5ois4Vs https://t.co/N1tKDbHOxY]]></document>
		<document><![CDATA[Tesla Removes 'Motors' From Its Name https://t.co/ykLZfVsG3w https://t.co/3H1836LKBA]]></document>
		<document><![CDATA[Accept and Embrace Failure With 'The Other F Word' https://t.co/hATa1JyZ4C https://t.co/xlWtNlPgqh]]></document>
	</documents>
</author>