<author lang="en">
	<documents>
		<document><![CDATA[Science Guy Bill Nye buys Chevy Bolt EV, his seventh electric car https://t.co/xBUlN5AOvw]]></document>
		<document><![CDATA[Daily Fasting: Day 72, Fasting 72:   13 hours fasting today. Keeping my weight!      :-)   ...   …    :-)... https://t.co/MrqyMJcN9J]]></document>
		<document><![CDATA[DAY 652 - MICRO-STORY #652  :-)   …  The moment she looked at him in the face she spoke non-stop for 15 minutes.... https://t.co/2jKYxUmJcF]]></document>
		<document><![CDATA[SALES 101 --- Day 626 Sales 626:   :-) :-)    ~~~  What works well is having your personality in alignment with... https://t.co/rU2mYijbMb]]></document>
		<document><![CDATA[My Facebook Account may be compromised. Be on the look-out for weird messages ... especially sales offers ... NOT ME!!  :-(]]></document>
		<document><![CDATA[IF TODAY --- February 4th, 2017 --- IS YOUR BIRTHDAY:   :-)    ~~~  You are an AQUARIUS (Water-Bearer).   House =... https://t.co/iUr6OVhANg]]></document>
		<document><![CDATA[IF TODAY --- February 4th, 2017 --- IS YOUR BIRTHDAY:   :-)    ~~~  You are an AQUARIUS (Water-Bearer).   House =... https://t.co/7Gc9JPHzei]]></document>
		<document><![CDATA[We are all guilty ... https://t.co/g4o5MbGWzm]]></document>
		<document><![CDATA[For my Entrepreneur Friends .. #JamesDeanWaryk Chinese Mobile Payments Becoming Too Important To Ignore | Jing Daily https://t.co/WVE7CMRrjW]]></document>
		<document><![CDATA[True??? Interesting ... https://t.co/2y5GESwfMk]]></document>
		<document><![CDATA[28 crazy pictures of micro-apartments around the world https://t.co/iZyewUFaX4]]></document>
		<document><![CDATA[For many, dogs help fend off loneliness https://t.co/P4tkaVYE6V]]></document>
		<document><![CDATA[Chinese flock to cinemas during Spring Festival https://t.co/Ao6k0D8KEz]]></document>
		<document><![CDATA[IF TODAY --- February 3rd, 2017 --- IS YOUR BIRTHDAY:   :-)    ~~~  You are an AQUARIUS (Water-Bearer).   House =... https://t.co/y3LJZUKdbI]]></document>
		<document><![CDATA[IF TODAY --- February 3rd, 2017 --- IS YOUR BIRTHDAY:   :-)    ~~~  You are an AQUARIUS (Water-Bearer).   House =... https://t.co/bVyTdzrrpE]]></document>
		<document><![CDATA[Dee Ward Hock.
 
Mr. Hock did not invent Visa Card (that was the Bank of America).
 
His claim to fame was... https://t.co/vUDdXckUsR]]></document>
		<document><![CDATA[For my Lady friends ...Canada's Most Powerful Women Top 100 B.C. and the Territories Awards Luncheon https://t.co/a20rMQVffS via @bcbusiness]]></document>
		<document><![CDATA[Canadians invite California, Oregon and Washington to join Canada | ThinkPol https://t.co/PWwrpzs3ky]]></document>
		<document><![CDATA[My kind of woman!!  :-) https://t.co/RpRlYGuQrn]]></document>
		<document><![CDATA[IF TODAY --- February 2nd, 2017 --- IS YOUR BIRTHDAY:   :-)    ~~~  You are an AQUARIUS (Water-Bearer).   House =... https://t.co/8NUwpjpfdb]]></document>
		<document><![CDATA[IF TODAY --- February 2nd, 2017 --- IS YOUR BIRTHDAY:   :-)    ~~~  You are an AQUARIUS (Water-Bearer).   House =... https://t.co/8M0gGr3qJj]]></document>
		<document><![CDATA[IF TODAY --- February 1st, 2017 --- IS YOUR BIRTHDAY:   :-)    ~~~  You are an AQUARIUS (Water-Bearer).   House =... https://t.co/qhfaoKxfAG]]></document>
		<document><![CDATA[IF TODAY --- February 1st, 2017 --- IS YOUR BIRTHDAY:   :-)    ~~~  You are an AQUARIUS (Water-Bearer).   House =... https://t.co/l0Wlq8cof4]]></document>
		<document><![CDATA[Day 1183 Question 1183:      ~~~  What techniques or methods do you use to motivate and manage people? How about... https://t.co/QC9lQPfXIW]]></document>
		<document><![CDATA[#JamesDeanWaryk ...  :-) ... Did any of my Facebook Friend attend this event?  :-) https://t.co/RsoaLnIeiR]]></document>
		<document><![CDATA[#JamesDeanWaryk ... Canada's Most Powerful Women Top 100 B.C. and the Territories Awards Luncheon https://t.co/a20rMQVffS via @bcbusiness]]></document>
		<document><![CDATA[#JamesDeanWaryk ...  :-) ... Did any of my Facebook Friend attend this event?  :-) https://t.co/0Gtz1FVKMK]]></document>
		<document><![CDATA[#ILoveMoney ...  :-)  :-)  ....... The History of Money Explained in One Infographic https://t.co/Gq1cSIhZ5d via @Visualcap]]></document>
		<document><![CDATA[IF TODAY --- January 31st, 2017 --- IS YOUR BIRTHDAY:   :-)    ~~~  You are an AQUARIUS (Water-Bearer).   House =... https://t.co/vP46DgaOHa]]></document>
		<document><![CDATA[IF TODAY --- January 31st, 2017 --- IS YOUR BIRTHDAY:   :-)    ~~~  You are an AQUARIUS (Water-Bearer).   House =... https://t.co/TQvtGMQOk8]]></document>
		<document><![CDATA[THERE ARE TWO TYPES OF PEOPLE ON EARTH ~~~     :-)     Day 73, Type 73: Those that darken people's lives … and... https://t.co/1JM04rs0eK]]></document>
		<document><![CDATA[Kirschner Mountain ... Kelowna Canada https://t.co/T0xxCeD23v]]></document>
		<document><![CDATA[IF TODAY --- January 30th, 2017 --- IS YOUR BIRTHDAY:   :-)    ~~~  You are an AQUARIUS (Water-Bearer).   House =... https://t.co/jfiGhkTjb1]]></document>
		<document><![CDATA[IF TODAY --- January 30th, 2017 --- IS YOUR BIRTHDAY:   :-)    ~~~  You are an AQUARIUS (Water-Bearer).   House =... https://t.co/4gqja8QRq5]]></document>
		<document><![CDATA[Books to Help Kids Understand What It’s Like to Be a Refugee | Brightly https://t.co/Pupzw0nH0j]]></document>
		<document><![CDATA[Day 734, Daily Biz Tip 734     :-)     ~~~  GOLD … Amount of Gold mined in 2016: 93,350,000 ounces. Gold... https://t.co/66OJo7oo2d]]></document>
		<document><![CDATA[Ouch !!!  :-(  ........  Visualizing the Global Weapons Trade https://t.co/T5PIslE0Vz via @Visualcap]]></document>
		<document><![CDATA[THE FEELING YOU GET --- Day 324, Expression 324:   :-)   ~~~   :-)    #TheFeelingYouGet #PursuitofHappiness   ~~~... https://t.co/hSaKH9tT4a]]></document>
		<document><![CDATA[Daily Fasting: Day 71, Fasting 71:   Up to 15 hours fasting today … still going strong!!      :-)   ...   …... https://t.co/M2yOH3aukV]]></document>
		<document><![CDATA[How would you vote? Should we include Alaska?  :-) https://t.co/a4dgGpwQcX]]></document>
		<document><![CDATA[IF TODAY --- January 29th, 2017 --- IS YOUR BIRTHDAY:   :-)    ~~~  You are an AQUARIUS (Water-Bearer).   House =... https://t.co/pzV8EDdDSj]]></document>
		<document><![CDATA[IF TODAY --- January 29th, 2017 --- IS YOUR BIRTHDAY:   :-)    ~~~  You are an AQUARIUS (Water-Bearer).   House =... https://t.co/IuNfALVQJB]]></document>
		<document><![CDATA[New District Wine Club Survey https://t.co/D8LdjdMD7Z]]></document>
		<document><![CDATA[National Museum celebrates luck of the rooster https://t.co/LOtqjUx8yQ]]></document>
		<document><![CDATA[True ???  .... The Simplest and Most Perfect Explanation of Privilege I’ve Ever Seen https://t.co/EwMcSiEvbf via @]]></document>
		<document><![CDATA[Interesting ... comments?  :-) ......  https://t.co/7ZCluPGBxR]]></document>
		<document><![CDATA[Interesting ... comments?  :-) https://t.co/tgsxuk6QO1]]></document>
		<document><![CDATA[Thank you Jason Butcher !!  #MentalHealthAwareness ...  :-) https://t.co/OkG2d8VjeW]]></document>
		<document><![CDATA[#CriticalThinking ...  :-) ... What ever happened to logic and reason? https://t.co/tn2D8bmIwm]]></document>
		<document><![CDATA[New restaurant at old inn - Penticton News https://t.co/UGzSJgj89V]]></document>
		<document><![CDATA[IF TODAY --- January 28th, 2017 --- IS YOUR BIRTHDAY:   :-)    ~~~  You are an AQUARIUS (Water-Bearer).   House =... https://t.co/9FbSQzxNmQ]]></document>
		<document><![CDATA[IF TODAY --- January 28th, 2017 --- IS YOUR BIRTHDAY:   :-)    ~~~  You are an AQUARIUS (Water-Bearer).   House =... https://t.co/44y5C9x7qO]]></document>
		<document><![CDATA[IF TODAY --- January 27th, 2017 --- IS YOUR BIRTHDAY:   :-)    ~~~  You are an AQUARIUS (Water-Bearer).   House =... https://t.co/5GWoWEKyjw]]></document>
		<document><![CDATA[IF TODAY --- January 27th, 2017 --- IS YOUR BIRTHDAY:   :-)    ~~~  You are an AQUARIUS (Water-Bearer).   House =... https://t.co/YDL0tX2QSv]]></document>
		<document><![CDATA[For my Miner Friends ... #ILoveGold ... Gold price: Physical demand from India, China craters https://t.co/vhC5CpiBgc via @frikels]]></document>
		<document><![CDATA[#MathMakesMoney ... #ILoveLogic ...  :-) https://t.co/RowbAd0LGe]]></document>
		<document><![CDATA[It was a great evening! So many interesting, fascinating people!!  :-) https://t.co/zwxLWhQhEF]]></document>
		<document><![CDATA[IF TODAY --- January 26th, 2017 --- IS YOUR BIRTHDAY:   :-)    ~~~  You are an AQUARIUS (Water-Bearer).   House =... https://t.co/z4GqDCrept]]></document>
		<document><![CDATA[IF TODAY --- January 26th, 2017 --- IS YOUR BIRTHDAY:   :-)    ~~~  You are an AQUARIUS (Water-Bearer).   House =... https://t.co/aYbRSd1i3a]]></document>
		<document><![CDATA[THE FEELING YOU GET --- Day 323, Expression 323:   :-)   ~~~   :-)    #TheFeelingYouGet #PursuitofHappiness   ~~~... https://t.co/mLUTrOjgyr]]></document>
		<document><![CDATA[For my Mining Friends ...  :-) .... The world's 10 largest copper mining projects https://t.co/EKDv6bzgrS via @frikels]]></document>
		<document><![CDATA[What????? https://t.co/cLKSQkQqB3]]></document>
		<document><![CDATA[IF TODAY --- January 25th, 2017 --- IS YOUR BIRTHDAY:   :-)    ~~~  You are an AQUARIUS (Water-Bearer).   House =... https://t.co/CQckEvEP5r]]></document>
		<document><![CDATA[IF TODAY --- January 25th, 2017 --- IS YOUR BIRTHDAY:   :-)    ~~~  You are an AQUARIUS (Water-Bearer).   House =... https://t.co/M5RER3EZMx]]></document>
		<document><![CDATA[IF TODAY --- January 24th, 2017 --- IS YOUR BIRTHDAY:   :-)    ~~~  You are an AQUARIUS (Water-Bearer).   House =... https://t.co/OIosLdffL5]]></document>
		<document><![CDATA[IF TODAY --- January 24th, 2017 --- IS YOUR BIRTHDAY:   :-)    ~~~  You are an AQUARIUS (Water-Bearer).   House =... https://t.co/M7Af0EbUOL]]></document>
		<document><![CDATA[Wealth ... Chart of the week &amp;#8211; The Oxfam Inequitly Report ... there's more to the story https://t.co/rqFJA1qi2z via @VisualCap]]></document>
		<document><![CDATA[Now you know ... what would you do with a billion dollars??  :-) https://t.co/vDpwHJLptC]]></document>
		<document><![CDATA[Now you know ... what would you do with a billion dollars??  :-) https://t.co/sgC4ImcOsU]]></document>
		<document><![CDATA[Day 733, Daily Biz Tip 733     :-)     ~~~  In business SIZE DOES MATTER. If you are small, you are nimble, can... https://t.co/maJgxSIvlW]]></document>
		<document><![CDATA[IF TODAY --- January 23rd, 2017 --- IS YOUR BIRTHDAY:   :-)    ~~~  You are an AQUARIUS (Water-Bearer).   House =... https://t.co/UCYGSMPvh7]]></document>
		<document><![CDATA[IF TODAY --- January 23rd, 2017 --- IS YOUR BIRTHDAY:   :-)    ~~~  You are an AQUARIUS (Water-Bearer).   House =... https://t.co/dovZlggt31]]></document>
		<document><![CDATA[Day 82 … #LoveYourBody  #HappyHealthy100  ~~~~~  HEALTH FOOD SECTION. 98% of the human race does not get it! If... https://t.co/3bqAzwbvpz]]></document>
		<document><![CDATA[Chinese New Year 2017
Saturday, January 28, 2017]]></document>
		<document><![CDATA[Thank you Antonio !!  :-) https://t.co/aVGhJJBvku]]></document>
		<document><![CDATA[IF TODAY --- January 22nd, 2017 --- IS YOUR BIRTHDAY:   :-)    ~~~  You are an AQUARIUS (Water-Bearer).   House =... https://t.co/lkBu259f1F]]></document>
		<document><![CDATA[IF TODAY --- January 22nd, 2017 --- IS YOUR BIRTHDAY:   :-)    ~~~  You are an AQUARIUS (Water-Bearer).   House =... https://t.co/dj1qmSHUCh]]></document>
		<document><![CDATA[THE FEELING YOU GET --- Day 322, Expression 322:   :-)   ~~~   :-)    #TheFeelingYouGet #PursuitofHappiness   ~~~... https://t.co/L04Q9dBoHc]]></document>
		<document><![CDATA[Day 81 … #LoveYourBody  #HappyHealthy100  ~~~~~  I am keeping on track … average 12 hours per day fasting. I am... https://t.co/gJffntWAQ3]]></document>
		<document><![CDATA[Can you smell spring in the air? The flowers are blooming in Vancouver Canada. https://t.co/bWKqE2M0q4]]></document>
		<document><![CDATA[Day 1182 Question 1182:      ~~~  Do you travel far … more than once per year? Why?  ...     ~~~        #JamesDeanWaryk #DailyQuestion]]></document>
		<document><![CDATA[IF TODAY --- January 21st, 2017 --- IS YOUR BIRTHDAY:   :-)    ~~~  You are an AQUARIUS (Water-Bearer) on the... https://t.co/MOLISmO6hF]]></document>
		<document><![CDATA[IF TODAY --- January 21st, 2017 --- IS YOUR BIRTHDAY:   :-)    ~~~  You are an AQUARIUS (Water-Bearer) on the... https://t.co/Wd8x9P07me]]></document>
		<document><![CDATA[A big hug for you!!  :-) https://t.co/ODHNLNQVY7]]></document>
		<document><![CDATA[Day 1181 Question 1181:      ~~~ Which number is higher … the number of water molecules in an 8 oz. glass of... https://t.co/ajp5iBn2MM]]></document>
		<document><![CDATA[IF TODAY --- January 20th, 2017 --- IS YOUR BIRTHDAY:   :-)    ~~~  You are an AQUARIUS (Water-Bearer) on the... https://t.co/zSDZiGa2G6]]></document>
		<document><![CDATA[IF TODAY --- January 20th, 2017 --- IS YOUR BIRTHDAY:   :-)    ~~~  You are an AQUARIUS (Water-Bearer) on the... https://t.co/kDZDx2lXFD]]></document>
		<document><![CDATA[For my Entrepreneur Friends ..The organisations of tomorrow – and the technologies already building them https://t.co/WlyVk9i6tE via @CityAM]]></document>
		<document><![CDATA[IF TODAY --- January 19th, 2017 --- IS YOUR BIRTHDAY:  :-) ~~~ You are a CAPRICORN (Sea-Goat) on the cusp of... https://t.co/xjrGQi6jeV]]></document>
		<document><![CDATA[IF TODAY --- January 19th, 2017 --- IS YOUR BIRTHDAY:  :-) ~~~ You are a CAPRICORN (Sea-Goat) on the cusp of... https://t.co/RX3OQqWUTG]]></document>
		<document><![CDATA[Really?? ..... The Global War on Cash https://t.co/VyTwCDKeX1 via @Visualcap]]></document>
		<document><![CDATA[Really?? https://t.co/T10rIKPAtp]]></document>
		<document><![CDATA[China's SOEs face ‘red line’ on investment 

Real estate, iron ore are among overseas sectors to be off-limits... https://t.co/UN7gdfnYeB]]></document>
		<document><![CDATA[IF TODAY --- January 18th, 2017 --- IS YOUR BIRTHDAY:  :-) ~~~ You are a CAPRICORN (Sea-Goat) on the cusp of... https://t.co/5JizKzJQ7j]]></document>
		<document><![CDATA[IF TODAY --- January 18th, 2017 --- IS YOUR BIRTHDAY:  :-) ~~~ You are a CAPRICORN (Sea-Goat) on the cusp of... https://t.co/hmTjlcq8Mi]]></document>
		<document><![CDATA[RYU best place to work. https://t.co/51y8LKUfzM]]></document>
		<document><![CDATA[IF TODAY --- January 17th, 2017 --- IS YOUR BIRTHDAY:  :-) ~~~ You are a CAPRICORN (Sea-Goat). Capricorn is the... https://t.co/JlNTtjKvm9]]></document>
		<document><![CDATA[IF TODAY --- January 17th, 2017 --- IS YOUR BIRTHDAY:  :-) ~~~ You are a CAPRICORN (Sea-Goat). Capricorn is the... https://t.co/V50RdHkemy]]></document>
		<document><![CDATA[Day 1180 Question 1180:      ~~~ Who are you? What do you do? Why do you do it? What's in it for me?   ...... https://t.co/r2yFwcLctd]]></document>
		<document><![CDATA[DAY 651 - MICRO-STORY #651  :-)   … 140 people showed up at his memorial.   :-)  #MicroStories #JamesDeanWaryk... https://t.co/B5lalI9dRA]]></document>
	</documents>
</author>