<author lang="en">
	<documents>
		<document><![CDATA[@7NewsQueensland @nikt50 @ScottMorrisonMP I have no words left for scomo - it's a feeling; disgust]]></document>
		<document><![CDATA[@suthernx A sentiment shared by all decent Australians - a gross human being #dutton]]></document>
		<document><![CDATA[@AnneEHenderson @FoxNews Stop being ridiculous]]></document>
		<document><![CDATA[@suthernx Dutton wouldn't have approved this, if not for media attention. Left til the 11 th hour - arseholes]]></document>
		<document><![CDATA[@LaundyCraigMP Well, what are your mob going to do ? A 'do-nothing' PM, a useless treasurer and a celebrity FM. #seriously]]></document>
		<document><![CDATA[@marnicordell @alyxei1 @workmanalice @BuzzFeedNews Do something about this critical situation - heartless bastards @TurnbullMalcolm]]></document>
		<document><![CDATA[@samanthamaiden @GChristensenMP It didn't take christensen long did it - why in the fuck did anyone vote for him]]></document>
		<document><![CDATA[@lynlinking @theage @TurnbullMalcolm is a gutless wonder]]></document>
		<document><![CDATA[@chriskkenny He is hated worldwide - highest praise for every woman who marched]]></document>
		<document><![CDATA[@ItsBouquet @ozpsych @CNN Lying through his teeth - he is sickening]]></document>
		<document><![CDATA[@piersmorgan Dickhead]]></document>
		<document><![CDATA[@PatrickLenton @MinhKular @CaseyBriggs FFS is this for real ? Sick bastards the ACL]]></document>
		<document><![CDATA[@TurnbullMalcolm @POTUS You don't speak for me. He is despicable]]></document>
		<document><![CDATA[@SenatorMRoberts @stephanieando @realDonaldTrump Dickhead. As if @TurnbullMalcolm would go to that debarcle. You will fit in perfectly]]></document>
		<document><![CDATA[@mirandasdevine @GaryFallon2 @MathiasCormann Sure, we are ALL entitled to a holiday in Broome but pay for it himself. High entitlement crap]]></document>
		<document><![CDATA[@lenoretaylor @guardian @cporterwa Correction. It was an excellent piece by Christopher Knaus]]></document>
		<document><![CDATA[@MargaretHollin1 @GuardianAus Oops - apologies Christopher Knaus]]></document>
		<document><![CDATA[@lenoretaylor @guardian . Excellent piece of journalism - as usual from @lenoretaylor. @cporterwa is left with nowhere to hide. #arrogant]]></document>
		<document><![CDATA[@luciemorrismarr @Byline_Media @peterjukes Such good news - congratulations]]></document>
		<document><![CDATA[@abcnews What ?]]></document>
		<document><![CDATA[@PaulineHansonOz Ridiculous video - you sounded like an idiot. One woman a week is murdered in this country - murderous acts of DV.]]></document>
		<document><![CDATA[Blackjack Buddies by Rise Games - a free, fun game https://t.co/Vf8cmVB9Fw]]></document>
		<document><![CDATA[Blackjack Buddies by Rise Games https://t.co/Vf8cmVB9Fw]]></document>
		<document><![CDATA[@CampbellNewman Who asked you - no one cares what you think. #nolongerpremier @ABCNewsBrisbane]]></document>
		<document><![CDATA[Adani coalmine 'covertly funded' by World Bank, says report https://t.co/m4IUZVVYiB]]></document>
		<document><![CDATA[@chriskkenny @australian I can't imagine what it would be like to think like chris kenny - such a perverse view of the world.]]></document>
		<document><![CDATA[@GaryFallon2 @michellegrattan @smh He is a total disgrace.]]></document>
		<document><![CDATA[@bradthegunn Just caught up with ur sad news. What a kick in the guts for you - warmest wishes for a speedy recovery, take care]]></document>
		<document><![CDATA[@susanamet @abcnews Send him to the curb]]></document>
		<document><![CDATA[@Barnaby_Joyce Grow up - your behaviour in #qt today was quite disturbing]]></document>
		<document><![CDATA[@afsnsw @Barnaby_Joyce @fitzhunter @NationalFarmers Get the job done - compromise to 13%. LNP acting like a bunch of tossers #auspol]]></document>
		<document><![CDATA[@AngelaKorras @suthernx @theheraldsun Manifestly inadequate sentence - disgusting creep]]></document>
		<document><![CDATA[#ShoutYourAbortion: Why it's more important now than ever - ABC News (Australian Broadcasting Corporation) https://t.co/islaKxDnjC]]></document>
		<document><![CDATA[@JoshBBornstein @theage Disgusting - should never have let catholic priests in to Australia. Shocking treatment of victims]]></document>
		<document><![CDATA[@Lisa_Wilkinson  @smh None of us are amazed. Leaners, the lot of them @TurnbullMalcolm #ripoff #auspol #lnpfail]]></document>
		<document><![CDATA[Sack Brandis now @TurnbullMalcolm #auspol Not good enough to say gov't doesn't comment on litigation matters. @billshortenmp]]></document>
		<document><![CDATA[Hostility towards immigrants on rise as Australians despair over government https://t.co/batpUXAFII]]></document>
		<document><![CDATA[@PaulineHansonOz Talking shit. Our PM is an elite and so are the RWNJ conservative media...they are in the top 1% of salary earners]]></document>
		<document><![CDATA[Just watched A Current Affair - seems like @JayWeatherill will need to watch his arse or limit the power of the SDA. Get rid of Capo as well]]></document>
		<document><![CDATA[Australia's far-right are watching the US. Here's what we do: https://t.co/xWhtRbQf8b via @GetUp]]></document>
		<document><![CDATA[@reaIDonaldTrunp @BEAUTIFULPlCS Dickhead]]></document>
		<document><![CDATA[@PeterDutton_MP Don't be ridiculous. It was a political stunt, engineered by YOU. I bet you are so pissed off -  it… https://t.co/nyEnwfnewG]]></document>
		<document><![CDATA[German ministry wants African migrants intercepted – report | World news | The Guardian https://t.co/ulbeTOeyC1]]></document>
		<document><![CDATA[@pamelacurr Absolutely disgusting]]></document>
		<document><![CDATA[Post-ABC Tracking Poll: Clinton falls behind Trump in enthusiasm, but has edge in early voting - The Washington Post https://t.co/4F5by8fx5b]]></document>
		<document><![CDATA[Bob Day quits the Senate again, leaving government short a vote on ABCC bill https://t.co/sZjPAZPNGR]]></document>
		<document><![CDATA[Could a mild outbreak of humanity be behind the Coalition's cynical new asylum politics? | Katharine Murphy  https://t.co/QlADtA4G62]]></document>
		<document><![CDATA[Pilots, air traffic controllers raise safety concerns over plan to axe 900 jobs - ABC News  https://t.co/BKg6hEogag]]></document>
		<document><![CDATA[@PoliticsFairfax @ItsBouquet @smh @TurnbullMalcolm is a gutless wonder - controlled by back bench conservatives #auspol]]></document>
		<document><![CDATA[Indigenous incarceration a 'national tragedy': George Brandis announces inquiry -  https://t.co/OHhqKAkgTr]]></document>
		<document><![CDATA[Domestic violence figures in Indonesia are barely collected, but Australian Kate Walton is trying to change that  https://t.co/RW3hsH8CUl]]></document>
		<document><![CDATA[George Pell voluntarily interviewed by Victoria Police in Rome over historic child abuse allegations  https://t.co/zpa9vsa4XE]]></document>
		<document><![CDATA[@senatorbobday You are a disgrace - resign &amp; leave now #auspol]]></document>
		<document><![CDATA[Calais camp charity threatens UK with legal action over vulnerable children | UK news | The Guardian https://t.co/savUspL5J7]]></document>
		<document><![CDATA[Samsung exploding phone issue extends past Note 7, lawsuit says | Technology | The Guardian https://t.co/ijUzfZQVqj]]></document>
		<document><![CDATA[Feeding cows seaweed could slash global greenhouse gas emissions, researchers say - ABC News  https://t.co/2ZGvNNtK3u]]></document>
		<document><![CDATA[Scientists accidentally stumble on possible way to slow brain's ageing process - ABC News  https://t.co/a5rhmoyJ4x]]></document>
		<document><![CDATA[The world's oldest observatory? How Aboriginal astronomy provides clues to ancient life - ABC News https://t.co/ZImWgfflop]]></document>
		<document><![CDATA[Australian man Damian Berg cleared by CCTV footage after being 'framed' for Philippines drug deal - ABC News  https://t.co/YcuQKU0Gk3]]></document>
		<document><![CDATA[@corybernardi Only an imbecile would still support trump]]></document>
		<document><![CDATA[@theweeklytimes @juliecorb @NatalieKotsios This is astounding - what a useless government @ScottMorrisonMP #backpackertax #auspol]]></document>
		<document><![CDATA[@I_stand_for @UN This is crap. No mention of @DIBPAustralia or @PeterDutton_MP . What a joke #nauru #bringthemhere #failedpolicy # auspol]]></document>
		<document><![CDATA[@xskinn Hi Ian,  warm wishes for a great birthday 🎉💜]]></document>
		<document><![CDATA[@Art_Lilla_Music so sorry to hear that]]></document>
		<document><![CDATA[@Art_Lilla_Music My son diagnosed with cancer in june - medicare paid for all MRI's, CT scans, specialists, chemo &amp; surgery]]></document>
		<document><![CDATA[The 'bring Abbott back' push is completely delusional | Jeff Sparrow | Opinion | The Guardian https://t.co/zuXGj8GWmu]]></document>
		<document><![CDATA[@randlight @smh WTF this is outrageous]]></document>
		<document><![CDATA[@BevanShields @smh Unbelievable. Zero credibility for @stuartrobertmp]]></document>
		<document><![CDATA[@AndrewBGreene @MarisePayne  not becoming of a minister - especially from a minister who doesn't look as though she would rock da house]]></document>
		<document><![CDATA[@1KarenWyld I sincerely hope things turn around for you - it must be stressful]]></document>
		<document><![CDATA[@JmarrMarr  It sure seems that way. He is a bit high on his own power at the moment - a creep]]></document>
		<document><![CDATA[@LyndsayFarlow @smh No justice in this piss weak sentence - despicable man deserves no leniency #CSA]]></document>
		<document><![CDATA[@lynlinking @smh @HeathJAston Check this out @TurnbullMalcolm  - the lunar right at it again #marriageequality #auspol]]></document>
		<document><![CDATA[@CroweDM Gutless wimps - @ScottMorrisonMP &amp; @TurnbullMalcolm #auspol #delconswon]]></document>
		<document><![CDATA[Child abuse royal commission: Police 'under pressure' after 1,659 cases flagged for investigation - ABC News  https://t.co/OF8qBKnYlF]]></document>
		<document><![CDATA[@AbusedKids @LyndsayFarlow @JasNotes Sick bastards they are]]></document>
		<document><![CDATA[@nancycato1 Thoughts are with you]]></document>
		<document><![CDATA[@GuardianAus @grhutchens Who gives a fuck what john howard thinks ? He is no longer relevant]]></document>
		<document><![CDATA[Toxic air pollution particles found in human brains | Society | The Guardian https://t.co/FXypZiOJiX]]></document>
		<document><![CDATA[Barack Obama cancels meeting after Philippines president calls him 'son of a whore' | World news | The Guardian https://t.co/IaaFSGsHYh]]></document>
		<document><![CDATA[@MarkRDuckett Thoughts will be with you today - tough time]]></document>
		<document><![CDATA[@MariamVeiszadeh @strat_pavlis An excellent piece by Waleed Aly #auspol]]></document>
		<document><![CDATA[Climate sceptic MP appointed chair of environment and energy committee | Australia news | The Guardian https://t.co/EMdup33wiG]]></document>
		<document><![CDATA[HI-SEAS mission: These guys just spent a year on Mars (sort of) - ABC News (Australian Broadcasting Corporation) https://t.co/2S7WuQF1lF]]></document>
		<document><![CDATA[@bsadams25 @SenatorWong True - hopefully @TurnbullMalcolm will have the same luck as @TonyAbbottMHR did with his unfair budget #auspol]]></document>
		<document><![CDATA[@gabriellecj @GrogsGamut An excellent piece. Spot-on as usual. @ScottMorrisonMP the failed treasurer]]></document>
		<document><![CDATA[@1KarenWyld @MdmAbsentMinded @callapilla This is an utter disgrace #travestyofjustice]]></document>
		<document><![CDATA[@treesrfine @GuardianAus Totally outrageous]]></document>
		<document><![CDATA[@thebettinaarndt You are aware that 1 woman a week is murdered in Australia - by a current or former partner. There are no comparisons]]></document>
		<document><![CDATA[@Bryan_Field15 @mlle_elle A truly shocking image of a dear little boy, traumatised by the war. Why ? Where is the help for Aleppo]]></document>
		<document><![CDATA[@stephanieando @toninicho A very pathetic presser by @PeterDutton_MP . How in the hell does he place himself as the victim. #fedup]]></document>
		<document><![CDATA[@lynlinking @KnottMatthew He is ridiculous - sulking and stomping his feet like a child caught out on a massive lie #manus/nauru]]></document>
		<document><![CDATA[@ljayes @PeterDutton_MP What a load of crap #BringThemHere]]></document>
		<document><![CDATA[@1KarenWyld @AllanJClarke What a piece of work she is - unbelievable]]></document>
		<document><![CDATA[Philip Tracy, Chairman of Murray Goulburn - how in the hell do you sleep at night @4corners . Disgusting corporate behaviour #disgust]]></document>
		<document><![CDATA[@RadioNational @nikt50 Walked away with 10 million after working for murray goulburn for 5 years. FFS how do they get these jobs. @4corners]]></document>
		<document><![CDATA[@4corners this story makes me so angry - the farmer's have been fucked over because of corporate greed. They have no shame]]></document>
		<document><![CDATA[@Peter_Fox59 @newcastleherald Chuck the book at him - pig]]></document>
		<document><![CDATA[@SkyNewsAust @chriskkenny Spotlight on nauru - hopefully @CARoyalComm investigates fully. Professional journalism by @GuardianAus]]></document>
		<document><![CDATA[@SkyNewsAust @chriskkenny I am so grateful for the extensive reporting by @GuardianAus last week - abuse of asylum seeker chn on nauru]]></document>
	</documents>
</author>