<author lang="en">
	<documents>
		<document><![CDATA[An elegant bracelet for an elegant bride.Swarovski pearl bracelet with a touch of 50s. style#pearl #weddinghour… https://t.co/A3VxPAzvmc]]></document>
		<document><![CDATA[Her hair dresser even threaded the ribbons of the hair vine into Fiona's hair at the back. Absolutely stunning! https://t.co/CWUSGvCVC7]]></document>
		<document><![CDATA[She wore a #gold #hair #vine from our new collection. Doesn't it look wonderful with her hair colour and her dress? https://t.co/sgLsxO93fg]]></document>
		<document><![CDATA[Fiona emailed me photos from her #wedding day which was back in December. https://t.co/XusPo1K2Tw]]></document>
		<document><![CDATA[@AriannaTiaras Thank you! Glad you like it 💖]]></document>
		<document><![CDATA[Monika wears our Arianna #hair #pins and Harmony #earrings. She wore one pin and her sister wore the other. https://t.co/bFK3txyUbt]]></document>
		<document><![CDATA[They decided to get married in #Edinburgh because they came for a holiday and fell in #love with the city. https://t.co/bz982YuRIp]]></document>
		<document><![CDATA[The lovely Monika emailed me photos from her #wedding #day back in October. Her and her husband are from Germany... https://t.co/Q1Pv4tNbyU]]></document>
		<document><![CDATA[congrats to all the #bridetobe for getting all the questions right and ticked all the boxes #engaged… https://t.co/6RcyR5DKxG]]></document>
		<document><![CDATA[🙄 We're covered in the area #edifreewifi #Edinburgh https://t.co/J2RQJz9RWP]]></document>
		<document><![CDATA[A big Harry Potter fan like me may pop over and take a look. #harrypotter https://t.co/0QLEqAqw7o]]></document>
		<document><![CDATA[@avalanche_edin @JiveEdinburgh @theusherhall @RollingStones Wow, that's so cool.]]></document>
		<document><![CDATA[@edinburgh A very happy New year to everyone ! How did everyone's 1st day go?]]></document>
		<document><![CDATA[Our headpiece &amp; bracelet on the frontcover of @SWD latest issue. LOVE the styling, so chic.@AriannaTiaras… https://t.co/CYeGOgIwdH]]></document>
		<document><![CDATA[@CleanHeelsUK @swdmagazine hurry girls, grap a copy of SWD this month.Those clean heels are owesome for your high heels.#NewYearsResolution]]></document>
		<document><![CDATA[@AriannaTiaras Thank you! Merry Christmas and a happy new year to you guys as well 🎄🎉]]></document>
		<document><![CDATA[Our #Christmas and #New #Year opening times. We hope you all enjoy your festive time with your family and friends. https://t.co/KgkzwBCLLo]]></document>
		<document><![CDATA[spotted these gorgeous pod jewellery set at #elements last month. finally got them. Over the moon.#Christmasgift… https://t.co/H7vKRy6X3u]]></document>
		<document><![CDATA[Looking for a Christmas gift with style? How about these fabulous threaders handmade in Paris, available in store n… https://t.co/O7TJ8Tj6rR]]></document>
		<document><![CDATA[Great article about the people behind Aurum. Worth reading Cygnus by Aurum https://t.co/2jUMhvahsJ via @Nordic Style Magazine]]></document>
		<document><![CDATA[@GingerandLimeED  Thanks guys !~]]></document>
		<document><![CDATA[A glimpse of the enchanted forrest through our window this morning. @swdmagazine @aurumjewellery @sfedinburgh… https://t.co/ZQOUOi7Nn3]]></document>
		<document><![CDATA[Thanks a million to all lovely brides we served in the year of 2016. We did it.. be proud of being a Lily Luna brid… https://t.co/7LNEF5jije]]></document>
		<document><![CDATA[@larkandlily @swdmagazine  Thanks very much, Lynsey.  We're honoured to be have been nominated alongside @larkandlily]]></document>
		<document><![CDATA[@gettingknotted @Confetti_Awards @ldmakeup @miabellaglasgow Hey! We hope everyone is well 😊]]></document>
		<document><![CDATA[@larkandlily @swdmagazine Thank you very much 💖  I hope you're well and enjoyed your night at the VOWS ☺ xx]]></document>
		<document><![CDATA[These pieces will be arriving to the shop within the next couple weeks. Just in time for your #Christmas #shopping https://t.co/mnN2sHkVX4]]></document>
		<document><![CDATA[A little sneak peek at our new pieces from the Aurum #Jewellery collection. https://t.co/m7AuJqYNzM]]></document>
		<document><![CDATA[She wore our Demetria side #headpiece; https://t.co/RrOz6xbkVx and Hilary #belt. How incredibly happy does she look? https://t.co/FvPQwp9l2j]]></document>
		<document><![CDATA[Claire sent me photos from her #wedding day. She came along to our #bridal open day in April where we picked the pe… https://t.co/fsip1FLCrh]]></document>
		<document><![CDATA[The stunning Charlotte sent photos from her #wedding day. She wore our Rufford #hair #vine. Doesn't she look amazin… https://t.co/2bXHqjvq3L]]></document>
		<document><![CDATA[Thought I should share this sensational photo of Kate wearing our Joanne crystal hair vine with… https://t.co/cbWFekK0VW]]></document>
		<document><![CDATA[our Anita full band; https://t.co/2RFiihzNiB Her style is very #1920's #art #deco which really suits her and we love it :)]]></document>
		<document><![CDATA[Colette sent a photo from her #wedding day. She wore our Kimberley #headpiece; https://t.co/coBVTdLWrA and... https://t.co/sAxTkA4r1N]]></document>
		<document><![CDATA[Are you ready to add some winter must -have jewellery for your wardrobe ? #jewellery #fashionblogger #winterfashion… https://t.co/iVHC7OIEMO]]></document>
		<document><![CDATA[We're exhibiting at the #VEIL Show #Wedding #Fair next Sunday. Come visit us, tickets are £5. More information at… https://t.co/sJCLrCUSib]]></document>
		<document><![CDATA[@PanPanBridal We wish you the same :)]]></document>
		<document><![CDATA[Feel inspired by #LFW #FashionWeek #necklace #fashionsfinest #fashionforeverybody #fashionista https://t.co/kpte0ttNs5]]></document>
		<document><![CDATA[One of my favs from #VictoriaITV Feel bad but looking forward to the wedding sene Farewell #lordmelboure #Vicbourne https://t.co/urPF14hBji]]></document>
		<document><![CDATA[this gold shape pearly headpiece is perfect for a art deco look. Love it. https://t.co/mfLmaQyNnK]]></document>
		<document><![CDATA[@handmadetiara it's gorgeous Michelle]]></document>
		<document><![CDATA[Photos taken last Saturday in the charming heart of @EdinWestEnd_   tOdysseyBoutique @Rogueflowers @SamBrownEdin https://t.co/yXuo27ktEX]]></document>
		<document><![CDATA[This #necklace and photo has me constantly like 😍😍😍 Absolutely stunning! 
#handmade #fashion #jewellery https://t.co/8oQN6nQie5]]></document>
		<document><![CDATA[@Rogueflowers prettiest flowerist in town. @EdinWestEnd_ https://t.co/wu3GeuMOyz]]></document>
		<document><![CDATA[@handmadetiara Looks great! I really love the Addison vine with more pearls &lt;3]]></document>
		<document><![CDATA[some sparkle treats this weekend  brighten up the grim weather. #designerjewellery #edinburghshop #fashion #ring https://t.co/Lrw94IeNBT]]></document>
		<document><![CDATA[Swan feather #rings from our new #Icelandic collection by Gudbjörg https://t.co/65a1N2JVwA]]></document>
		<document><![CDATA[Thank you for sending the photos and congratulations :) https://t.co/LeLEGJwzar]]></document>
		<document><![CDATA[The #hair #chain stands out so well in her dark purple hair &lt;3 We love it! https://t.co/CBSAsfFtSL]]></document>
		<document><![CDATA[Jacqueline sent me photos from her #wedding last month. She's wearing our #vintage #rose #hair #chain. https://t.co/8xPGUEAHwO]]></document>
		<document><![CDATA[The #vintage details of the #headband match the vintage details in her #wedding #dress https://t.co/OM0khAX7A2]]></document>
		<document><![CDATA[The delightful Vivienne sent me photos from her #wedding #day. She wore our 'Heather' #headband. https://t.co/YG1d7j9OLl]]></document>
		<document><![CDATA[Eirini wears our 'Aimee' side #headpiece https://t.co/1tOmvGvpFo  which looks amazing in her dark hair.]]></document>
		<document><![CDATA[Our lovely #bride, Eirini sent me an photo of her from her #wedding #day back in December. https://t.co/XH8PpygNlU]]></document>
		<document><![CDATA[Entries for nominations finish on September 1st. You can vote for us on the official website;https://t.co/bMprNm6rfO https://t.co/7l6jLlQgGB]]></document>
		<document><![CDATA[If you have been one of our brides between 01/09/2015 and 01/09/2016, we'd love for you to vote for us in the #Scottish #VOWS #Awards 2016]]></document>
		<document><![CDATA[A beautiful thank you card from our lovely bride Lisa. It's my first one! It made my Tuesday all the more better. 💓 https://t.co/0QEGzLd6C0]]></document>
		<document><![CDATA[Caroline is brilliant SEO consultant. We had the pleasure to work with her last year. congrats on the new business. https://t.co/c4S15HCLVp]]></document>
		<document><![CDATA[Some photos of our #jewellery and #headpieces from a photo shoot at Alexander House in Perth. https://t.co/iBeMaZvCy8]]></document>
		<document><![CDATA[Magnificent opening ceremony for #fringefestival #EdinburghFringe #deeptime.Proud of being in the heart of Edinburgh https://t.co/AgvWHddExy]]></document>
		<document><![CDATA[The finished #wedding #video for our bride Lisa; https://t.co/OZbr24cILa How great does her wedding look? :)]]></document>
		<document><![CDATA[The finished project 😊 What do you think? #windowdisplay #succulents https://t.co/6SGEVunJYp]]></document>
		<document><![CDATA[We've finally changed our window display! The lovely Elspeth has hand drawn #succulent plants🌵 https://t.co/rQ44Z7fAcE]]></document>
		<document><![CDATA[@JenWoodLike We can't wait to meet you and make you feel like a bride 💕💍👰]]></document>
		<document><![CDATA[The lovely Sarah sent photos from her #wedding day. She wears our 'Aimee' #headband; https://t.co/1tOmvGvpFo https://t.co/3MMXYD3CvC]]></document>
		<document><![CDATA[More from our new 2016-2017 #bridal collection. Special thanks to @iQ_beauty_ and @Spence_Photo https://t.co/3zcIO429QW]]></document>
		<document><![CDATA[Lily Luna 2016-2017 New #Wedding Collection https://t.co/Nyk9unegqC]]></document>
		<document><![CDATA[Lisa, one of our #brides sent a photo from her #wedding. She's wearing our 'Deloras' hair chain and 'Libbie' Earring https://t.co/BdBR2vgr1M]]></document>
		<document><![CDATA[Our new collection from @LiteKalabalik arrived last week. Have a peak at what we have :) #fashionjewellery https://t.co/clpIe8Pt78]]></document>
		<document><![CDATA[Not many spaces left for our #bridal #open#day. Contact us to book before you miss out! 💍👰💓 https://t.co/BwrtLlTOYz]]></document>
		<document><![CDATA[Remember our #bridal #open #day is on 24th July. Book your space before it's too late :) https://t.co/2DVaJe6MCF]]></document>
		<document><![CDATA[@larkandlily @swdmagazine Thank you :)]]></document>
		<document><![CDATA[Perfect pieces for a summer #wedding with a mix of #statement #headpieces and delicate #jewellery https://t.co/ISqovcV4b7]]></document>
		<document><![CDATA[Have you seen our stunning #headpieces and #jewellery in the new @swdmagazine? https://t.co/2G0ju2YUmB]]></document>
		<document><![CDATA[Remember that our #bridal open day is on Sunday, 24th July. Free #hair and #make-up trials plus much more. :) https://t.co/UBN88vn0aX]]></document>
		<document><![CDATA[@Ethicalcarats Thank you 😊]]></document>
		<document><![CDATA[Natalie wore our 'Kimberley' #headband; https://t.co/coBVTe3xQa and 'Miriam' #earrings https://t.co/pJluHqq72E]]></document>
		<document><![CDATA[Our #bride Natalie sent us photos from her #wedding. How amazing does she look? :) https://t.co/qmB5srFjWr]]></document>
		<document><![CDATA[A few more pieces from our Greek collection 💓 #fashionjewellery #edinburgh #bracelet #necklace https://t.co/qBgj4AbsFJ]]></document>
		<document><![CDATA[Stunning #rings from our Greek collection. 😍 We simply love them! You can wear them individually or mix and match 😊💓 https://t.co/sKmQbJn8JX]]></document>
		<document><![CDATA[Our summer #bridal #open #day is happening on Sunday, 24th July. Book your spot before it's too late.]]></document>
		<document><![CDATA[Another stunning photo from our #photoshoot. Katie is wearing our 'Sansa' #forehead #vine. https://t.co/PXPQ1w1i1m]]></document>
		<document><![CDATA[A #stunning photo from our #photoshoot last month. Katie is wearing our 'Fawn' #headpiece and 'Josie' #earrings https://t.co/cnuo5TmWI8]]></document>
		<document><![CDATA[@GatwickExpress thanks for cancelling the train leaving from Victoria st @6:00am..I'm goint to miss my flight]]></document>
		<document><![CDATA[@lintably @Spence_Photo Good luck to you Barry! We can't wait to see them 😊]]></document>
		<document><![CDATA[#lilyluna #weddingshoot #weddingstyle #bridalaccessories #weddingaccesspries #photoshoot https://t.co/bSwOtkgJPV]]></document>
		<document><![CDATA[@lintably @Spence_Photo Thanks Laura. It was lovely to see you again. Get a good rest tonight ☺]]></document>
		<document><![CDATA[@lintably @Spence_Photo hard work, fantastic results, very happy with team and the lovely new faces! #fahion #photoshoot]]></document>
		<document><![CDATA[A few behind the scenes photos from our #photoshoot today https://t.co/0zhEA1kfF1]]></document>
		<document><![CDATA[Are you in Perth? Are you looking for #weddingaccessories? Then pop along and visit our stall. :) https://t.co/vCepw9RZt2]]></document>
		<document><![CDATA[Finally we have some decent weather! Let the sun shine~ #Edinburgh #shopping #westendedinburgh #jewelleryshop window https://t.co/l7kZHUNMqa]]></document>
		<document><![CDATA[Always love the woodland setting in the botanic garden @RBGEevents  https://t.co/yA1tk6InN4]]></document>
		<document><![CDATA[A little peek at our new collection from Greece which arrives next month. #fashionjewellery #bracelet #bangle https://t.co/OaygBKWDf3]]></document>
		<document><![CDATA[Check out our new #spring window display. Isn't it cute? ☺ https://t.co/BzORn4XxE4]]></document>
		<document><![CDATA[@Giacopazzis Wow, excellent. I hope the fair goes well for you. Things are good thank you, getting fairly busy with brides. :)]]></document>
		<document><![CDATA[One of our #brides sent a few quick snaps from her #wedding #day. Doesn't she look beautiful? :) https://t.co/463xQnqhGs]]></document>
		<document><![CDATA[Just playing around with some #hair #accessories and cute #flowers. https://t.co/QIDdKDNRzJ]]></document>
		<document><![CDATA[Have you spotted our pieces in the new Scottish Wedding Directory magazine? @swdmagazine #hairaccessories #jewellery https://t.co/imoZQTGCbm]]></document>
		<document><![CDATA[Kirsty's wedding colour theme was gold and black (what an unusual but chic choice!) https://t.co/nStYgqtD2s]]></document>
		<document><![CDATA[Earlier this year, we made a set of large Orchid flower pins for Kirsty MacPherson Hair and Make up Artist's wedding https://t.co/a3o4lSisDq]]></document>
	</documents>
</author>