<author lang="en">
	<documents>
		<document><![CDATA[False news..or propaganda..when will people get real? When will they learn and educate themselves? Astonishing cras… https://t.co/xs6JPTTTBL]]></document>
		<document><![CDATA[@thisisamy_ @MrsNickyClark @theresa_may Not in my name or my chidren's name.This decision was based on appalling information on both sides.]]></document>
		<document><![CDATA[Love and hugs special and inspiring lady...xx https://t.co/y9EeGGyqLm]]></document>
		<document><![CDATA[Breaking down barriers and educating is what is needed. @WrongKindOfSnow "Lets start at the very beginning, its a v… https://t.co/Kl924d31Jy]]></document>
		<document><![CDATA[Thank you for talking @stephenfry https://t.co/GRll6qAnpt]]></document>
		<document><![CDATA[#aplacetocallmyhome https://t.co/CF9FKvA9sT]]></document>
		<document><![CDATA[Yes please @BBCBreakfast fab story about #Downsyndrome awareness and breaking down misconceptions https://t.co/c6C8CrsA9j]]></document>
		<document><![CDATA[Well said @normanlamb As always the voice of reason. https://t.co/txSVMovgcJ]]></document>
		<document><![CDATA[Superb @MichaelRosenYes perhaps you should send one to the boy Trump? He really needs educating. https://t.co/sMUMbPE0U1]]></document>
		<document><![CDATA[Despairs and puts head in hands....again! https://t.co/e3F6YyG8Jz]]></document>
		<document><![CDATA[We can only hope things continue to improve for all and all are embraced @DownsSideUp xx https://t.co/THI9x1uRv4]]></document>
		<document><![CDATA[@sazpedz so very true x https://t.co/SYS9H0XUYL]]></document>
		<document><![CDATA[With you @MitchBenn https://t.co/fXRQM7T7uE]]></document>
		<document><![CDATA[#Downsyndrome Looking forward to a good read and enlightenment. TY All. https://t.co/bP81s6Lzxa]]></document>
		<document><![CDATA[Well done Ted! x https://t.co/GpTBWwWj3F]]></document>
		<document><![CDATA[#autismawareness https://t.co/BUfEqJRiz2]]></document>
		<document><![CDATA[Wonderful @curlyhairedalis! What a great group of people you are gathering together for AKO Autism Expo. x https://t.co/dq8ZHnjMbx]]></document>
		<document><![CDATA[#timetotalk #mentalhealth be open be honest and be kind x https://t.co/SUg2abPGn8]]></document>
		<document><![CDATA[Keep taking to each other.....x https://t.co/YdOv4yz0vC]]></document>
		<document><![CDATA[@BraddJaffy @MrsNickyClark 😂😂😂😂😂in out, in out, shake it all about...you couldn'tt make it up!]]></document>
		<document><![CDATA[Love those juicy peaches and melon @jamesmartinchef https://t.co/1srcPB4g68]]></document>
		<document><![CDATA[Feels like taking an hour long French Holiday everyday! TY @jamesmartinchef x https://t.co/7P0Jz48J6E]]></document>
		<document><![CDATA[#charity #kilmarnockhorserescue https://t.co/CwQC4xmepF]]></document>
		<document><![CDATA[#changingplaces offer respect and dignity for those with special needs and their families https://t.co/z4krZsbffA]]></document>
		<document><![CDATA[This has to happen TY @normanlamb and cross party is the only way forward. https://t.co/UKqJ0OfODY]]></document>
		<document><![CDATA[#aplacetocallmyhome https://t.co/YqhHAirrCJ]]></document>
		<document><![CDATA[#autismawareness #aspergers https://t.co/rNaMaV4399]]></document>
		<document><![CDATA[#lovereaseheath https://t.co/rYIEvOe7i0]]></document>
		<document><![CDATA[Lets go February!! xx https://t.co/B1PDJYfWwe]]></document>
		<document><![CDATA[Confession.....I love Desert Island Discs...x https://t.co/eqJ9PhjdzS]]></document>
		<document><![CDATA[#autismawareness https://t.co/oEe0TF7jQh]]></document>
		<document><![CDATA[Ty @charliehenbury5 so true https://t.co/lWmuMHUGBR]]></document>
		<document><![CDATA[@letsforlife @delgirl28 You are welcome x]]></document>
		<document><![CDATA[#charity #autismawareness Everyone deserves a chance to shine in life https://t.co/RywMa17eWc]]></document>
		<document><![CDATA[Certainly are, a great a truly caring team of people @delgirl28 TY @letsforlife xx https://t.co/JmJuSI4Ilf]]></document>
		<document><![CDATA[@suziebooks @AnnaKennedy1 @Chewigem @fatframeuk Lets go for it xx]]></document>
		<document><![CDATA[Lets for Life are amazing people who care. https://t.co/HxbAXugkeI]]></document>
		<document><![CDATA[#lovereaseheath https://t.co/jA2oNfol1O]]></document>
		<document><![CDATA[#autism #charity #albumlaunch #autismawareness https://t.co/Ad40Umg1ab]]></document>
		<document><![CDATA[How fantastic @JoshWillsWorld The pasties @WarrensBakery are delish!! x😊 https://t.co/gzvz23AZEN]]></document>
		<document><![CDATA[Err 71% against 29% for is hardly a split @wilmslow_news more like a bloomin great chasm! https://t.co/9iJtUnEYsW]]></document>
		<document><![CDATA[@guardian Everything about Trump is sinister]]></document>
		<document><![CDATA[Please sign and RT before they destroy our most valuable asset TY https://t.co/jTylNNel54]]></document>
		<document><![CDATA[#autism #learningdisability #disabled https://t.co/IeoSs4nvI2]]></document>
		<document><![CDATA[TY for RT @JanTregelles this has to stop and NOW! @normanlamb you know too just how bad this is. @BBCNews  TY]]></document>
		<document><![CDATA[I know too many whose children and young adults are in exactly this situation please read and RTfor @delgirl28, her… https://t.co/q8JcTSXUjp]]></document>
		<document><![CDATA[Love the photo @ciarale01 xx https://t.co/lczhYtIk0m]]></document>
		<document><![CDATA[WOWEEE!!!! @AnnaKennedy1 how superb is that??? Well done, all crossed now. x https://t.co/UDMyRhCTZV]]></document>
		<document><![CDATA[Lovely to see familiar faces @carterjenny16 @Darrentigerlion doing great things to make real changes for people… https://t.co/0zqliGrsQw]]></document>
		<document><![CDATA[People with #LearningDisabilities must be involved in discussions about their lives and give answers not those who… https://t.co/SMlfuUFJcy]]></document>
		<document><![CDATA[#autism Sadly they then spend far2 many years trying to get people2 listen&amp; a diagnosis Wasted years of a child's l… https://t.co/DITKxDEmbK]]></document>
		<document><![CDATA[Radio 4, their great 15 min short dramas about Darleen Fyles and her husband who is also learning disabled. Funny a… https://t.co/WoUF7iPcl7]]></document>
		<document><![CDATA[#mentalhealth https://t.co/gYblfj6B96]]></document>
		<document><![CDATA[Looking forward to this soooo much https://t.co/TWklVyyFEM]]></document>
		<document><![CDATA[Celebrate the diversity of the human race by embracing ALL people @sallyephillips https://t.co/NgTy0xycZN]]></document>
		<document><![CDATA[@jennycarter welcome to Wilmslow and the lovely people @letsforlife x https://t.co/KaMH16ln2F]]></document>
		<document><![CDATA[Appalling situation. NHS and Education should not be political footballs. https://t.co/2PsptT1DjV]]></document>
		<document><![CDATA[#charity Launch of music album helping to raise awareness of #autism. Great line up of guests https://t.co/nVGvOikVBO]]></document>
		<document><![CDATA[And so it begins.... https://t.co/VK84wjSfng]]></document>
		<document><![CDATA[#bullying Not good at all! x https://t.co/qyCH8nhGVV]]></document>
		<document><![CDATA[You are welcome @letsforlife x https://t.co/JuWbJpXXwB]]></document>
		<document><![CDATA[#learningdifficulties https://t.co/0Eg5WVzmR8]]></document>
		<document><![CDATA[Brilliant photographer, great work @flyingmonkphoto https://t.co/TCFwbeuvdp]]></document>
		<document><![CDATA[#charity #Autism Excellent!! https://t.co/dGsVGnuf0d]]></document>
		<document><![CDATA[#mentalhealth https://t.co/mnSeOqgdMV]]></document>
		<document><![CDATA[Doing a brilliant job @letsforlife giving people #aplacetocallmyhome x https://t.co/niYiX8Tifr]]></document>
		<document><![CDATA[#charity #autism Great showcase for amazing people. x https://t.co/SDjEFREANq]]></document>
		<document><![CDATA[@letsforlife a fantastic group proving that they can do anything!! x https://t.co/IcTiOww6Js]]></document>
		<document><![CDATA[Brilliant @sanditoksvig this really needs to keep happening TY x https://t.co/V9J44fuvxC]]></document>
		<document><![CDATA[Have a lovely day @carterjenny16 &amp; @Darrentigerlion xx https://t.co/ko3Gr3UH0b]]></document>
		<document><![CDATA[Happy Saturday @suziebooks  and all x And Happy Birthday to Angelo @AnnaKennedy1 lets hear it for the good old saus… https://t.co/9yAvxBPBH5]]></document>
		<document><![CDATA[@suziebooks @AutismLizard @msm4rsh @AnnaKennedy1 @DownsSideUp @Chewigem @fatframeuk Backatch Suzie, hugs and hugs xx]]></document>
		<document><![CDATA[@BarackObama Gutted you are gone here in England The world is very unstable]]></document>
		<document><![CDATA[@STCakeDesign @_TheMarketCo They are fab!!!!]]></document>
		<document><![CDATA[Who wouldn't? Yeuchy man. https://t.co/eb6kz8gQAA]]></document>
		<document><![CDATA[@Independent doesn't alter the fact that he needs a serious haircut though! 😝]]></document>
		<document><![CDATA[#lovewilmslow @_TheMarketCo can't wait!! https://t.co/UIEJP9w6fT]]></document>
		<document><![CDATA[#buildbridgesnotwalls https://t.co/DTerxgQXd0]]></document>
		<document><![CDATA[Great idea!! @scope TY @letsforlife for RTing x https://t.co/ImHuaQTXj0]]></document>
		<document><![CDATA[#autism Wonderful @suziebooks x https://t.co/KK35N529vc]]></document>
		<document><![CDATA[My pleasure @4AdsthePoet x https://t.co/za8iI5rnLF]]></document>
		<document><![CDATA[Particularly gorgeous here in Cheshire isn't it today @louiseminchin 😁 https://t.co/kBEqJvWRQD]]></document>
		<document><![CDATA[@RoebuckInnMobb it is a stunning January day]]></document>
		<document><![CDATA[@RHC_Adventure is this adventure enough? x https://t.co/gpuru1O9UG]]></document>
		<document><![CDATA[#voting system that us undemocratic and needs fixing https://t.co/roDfY75uJw]]></document>
		<document><![CDATA[Love #gorse #bluesky &amp; #cornwall https://t.co/7HA7LWDbvh]]></document>
		<document><![CDATA[#autismawareness https://t.co/jCpaoAfstu]]></document>
		<document><![CDATA[Looking forward to this little gem @AmandaRedmanHQ x https://t.co/nx3pKilXmX]]></document>
		<document><![CDATA[My pleasure xx @DownsSideUp https://t.co/8Pqsn7eNuU]]></document>
		<document><![CDATA[ooooo heavenly. TY @HolohanTrevor xxx https://t.co/fyva1vMxGF]]></document>
		<document><![CDATA[Well done @kingqueen3065 4your win.Disabled people must be included in society not assigned2 being 2nd/3rd class citizens #differentnotless]]></document>
		<document><![CDATA[@Jeremy_Hunt @mowat4ws @theresa_may Why is the government allowing so much money to be spent on keeping the families of those in care quiet?]]></document>
		<document><![CDATA[@Chewigem @suziebooks @AnnaKennedy1 @DownsSideUp @fatframeuk Take care all x]]></document>
		<document><![CDATA[#mentalhealth https://t.co/FLwiF2eSwm]]></document>
		<document><![CDATA[Two classy ladies  @BBCWomansHour I will be listening for sure. https://t.co/CRNs5P6quD]]></document>
		<document><![CDATA[Car park disabled spaces must be managed properly by supermarkets https://t.co/1lnRTYb3Au]]></document>
		<document><![CDATA[#chattynattyrules https://t.co/2NOHJnyvyg]]></document>
		<document><![CDATA[#autismawareness https://t.co/yKytWMELcr]]></document>
		<document><![CDATA[Oh boy!! https://t.co/q8nvHLImXO]]></document>
		<document><![CDATA[@theresa_may @Jeremy_Hunt Money where you mouths are please https://t.co/et5obndVqH]]></document>
	</documents>
</author>