<author lang="en">
	<documents>
		<document><![CDATA[@shedworking Could that be "Don't make a song and dance about it" ?]]></document>
		<document><![CDATA[On my walk round the Botanics I heard 4 languages besides English and saw a male couple holding hands. #ChooseDiversity]]></document>
		<document><![CDATA[@WaterstonesBham Romeo &amp; Juliet, Othello and Measure for Measure]]></document>
		<document><![CDATA[So impressed by the courage and clear vision of this man. https://t.co/pCf46fTq0h]]></document>
		<document><![CDATA[A tonic of international collaboration in these divided times https://t.co/4ysp4Zu0Xp]]></document>
		<document><![CDATA[Loved Olive Kitteridge by Elizabeth Strout, and thought it would make a great film. Turns out it's a TV mini series with Frances McDormand!]]></document>
		<document><![CDATA[@Richspur Sending Bradley a card from Malaysia for his collection. Let's hope he gets a mountain of them!]]></document>
		<document><![CDATA[An honour to be the chosen book for Day 11! https://t.co/VEKZfiLldk]]></document>
		<document><![CDATA[@ruth_wishart Hope you're back on both feet before too long!]]></document>
		<document><![CDATA[@JonathanMeres Hope this birthday will bring only positive things. Hugs to you and yours x]]></document>
		<document><![CDATA[Lovely Polish mum of 3 girls gave me her seat on the subway today despite my protestations. #LoveGlasgow #immigrantswelcome]]></document>
		<document><![CDATA[@caroljchristie @susanquinn1 Hey, Susan, can you help? You're my Twitter knitter extraordinaire!]]></document>
		<document><![CDATA[@JonathanMeres Just spotted your worrying tweet! So glad the NHS came through for you! X]]></document>
		<document><![CDATA[Homeless charity ‘Shelter’ will receive £1 from @BritishGas for each ‘#TweetForSh... https://t.co/tRmDRLowmh via @UKChange]]></document>
		<document><![CDATA[@LoreleiKing And his name is Merlin!]]></document>
		<document><![CDATA[Delighted to bring my puffins to Cove and Kilcreggan Book Festival! https://t.co/mYHX7XH29g]]></document>
		<document><![CDATA[Thanks for the RT @kat_luc01 - hope all's well at Comely Park Primary!]]></document>
		<document><![CDATA[Fantastic Beasts is a timely reminder of the amazing creatures walking this earth that are equally threatened: https://t.co/REjyvEVuy5]]></document>
		<document><![CDATA[Well what do you know - a fogbow! https://t.co/lOhfYSJ8ar]]></document>
		<document><![CDATA[@ArnoldBrownYnot Very good! We can all celebrate twice!]]></document>
		<document><![CDATA[@ArnoldBrownYnot Is today the day? If so, you share a birthday with our daughter @AnnaRickards who is 20 today. Have a great party! ⭐️⭐️⭐️⭐️]]></document>
		<document><![CDATA[So much personality on a single page! https://t.co/iZ4uYucxz2]]></document>
		<document><![CDATA[There's still hope ❤️ https://t.co/2h5TUMqeG3]]></document>
		<document><![CDATA[Hi @AnnaRickards - have a gander at this! https://t.co/eLzJ5LkRiN]]></document>
		<document><![CDATA[@AnnaRickards You're up awfully late!]]></document>
		<document><![CDATA[@DekkoComics She's done a few drawings for online magazines and educational graphics for 
@FYFTCharity]]></document>
		<document><![CDATA[@DekkoComics Anna is a cartoonist like you, and draws all the time, wherever she is: https://t.co/soRjaSymzK]]></document>
		<document><![CDATA[@sallymag1 @DekkoComics My daughter @AnnaRickards used to make herself cartoon study notes as well. A brilliant way to make dry facts fun!]]></document>
		<document><![CDATA[@childbkauthor @owlkids A very timely piece in these disturbing times]]></document>
		<document><![CDATA[@DiscoverKelpies In the current political climate will you look for more books celebrating diversity and tolerance? #askakidseditor]]></document>
		<document><![CDATA[@JonathanMeres Hugge mermaid for me in charming Copenhagen!]]></document>
		<document><![CDATA[Great morning of puffin tales with the Grange Primary P1s yesterday thanks to Sally Pattle @Furtherfrom. A lovely, welcoming school!]]></document>
		<document><![CDATA[@ComelyParkPS Congratulations, everyone! Great achievement.]]></document>
		<document><![CDATA[Hey @AnnaRickards - check this out: https://t.co/dR5B0RBUMK]]></document>
		<document><![CDATA[@FinlaysonPalmer Leave a trail of breadcrumbs]]></document>
		<document><![CDATA[The animal-in-the-headlights look on Trump's face explained: https://t.co/dQDIzCevYZ]]></document>
		<document><![CDATA[Count me in! https://t.co/rUNr4ZZcJF]]></document>
		<document><![CDATA[Well worth reading, for greater understanding which is much needed at this juncture. https://t.co/erOAyQd648]]></document>
		<document><![CDATA[@Dorothy_Aidulis The Harvest Co-op in Shawlands is another option, open till 5pm]]></document>
		<document><![CDATA[@Refuweegee Great to see a whole room full of donated clothing at the drop-off place in Cochran St! Hope the teenage refugees feel welcomed.]]></document>
		<document><![CDATA[@Refuweegee I can come in to the Cochran Street location this morning, no problem.]]></document>
		<document><![CDATA[@Refuweegee I've got some warm coats and things to donate but can't get to your Cochran St location before 5:00. Any West End drop off?]]></document>
		<document><![CDATA[Brilliant show! https://t.co/M482aybUiF]]></document>
		<document><![CDATA[@wrathofgod Sorry to hear it! Hope you improve very soon, and in the meantime thank heaven for hot drinks and warm houses.]]></document>
		<document><![CDATA[Latest news on Save the Wolves campaign: total raised is now £100K and growing! Bring back Della, Germaine &amp; Aretha https://t.co/o5oWvhTo4I]]></document>
		<document><![CDATA[The @RBW_TV Save the Wolves campaign has raised £85K in a week! Time to get pledging: https://t.co/mDG3AWYd91]]></document>
		<document><![CDATA[@AlisonRunham Thanks, Alison - that's great!]]></document>
		<document><![CDATA[I just became an official Save the Wolves backer for @caitlinmoran's Kickstarter campaign: https://t.co/mDG3AWYd91]]></document>
		<document><![CDATA[Brilliant, intelligent comedy deserves a third series, and we can help! https://t.co/dXDoQDWZxt]]></document>
		<document><![CDATA[The man who cried rigged: the problem with Trump’s election claims https://t.co/iVn7lofPmF]]></document>
		<document><![CDATA[@AlisonRunham Thanks - I'll give that a try!]]></document>
		<document><![CDATA[@AlisonRunham Hi Alison - is there a link to your article online? I'd be interested to read it.]]></document>
		<document><![CDATA[This is something I feel really strongly about since my son started smoking socially. Stop, stop, stop! https://t.co/HwHDiISmLh]]></document>
		<document><![CDATA[I don't usually gush about people on Twitter but I'm filled with increasing admiration for Greg Hogben @MyDaughtersArmy. Well worth a follow]]></document>
		<document><![CDATA[Really enjoying the #HomeAway series @GlasgowTramway! Chicago, Brisbane, South Uist, Jamaica and tonight Rio - fab international theatre]]></document>
		<document><![CDATA[Wow, those look so real! https://t.co/mobfDgHCwz]]></document>
		<document><![CDATA[Thanks to librarian Ian Keane for a great day yesterday in Alloa! https://t.co/2QuxpOL7TV]]></document>
		<document><![CDATA[One for you, @susanquinn1 ? https://t.co/rOAt8PH7wY]]></document>
		<document><![CDATA[Touched by the generosity of Glasgow teacher @susanquinn1, all thanks to Twitter!
https://t.co/8ZojTnsJf6 https://t.co/Njx9SWI5y0]]></document>
		<document><![CDATA[May I introduce my Twitter knitter: https://t.co/r3Z4PWbhoj]]></document>
		<document><![CDATA[@OranMorGlasgow Do you have to be 18, or can someone 17 apply?]]></document>
		<document><![CDATA[Looking for somewhere to take the wee ones this afternoon in Glasgow? I'm reading puffin stories at 2pm, and there… https://t.co/rqHLI1go4a]]></document>
		<document><![CDATA[Looking forward to another puffin party for the wee ones at Waterstone's Byres Road on Monday! My new Skye will be… https://t.co/fsSwaFksz7]]></document>
		<document><![CDATA[@AlastairCassell Barcelona fnac bookshop. Or maybe my friend @susanquinn1 could knit you one!]]></document>
		<document><![CDATA[Love this! Care instructions: Cactus of slow, almost imperceptible growth. Easy to care for: give abundant morning… https://t.co/FGmoQq1Q2S]]></document>
		<document><![CDATA[@storytellersinc I had a lovely long-nosed dog just like her as a kid ❤️]]></document>
		<document><![CDATA[@susanquinn1 Great to meet you too. Hope the books go down well with the little ones!]]></document>
		<document><![CDATA[Had a nice chat with champion knitter @susanquinn1 and look what she gave me! https://t.co/BRvEGmsGbl]]></document>
		<document><![CDATA[@louisinacurrie @AnabelMarsh Clever boy! Must be a puffin fan 😃]]></document>
		<document><![CDATA[@hawkins_joyce @susanquinn1 Isn't Susan clever? Skye is the cutest little thing!]]></document>
		<document><![CDATA[Look what the amazing @susanquinn1 has made for me! https://t.co/i8vArqzQ26]]></document>
		<document><![CDATA[@susanquinn1 Susan that is perfect! What a beautiful little puffling!]]></document>
		<document><![CDATA[@GlasBikeStation Found the Google review page and added one. Five stars!]]></document>
		<document><![CDATA[@GlasBikeStation Unlike most of the world I'm not on Facebook. I'll explore the Google option...]]></document>
		<document><![CDATA[@susanquinn1 Wow, that's looking brilliant! Very realistic baby bird fluff. A puffling is born...]]></document>
		<document><![CDATA[@WalkerBooksUK Mine for Keeps by Jean Little made me #AChildofBooks]]></document>
		<document><![CDATA[Nervous and proud as I see my baby (17) off to his first day at the RCS Junior Conservatoire #newchapter]]></document>
		<document><![CDATA[@AlisonRunham I'm getting ahead of myself! My puffin event at the Byres Road Book Festival is on Monday 26 September, the holiday weekend]]></document>
		<document><![CDATA[@AlisonRunham I've got a picture book trilogy for you then! Lewis, Harris &amp; Skye will all be featured on Monday at 2pm, Waterstones Byres Rd]]></document>
		<document><![CDATA[Looking forward to some puffin fun on Monday! https://t.co/y2zqGpEet9]]></document>
		<document><![CDATA[Came back from holiday to find these bad boys growing in my aloe Vera! https://t.co/YJ1GCqOqzP]]></document>
		<document><![CDATA[@GlasBikeStation Not sure how... ?]]></document>
		<document><![CDATA[Got my son a fab silver Raleigh mountain bike today at @GlasBikeStation! Fully refurbished, great service and an excellent price! 🚲❤️]]></document>
		<document><![CDATA[@melbfestival @Ex_M Robert Lepage is magical. I was lucky to live in Montreal when he was performing in Circulations, Dragon Trilogy, Vinci]]></document>
		<document><![CDATA[@susanquinn1 If you look up puffling there's quite a range as they change a lot. Here's my illustrator's version: https://t.co/eE5VkTr5y7]]></document>
		<document><![CDATA[@susanquinn1 Hi Susan - I think very small pufflings are fluffy mid-grey all over with dark beak and feet.]]></document>
		<document><![CDATA[@ArtyBagger @PlayPiePint So mad this is the one week we're away and we've missed it! Hope it will be back to popular acclaim soon.]]></document>
		<document><![CDATA[@susanquinn1 @hawkins_joyce Looking forward to seeing how you get on! You need an old fuzzy grey jumper to start maybe...]]></document>
		<document><![CDATA[@susanquinn1 @hawkins_joyce I made a little grey puffling from fleece but it's not very fluffy. Trying to replicate Skye the Puffling.]]></document>
		<document><![CDATA[@hawkins_joyce @susanquinn1 Isn't he (or she) gorgeous! I wonder if Susan knits fluffy grey pufflings? Looking for a Skye...]]></document>
		<document><![CDATA[@rufuswainwright Makes you wonder where all the others are now...]]></document>
		<document><![CDATA[@nicolakidsbooks Try and escape the rip tide by swimming parallel to the shore?]]></document>
		<document><![CDATA[@SarahLeipciger Lovely indeed. The perils of predictive text!]]></document>
		<document><![CDATA[Hi @eva_dolan - lovely to chat with you in the Edinburgh sunshine today!]]></document>
		<document><![CDATA[Had a lovely afternoon in the @AuthorsYurt today chatting with @SarahLeipciger and @ExplorerJust after my puffin event. Thanks, @edbookfest!]]></document>
		<document><![CDATA[@JonathanMeres I'll try and track you down then! Have a good event yourself 🍀]]></document>
		<document><![CDATA[@JonathanMeres Sorry to miss you. I'm in tomorrow morning for bit of puffin excitement 🌝]]></document>
		<document><![CDATA[@heartensoulUK Hi Sharon! I've just been searching Twitter for you, but you found me first. Have a great time on your island adventure!]]></document>
		<document><![CDATA[@kat_luc01 Hi Katrina - that's funny, it works for me. It's just a silly t-shirt that says Keep calm and let Lynne handle it!]]></document>
		<document><![CDATA[@JaniceForsyth @americanrep @edintfest @airstreamrally @BBCJFCulture Sunday matinee on the 21st. Will tune in for that!]]></document>
	</documents>
</author>