<author lang="en">
	<documents>
		<document><![CDATA[Interesting... https://t.co/K0F1Bt9xtW]]></document>
		<document><![CDATA[Bit of warm weather expected in Mudgee this weekend for Brumbies v Waratahs trial https://t.co/WjI13aCsY2]]></document>
		<document><![CDATA[@chloe_hosking how much, in PSI?]]></document>
		<document><![CDATA[@SimplySean_ Could/should Gerrie Nel coach the Springboks?]]></document>
		<document><![CDATA[This Brisbane 10s seems a bit like an Ex-Reds players home coming party:
Ioane ✔️
Mitchell ✔️
Goromaru ✔️
O'Connor ✔️
Barnes ?]]></document>
		<document><![CDATA[@BlockaDutton Always room for the King of Jerra]]></document>
		<document><![CDATA[@BlockaDutton It would be good to see him play in his own backyard again]]></document>
		<document><![CDATA[The last time Larkham, Latham and Tuqiri played together for the Wallabies was nearly 10 years ago.

#GoldenOldies]]></document>
		<document><![CDATA[@FOXSportsNews Socceroos Asian cup win]]></document>
		<document><![CDATA[Tonight's live sport.... https://t.co/sAzJReBVEt]]></document>
		<document><![CDATA[@pocockdavid more photos please]]></document>
		<document><![CDATA[@giteau_rugby with a cameo at the Whites on the way?]]></document>
		<document><![CDATA[Is that a Diamond Duck for Hazlewood?]]></document>
		<document><![CDATA[Stoinis to the rest of the team #NZvAUS https://t.co/gnZc9tPsjp]]></document>
		<document><![CDATA[@FletaTheTweeter 2pm kickoff for Canberra Utd on a day forecast to be 39 🤔]]></document>
		<document><![CDATA[@Lee_Gaskin1 they're no Chris Harris 'dibbly dobblers']]></document>
		<document><![CDATA[@Lee_Gaskin1 Starc out to 'left arm pies']]></document>
		<document><![CDATA[@jpmoloney here is Wave Rock... https://t.co/C9ARZeINb7]]></document>
		<document><![CDATA[There's still time for a T20 match after this

#NZvAUS]]></document>
		<document><![CDATA[@CJCau Top image: 'Mt Ainslie'
Bottom image: Mt Pleasant from google image seach https://t.co/nlZQIjT24E]]></document>
		<document><![CDATA[@CJCau @jpmoloney Safety campaign ruined.

Back to the drawing board...]]></document>
		<document><![CDATA[Will Australia avoid the follow on? #NZvAUS]]></document>
		<document><![CDATA[Any chance of rain soon in Auckland?]]></document>
		<document><![CDATA[@Cranky_Old_Ref Public Holiday in Auckland]]></document>
		<document><![CDATA[Latest news at lunch time.. https://t.co/ykg1QQfT1W]]></document>
		<document><![CDATA[@RugbyReg Reds v Blues match confirmed for Samoa https://t.co/RN7oIvKqhC]]></document>
		<document><![CDATA[Is Mr Cho still trending this morning? #AusOpen]]></document>
		<document><![CDATA[@jen_browning Will there be full replays of Mr Cho’s speech on ABC tomorrow?]]></document>
		<document><![CDATA['What did you get up to in the school holidays?' 

`Got to hang out with Federer' https://t.co/LavasXCGh8]]></document>
		<document><![CDATA[@Tuxy81 not that one]]></document>
		<document><![CDATA[Rod Laver’s walking out of the arena to Run DMC’s ‘My Adidas’]]></document>
		<document><![CDATA[@stuartfaz He’s already asked for a pair of Fed and Rafa’s sneakers]]></document>
		<document><![CDATA[@MKPS001 Nadal will probably throw that trophy into the Yarra River on the way out in that mood]]></document>
		<document><![CDATA[@Tuxy81 Isn’t he from the Mr Sparkle ad?]]></document>
		<document><![CDATA[Nadal looking thrilled after that.... #AusOpen https://t.co/sgJNr4Ur3N]]></document>
		<document><![CDATA[When is the box set DVD/Blu Ray of this final available? #AusOpen]]></document>
		<document><![CDATA[Not bad for a couple of 30-somethings #AusOpen]]></document>
		<document><![CDATA[Stop it Fed..]]></document>
		<document><![CDATA[@RyanOak maybe replays of the Pro Bowl  instead]]></document>
		<document><![CDATA[@RyanOak And have to watch My Kitchen Rules]]></document>
		<document><![CDATA[That point #Ausopen https://t.co/ZtwU6g5kfD]]></document>
		<document><![CDATA[@benkimber but does it tell the time?]]></document>
		<document><![CDATA[@LaurenLosper Mostly those ones you mentioned.]]></document>
		<document><![CDATA[@LaurenLosper It’s been on the decline for a few years for various reasons]]></document>
		<document><![CDATA[@GKoop93 He’s got to get back to the hotel and put the kids to bed before 10]]></document>
		<document><![CDATA[Getting ready for tonight's Federer/Nadal final #AusOpen https://t.co/HlFV8zG42q]]></document>
		<document><![CDATA[@GKoop93 He’d probably prefer that than the alternative.]]></document>
		<document><![CDATA[@GKoop93 Yes, but he’s been playing home AND away during the regular season]]></document>
		<document><![CDATA[@GKoop93 ‘executed the gameplan perfectly’]]></document>
		<document><![CDATA[@Tuxy81 #naderer is what’s about to  happen Fui shortly]]></document>
		<document><![CDATA[@GKoop93 29 hit ups, 0 missed tackles, 500m gained so far]]></document>
		<document><![CDATA[@HulaBulaJim I think Berrick's face sums it up https://t.co/APEH3GfRIl]]></document>
		<document><![CDATA[@CoachTeamRehab Nope. 

Watched it online]]></document>
		<document><![CDATA[With Panasonic on attack, George Smith dives on a loose ball to secure possession and Suntory kick it out after the siren to win 15-10.]]></document>
		<document><![CDATA[2 mins to go and Suntory lead Panasonic 15-10. 

Panasonic just put Naiyaravoro on.]]></document>
		<document><![CDATA[@nickstiles767 Suntory up 15-10.]]></document>
		<document><![CDATA[@whiskeycully But a week off for a good record plus another for his remorse etc..]]></document>
		<document><![CDATA[Over in Japan, Panasonic hold a 10-9 lead over Suntory with about 20 mins to go]]></document>
		<document><![CDATA[George Smith. 

Can still put on a hit. https://t.co/21KYqbhBGH]]></document>
		<document><![CDATA[HT: Suntory and Panasonic locked at 3-3]]></document>
		<document><![CDATA[@therawbucket it's about even. Poeys playing at 8 so not in every ruck. 

In terms of actual points, it's 3-3]]></document>
		<document><![CDATA[Suntory vs Panasonic 
Pocock vs Smith https://t.co/8Shx2Hxgsg]]></document>
		<document><![CDATA[The man... https://t.co/ZgzVPtM4rN]]></document>
		<document><![CDATA[@Tuxy81 Didn’t pick JT.

You’ll be run out of town for that.]]></document>
		<document><![CDATA[@FreemanrugbyJPN What time is kick off today?]]></document>
		<document><![CDATA[What game was I watching then?

@Lee_Gaskin1 Did you go? https://t.co/4keba6sjfQ]]></document>
		<document><![CDATA[@BMcSport And there is the McSport kiss of death..]]></document>
		<document><![CDATA[Ok, so it turns out he was right.. #AusOpen https://t.co/f7hQ3QyeYG]]></document>
		<document><![CDATA[Wow, Michael Jackson wore number 23?]]></document>
		<document><![CDATA[@mellymoo0710 it's actually a knee so hopefully back soon]]></document>
		<document><![CDATA[@mellymoo0710 ankle injury, hopefully not too bad but hard to tell sometimes]]></document>
		<document><![CDATA[FT: Late blow out in the score sees the Brumbies win 59-0 over the Barbarians.]]></document>
		<document><![CDATA[Lausii Taliauli before having to go off injured https://t.co/5HFZPHzisH]]></document>
		<document><![CDATA[Tom Staniforth getting some air https://t.co/GZCCORd5l8]]></document>
		<document><![CDATA[@BMcSport earlier than that Cheetahs match when you blew up.. https://t.co/AJ8vAmyLXg]]></document>
		<document><![CDATA[@BMcSport even @RussGibbs10 rated it so mission accomplished.]]></document>
		<document><![CDATA[Off to Viking Park this arvo just for the steak sanga. 

Might stay to watch the rugby, too. 

cc @NatYoannidisFOX]]></document>
		<document><![CDATA[@SuckerForRed it wasn't set up yet]]></document>
		<document><![CDATA[Nice of the Wellington fans to dress up in Hurricanes gear in the background https://t.co/YzIIQoVUQL]]></document>
		<document><![CDATA[@Lee_Gaskin1 @BMcSport 

'Welcome to Bunnings sir, how can I help?' 

'Just here for the pies and sausage rolls tha… https://t.co/E4EYx827Hv]]></document>
		<document><![CDATA[@Thomson_Greg might still be going by then]]></document>
		<document><![CDATA[@Tuxy81 Just for you.. https://t.co/UV0KlU7DAN]]></document>
		<document><![CDATA[TV Execs/promoters hoping for a  Federer/Nadal final https://t.co/MqESJI8nWB]]></document>
		<document><![CDATA[@Tuxy81 not photoshopped.... https://t.co/sI5vnPxdwP]]></document>
		<document><![CDATA[@gavinmortimer7 is that what happened to Eddie Jones?]]></document>
		<document><![CDATA[@BMcSport I spoke to @RussGibbs10 about hot pies for tomorrow.

He said he’d leave them in the sun and they should cook themselves.]]></document>
		<document><![CDATA[A Mexican stand off? https://t.co/olTLGR7kQk]]></document>
		<document><![CDATA[@jpmoloney Is that the jersey equivalent of a mic drop?]]></document>
		<document><![CDATA[@phillutton78 I heard hey ran out of licence plates]]></document>
		<document><![CDATA[@jpmoloney Bit of shade being thrown with the new jersey at that statement]]></document>
		<document><![CDATA[New Brumbies jersey for 2017 https://t.co/ahoiare3ft]]></document>
		<document><![CDATA[Was expecting a dab from @ScottSio in the new Brumbies jersey.

Maybe after the first meat pie? https://t.co/xg2nzDL9JH]]></document>
		<document><![CDATA[@KieranWalshACT Hopefully not as loose fitting as this one]]></document>
		<document><![CDATA[@RugbyReg It's because of the Lions tour.

And I concur.]]></document>
		<document><![CDATA[@RugbyReg See the Reds v Blues away game this year may be played in Samoa?]]></document>
		<document><![CDATA[Not sure the Brumbies will be going this far back for their 2017 jersey https://t.co/xSxbajcEu1]]></document>
		<document><![CDATA[‘If we both make the final, again’…
#AusOpen https://t.co/S9JUXQkCy8]]></document>
		<document><![CDATA[@MyGungahlin I can't get there. If only you could bring me some home tonight and I'll fix up the money on Saturday]]></document>
		<document><![CDATA[@JulianBAbbott when the cool change arrives after a hot day https://t.co/wgXOLuEIk2]]></document>
		<document><![CDATA[Pakistan’s fielding philosophy #AUSvPAK https://t.co/W7rF0UTrwe]]></document>
	</documents>
</author>