<author lang="en">
	<documents>
		<document><![CDATA[@ndorfin I have, great read ... makes sense to me, but I'm looking in through a warped window so can only guess. Eek though, eh, EEK!]]></document>
		<document><![CDATA[@theArtOfPeople well, you know, I can sometimes find it boring as well, so may as well be honest about it :)]]></document>
		<document><![CDATA[@BR3NDA :) thanks]]></document>
		<document><![CDATA[@thelivo ha ha ha. @TvnVintage is one of my fave RSS subscriptions, it's like my own QI show ;)]]></document>
		<document><![CDATA[Cracking read from @lirarandall, don't hold back on finding a copy for yourself: https://t.co/3aJSh8hbid]]></document>
		<document><![CDATA[@thelivo https://t.co/rJ2atNBYD9 ... because :)]]></document>
		<document><![CDATA[@paulbrislen wasn't where already a 2, a 3 and a "4: The final return"?]]></document>
		<document><![CDATA[I promise two things
1) I'll always end the day on something completely different,
2) I'll stop when they stop.]]></document>
		<document><![CDATA[I apologise to everyone for my almost constant barrage of, "WTF!?" shares about Trump/Bannon/USA/NZ.]]></document>
		<document><![CDATA["shock event" (bit like, "Ooh, look, squirrels") from Bannon. We all benefit from not being so reactive - read more: https://t.co/gMIuVNXNHP]]></document>
		<document><![CDATA[@kamikazilady if you find other worthy news publishers and/or ways of supporting journalistic endeavours let me know]]></document>
		<document><![CDATA[@kamikazilady I'd love to be able to pay for good journalism from @NZStuff, @odtnews and @nzherald but that's not their business model]]></document>
		<document><![CDATA[@kamikazilady currently only 3 but am looking at how I can be more targeted and effective with my $

Check this:
https://t.co/XXTkPredYL]]></document>
		<document><![CDATA[Cracking @hackmiramar meeting with reps WREMO and WCC - our "Survive &amp; Thrive" event is gonna be way different and most awesome.]]></document>
		<document><![CDATA[People standing up for the law, as they perceive it, shouldn't be summarily dismissed by a political party.… https://t.co/C87YbAcN8b]]></document>
		<document><![CDATA["hot desking", is that still a phrase we use?]]></document>
		<document><![CDATA[@LaurieFleming @BR3NDA maybe I should should be more patient ... [waits] .. :( ... no, nothing, sorry.]]></document>
		<document><![CDATA[@BR3NDA can't read the console then, sorry. Good luck sorting it out]]></document>
		<document><![CDATA[@BR3NDA how?
Can send you the source I'm getting if that helps]]></document>
		<document><![CDATA[@BR3NDA tried following, no diff
- Turn browser data saver off
- Request desktop version
- Use data not CBDFree WiFi

Sorry.]]></document>
		<document><![CDATA[@BR3NDA tried again. Same :(]]></document>
		<document><![CDATA[@BR3NDA tapped link in tweet, saw the blank page, refresh page, saw blank page, took screenshot, sent tweet.]]></document>
		<document><![CDATA[I'm 100℅ immgrant.
I'm 100℅ living in my home.
My kids are 50℅ immigrant based.
We're 100℅ Kiwi. https://t.co/fvQ0CKJP4s]]></document>
		<document><![CDATA[@BR3NDA :( Chrome on Android 7.1.1 - blank screen. https://t.co/0f33fXjxwq]]></document>
		<document><![CDATA[Or even, if you prefer, "unsubstantiated claims". 

Lordy you folks can be picky picky picky ;)]]></document>
		<document><![CDATA[Don't let them (or anyone) get away with bare faced lies or ubsubtiatwd claims.
https://t.co/y80kuPMwP4]]></document>
		<document><![CDATA[Oh. Let's hope it doesn't diminish in quality. https://t.co/Yve7YZNDF6]]></document>
		<document><![CDATA[A school of Wellington Wall Sharks swimming against the P. https://t.co/X4hMsL8SLW]]></document>
		<document><![CDATA[Didn't see that coming. But not surprised by anything today. Horrified at loads but not surprised. https://t.co/d4XFTX5DwY]]></document>
		<document><![CDATA[STrying to shut the press, it's a constant pressure that I hope they #resist https://t.co/fJx2IIJpGT]]></document>
		<document><![CDATA[@nzRaj Facebook as well, wow]]></document>
		<document><![CDATA[@zenpeacekeeper @MaryFisherNZ wow, you both (all) are quite amazing. I need to get up and out and do more.]]></document>
		<document><![CDATA[@widged that would be excellent, thank you]]></document>
		<document><![CDATA[@JennyKayNZ :) 7 years old. Be awesome to see if they are up for sharing their experiences and resources // @sarahfreenz]]></document>
		<document><![CDATA[It feels like this is what's going on in the US Admin. I hope it's not, but, well, you read it: https://t.co/PzmdKGc0QY, via @yonatanzunger]]></document>
		<document><![CDATA[@JennyKayNZ @sarahfreenz could we be introduced perhaps, something you can do Kay, Sarah?]]></document>
		<document><![CDATA[@JennyKayNZ that's excellent to hear - I still know nothing about them and why they speak on the communities behalf when asked by @DomPost]]></document>
		<document><![CDATA[Speaking up now is good, but will you when it's so much tougher. I say don't wait, act now so those times don't com… https://t.co/aCuyYyZHuj]]></document>
		<document><![CDATA[@gavinmiddleton we'll see what happens then eh ... @nzlabour @NZGreens @Maori_Party @UnitedNZ]]></document>
		<document><![CDATA[@agentK true. Bought mine in Australia, before the VR headsets or Homes were out. Grrrr]]></document>
		<document><![CDATA[Who the are "Miramar Maupuia Progressive Association", and why does @DomPost quote them?

@sarahfreenz, you know?

https://t.co/qH5qbKX2OJ]]></document>
		<document><![CDATA[@agentK can't get it in NZ though, grrr (just like Google Home, grrr pt 2)]]></document>
		<document><![CDATA[@UnitedNZ and I'll be honest, your site was a pain to get payment through - needs modernising in look and re-doing in payment tech]]></document>
		<document><![CDATA[In light of NZ political announcements over the w/e &amp; today I am happy to send money / join @nzlabour, @NZGreens,… https://t.co/KzjntLL72a]]></document>
		<document><![CDATA[Seems the original tweet is still there - appreciate the heads-up @elpie 
https://t.co/1xsj6YCg2t https://t.co/p1mSchiaUU]]></document>
		<document><![CDATA[@elpie thanks for letting me know, I will delete my tweet.]]></document>
		<document><![CDATA[So what is Trump / Bannon / the rest of them forcing Google, Twitter, Facebook and many others to do with my data? Anyone heard anything?]]></document>
		<document><![CDATA[I'm not never gonna go to that USofA for a long long time https://t.co/MHplwMhl6y]]></document>
		<document><![CDATA[@justadandak you're wonderful - @teh_aimee would love to chat with you about the Wellington event ;)]]></document>
		<document><![CDATA[Brilliant - nearly hit it's goal of $500,000 - amazing response from kind humans from USA and around the world https://t.co/rGoxUWsSvH]]></document>
		<document><![CDATA[@nzregs Auckland only :(]]></document>
		<document><![CDATA[Lawyers must be reeling from the good vibes coming at them ;) Bet bankers are looking to be next .. go on then, DO… https://t.co/Kl6y5jqIhx]]></document>
		<document><![CDATA[To @HackMiramar, #hackathon, #opendata &amp; anyone else: Want bring together this year's #Wellington @GovHackNZ event? Please get in touch ...]]></document>
		<document><![CDATA[I agree with @pmbillenglish that we should state NZ would never do such a thing. But to have NO COMMENT on the US A… https://t.co/X5fz7d2Gxb]]></document>
		<document><![CDATA[@field_hamster I would hope @pmbillenglish never has to 'wait to see what Auatralia has to say' when contemplating such values and actions]]></document>
		<document><![CDATA[@field_hamster BUT, the silence after that tweet @pmbillenglish isn't helpful, postive, constructive or reflecting Kiwi values]]></document>
		<document><![CDATA[@field_hamster hah, no it wasn't as my wife was along to that event ;) tbh I don't give @pmbillenglish brickbats for that tweet, good on him]]></document>
		<document><![CDATA[This from current NZ Government's Foreign Affairs Minister doesn't give a view on US behaviour or #doublethequota

https://t.co/QsG3trKkDW]]></document>
		<document><![CDATA[Seems everyone I tweeted yesterday about standing up to the current state of the US Admin has made a +ve statement .. except @pmbillenglish]]></document>
		<document><![CDATA[Also check out @justin_lester's message on FB: https://t.co/EdybPTDxzl]]></document>
		<document><![CDATA[Awesome to see this, top work @justin_lester and I trust all @WgtnCC Councillors support and publicly echo him. https://t.co/03Lze6bKRb]]></document>
		<document><![CDATA[This! Impressed by @PeterDunneMP &amp; I hope we can all support his words &amp; actions as he tries to do the right thing

https://t.co/O4bKI7nGnI]]></document>
		<document><![CDATA[Hear hear ... how about it @pmbillenglish ? https://t.co/Fg2NjCwXwA]]></document>
		<document><![CDATA[It can be such a confusing world at times. https://t.co/aIvwdN8TqT]]></document>
		<document><![CDATA[@stevebiddle thanks, I have been made aware // @wellingtonista @BillEnglishMP]]></document>
		<document><![CDATA[@LaurieFleming thanks, and that explains a lot sorry @pmbillenglish]]></document>
		<document><![CDATA[Off to the Year 9 pōwhiri at @WellyHigh with a very sanguine @JRiversdale]]></document>
		<document><![CDATA[And if you do want to send an email to @BillEnglishMP but don't know what to write by all means copy my one:… https://t.co/Tdk69sGSWp]]></document>
		<document><![CDATA[Great fun with @herring1967 and @stephenfry : https://t.co/52BAmvsae6]]></document>
		<document><![CDATA[Confirmation bias, ok, I fell for it, oh.
https://t.co/64QEd4MZpC]]></document>
		<document><![CDATA[We all need a laugh after the day we've had, enjoy a little more @veitchtweets annoying spammers - https://t.co/kCacGhgSCU]]></document>
		<document><![CDATA[@LewisHoldenNZ thanks, I think I'll skip it, doesn't seem to have any cars at all :(]]></document>
		<document><![CDATA[It's all up for grabs in the US, "Inside the Conservative Push for States to Amend the Constitution": https://t.co/CCmupZXqAs]]></document>
		<document><![CDATA[@LewisHoldenNZ anyone you know in Wellington?]]></document>
		<document><![CDATA[And they manage to flick off their one and only follower. Give Suzi a free ticket because she cares to follow where no-one else will.]]></document>
		<document><![CDATA[As an aside, I do love the @UrbanNz Twitter account. Starts with a bang, has great engagement by tweet 2 and then 
...]]></document>
		<document><![CDATA[So, done a wee bit of research and there seems no credible Uber competitor in New Zealand. Am I right or have I missed something?]]></document>
		<document><![CDATA[@jpdanner @UrbanNz - seems they're not onTwitter, https://t.co/Mm4ZGZHtLB - uninstalling ...]]></document>
		<document><![CDATA[@jpdanner ah, oh, bugger! Sorry @UrbanNz, not you then ;) @Uber]]></document>
		<document><![CDATA[Anybody using @urbannz as an alternative to @Uber in New Zealand?]]></document>
		<document><![CDATA[@UrbanNz oh, and you might want to check your settings as entering the c/c each time would be a complete pain in th… https://t.co/J4z9a2tnz6]]></document>
		<document><![CDATA[@UrbanNz are you operating in Wellington?]]></document>
		<document><![CDATA[Wahoo!

I explain, as I spot my least favourite phrase ;) https://t.co/ONk15D90qc]]></document>
		<document><![CDATA[You rock Jo and fellow demonstrators https://t.co/HaScbhTtTH]]></document>
		<document><![CDATA[The latest Your Indulgent weekend read! https://t.co/vXsJPYYV1R Thanks to @timoslimo @NStevenson @katernz #educampwelly]]></document>
		<document><![CDATA[Sent emails. By all means copy it and send your own: https://t.co/jjshTg4vhK https://t.co/jtJj9ObAJn]]></document>
		<document><![CDATA[Thanks Andrew for saying this and being a kind human being, most appreciated. I trust this will be backed up by act… https://t.co/nBgUDGNjkl]]></document>
		<document><![CDATA[I needed this - "... it's up to us! It's time to be positively rebellious and rebelliously positive." 

https://t.co/zD3bEiDSi6]]></document>
		<document><![CDATA[If only the US Administration were as easy to use as a Chromebook. Could do with a Powerwash reset right about now https://t.co/HWB4MsFHR0]]></document>
		<document><![CDATA[Well said Peter, both this tweet and your earlier blog post allow for a glimmer of hope.

Open letter to #Trump:… https://t.co/7DUok2d4US]]></document>
		<document><![CDATA[@timClicks true, true - will RT again - but good things hear it said again, particularly today/this week @LaurieFleming @PeterDunneMP]]></document>
		<document><![CDATA[Dear @annetterongotai, as my MP, a condemnation of Trump's #muslimban would be much appreciated. Do the right thing. https://t.co/lsXPpXawr5]]></document>
		<document><![CDATA[Saddened to see such cowardly rhetoric from a UK MP, @tom_watson, that I used to believe stood by common and solid… https://t.co/fAdftr7GI5]]></document>
		<document><![CDATA[3/3: And I'll be moving my body by supporting and being a part of the @ScienceMarch_NZ]]></document>
		<document><![CDATA[2/3: On Monday I'll join NZ political parties to support them in their efforts to change current US Administration behaviour.]]></document>
		<document><![CDATA[1/3: On Friday I subscribed to various news publishing organisations around the world to help support journalism.
https://t.co/XXTkPredYL]]></document>
		<document><![CDATA[Nice James, very happy to read this. Let's hope all parties do the same and it's not hard for @BillEnglishMP to rea… https://t.co/4t87nMb71S]]></document>
		<document><![CDATA[And be good to hear from @jamespeshaw, @metiria and @PeterDunneMP ... https://t.co/M9Jj4EuCkw]]></document>
		<document><![CDATA[The latest Your Indulgent weekend read! https://t.co/vXsJPYYV1R Thanks to @DavidSlack @scottjpalmer @ianapperley #electionyear #educampwelly]]></document>
		<document><![CDATA[Hey, NZ government, show some Kiwi gumption would ya! 

@BillEnglishMP // also @justin_lester @AndrewLittleMP… https://t.co/X96tdAPCpf]]></document>
	</documents>
</author>