<author lang="en">
	<documents>
		<document><![CDATA[WIN a $1000 Linksoul wardrobe! https://t.co/Ss68dDpBtR]]></document>
		<document><![CDATA[I just entered to win a Logitech Harmony Elite and Amazon Echo from @TechnoBuffalo &amp; @Logitech https://t.co/toxKk4C0MV]]></document>
		<document><![CDATA[What an awesome giveaway from brands that donate to Veterans!... I just entered! Check it out https://t.co/kLNtzV0Cku]]></document>
		<document><![CDATA[Google Pixel XL International Giveaway @androidauth #giveaway https://t.co/6wiNqdSmMr]]></document>
		<document><![CDATA[If I win, I’ll have a massage in Queen Mary 2’s Canyon Ranch SpaClub. NoPurcNec Ends 3/31/17 Rules:https://t.co/7T4I5Awhhe #QM2Sweepstakes]]></document>
		<document><![CDATA[If I win, I’ll see shows in the only Planetarium at sea &amp; the Theatre. NoPurcNec Ends 3/31 Rules:https://t.co/7T4I5Awhhe #QM2Sweepstakes]]></document>
		<document><![CDATA[Enter to #win a @zerowaterfilter 23-cup Filtration Pitcher worth $54 at @mommykatandkids-US/CAN-Jan. 7 #Giveaway https://t.co/YqRcPzBF9C]]></document>
		<document><![CDATA[Google Pixel (128GB) International Giveaway @androidauth #giveaway https://t.co/UQ8sqmFWKG]]></document>
		<document><![CDATA[Test your Football knowledge with Bing for a chance to WIN a Surface Pro 4! #BingTouchdown  https://t.co/b7velJYSOL]]></document>
		<document><![CDATA[Google Pixel (128GB) International Giveaway @androidauth #giveaway https://t.co/UQ8sqmFWKG]]></document>
		<document><![CDATA[Enter to #win a @zerowaterfilter 23-cup Filtration Pitcher worth $54 at @mommykatandkids-US/CAN-Jan. 7 #Giveaway https://t.co/YqRcPzBF9C]]></document>
		<document><![CDATA[Enter to #win a @zerowaterfilter 23-cup Filtration Pitcher worth $54 at @mommykatandkids-US/CAN-Jan. 7 #Giveaway https://t.co/YqRcPzBF9C]]></document>
		<document><![CDATA[I'd like this #GEappliances range in my kitchen: Free standing convection range w induction elements https://t.co/WEyOJPTfId #GEappliances]]></document>
		<document><![CDATA[The Beat: $250 Walmart e-Gift Card Sweepstakes: https://t.co/yiOYHQEkEW]]></document>
		<document><![CDATA[Google Pixel (128GB) International Giveaway @androidauth #giveaway https://t.co/UQ8sqmFWKG]]></document>
		<document><![CDATA[The Beat: $500 MasterCard Prepaid Gift Card Sweepstakes: https://t.co/C267Nm4pHn]]></document>
		<document><![CDATA[I'd like this #GEappliances range in my kitchen: https://t.co/WEyOJPTfId #GEappliances https://t.co/s9VtWotLam]]></document>
		<document><![CDATA[Thanks for this!! https://t.co/gC8kvKzdlO]]></document>
		<document><![CDATA[Enter to #win a @BrevilleCanada Quick Touch Crisp Microwave worth $600 at @mommykatandkids-CAN-Jan. 31 #Giveaway https://t.co/prfZ6J7h4x]]></document>
		<document><![CDATA[Enter to #win a @zerowaterfilter 23-cup Filtration Pitcher worth $54 at @mommykatandkids-US/CAN-Jan. 7 #Giveaway https://t.co/YqRcPzk4i4]]></document>
		<document><![CDATA[Honor 6X International Giveaway! @androidauth #giveaway https://t.co/p6cSszKbZV]]></document>
		<document><![CDATA[Honor 6X International Giveaway! @androidauth #giveaway https://t.co/p6cSszsABl]]></document>
		<document><![CDATA[Test your Football knowledge with Bing for a chance to WIN a Surface Pro 4! #BingTouchdown https://t.co/XNHopAtu8Z]]></document>
		<document><![CDATA[I'd like this #GEappliances range in my kitchen: https://t.co/WEyOJPTfId #GEappliances]]></document>
		<document><![CDATA[Korg and Acoustic Guitar Present the Pitchblack Mini Giveaway https://t.co/rzn1dibt7H]]></document>
		<document><![CDATA[Win The Original Guitar Chair! https://t.co/0NuIfLxohw]]></document>
		<document><![CDATA[Google Pixel XL International Giveaway @androidauth #giveaway https://t.co/vkYqyHSODQ]]></document>
		<document><![CDATA[Enter to #win a @BrevilleCanada Quick Touch Crisp Microwave worth $600 at @mommykatandkids-CAN-Jan. 31 #Giveaway https://t.co/prfZ6JoRW5]]></document>
		<document><![CDATA[Enter to #win a @zerowaterfilter 23-cup Filtration Pitcher worth $54 at @mommykatandkids-US/CAN-Jan. 7 #Giveaway https://t.co/YqRcPzBF9C]]></document>
		<document><![CDATA[Google Pixel XL International Giveaway @androidauth #giveaway https://t.co/vkYqyIapvo]]></document>
		<document><![CDATA[Google Pixel XL International Giveaway @androidauth #giveaway https://t.co/vkYqyHSODQ]]></document>
		<document><![CDATA[Start your year off right with 3 free historical romances from @GlynnisCampbell! https://t.co/1Y2P6eIE02 https://t.co/lzFUKKQeTU]]></document>
		<document><![CDATA[Enter to #win a @BrevilleCanada Quick Touch Crisp Microwave worth $600 at @mommykatandkids-CAN-Jan. 31 #Giveaway https://t.co/cCyJcz9kbQ]]></document>
		<document><![CDATA[UMi Z Smartphone International #giveaway @androidauth @UmiCommunity https://t.co/uc4G1Qlue1]]></document>
		<document><![CDATA[Enter to #win a @BrevilleCanada Quick Touch Crisp Microwave worth $600 at @mommykatandkids-CAN-Jan. 31 #Giveaway https://t.co/prfZ6JoRW5]]></document>
		<document><![CDATA[UMi Z Smartphone International #giveaway @androidauth @UmiCommunity https://t.co/uc4G1Qlue1]]></document>
		<document><![CDATA[Learn how to make informed food choices every time you shop #FocusontheFacts https://t.co/TWES5LhTDN]]></document>
		<document><![CDATA[The Beat: $250 Amazon e-Gift Card Sweepstakes: https://t.co/ifHDPx4dFz]]></document>
		<document><![CDATA[Enter to #win a @zerowaterfilter 23-cup Filtration Pitcher worth $54 at @mommykatandkids-US/CAN-Jan. 7 #Giveaway https://t.co/YqRcPzBF9C]]></document>
		<document><![CDATA[UMi Z Smartphone International #giveaway @androidauth @UmiCommunity https://t.co/uc4G1Qlue1]]></document>
		<document><![CDATA[The Beat: $500 Visa Prepaid Gift Card Sweepstakes: https://t.co/bFCJgXt9X7]]></document>
		<document><![CDATA[Win a $500 flight credit on any @gojumpon route https://t.co/41OVsbJ1xS]]></document>
		<document><![CDATA[UMi Z Smartphone International #giveaway @androidauth @UmiCommunity https://t.co/uc4G1Qlue1]]></document>
		<document><![CDATA[Huawei Mate 9 International Giveaway! @huaweimobile @androidauth #giveaway https://t.co/7FOusw2VH6]]></document>
		<document><![CDATA[The Beat: $100 Target e-Gift Card Sweepstakes: https://t.co/rM18izYqUr]]></document>
		<document><![CDATA[Enter to #win a @zerowaterfilter 23-cup Filtration Pitcher worth $54 at @mommykatandkids-US/CAN-Jan. 7 #Giveaway https://t.co/YqRcPzBF9C]]></document>
		<document><![CDATA[Huawei Mate 9 International Giveaway! @huaweimobile @androidauth #giveaway https://t.co/7FOusw2VH6]]></document>
		<document><![CDATA[Huawei Mate 9 International Giveaway! @huaweimobile @androidauth #giveaway https://t.co/7FOusw2VH6]]></document>
		<document><![CDATA[Start your year off right with 3 free historical romances from @GlynnisCampbell! https://t.co/1Y2P6eIE02 https://t.co/lzFUKKQeTU]]></document>
		<document><![CDATA[Honor 8 International Giveaway! @androidauth #giveaway https://t.co/Z0pE8Mf3Bj]]></document>
		<document><![CDATA[The Beat: $500 MasterCard Prepaid Gift Card Sweepstakes: https://t.co/gLlkHWZcY4]]></document>
		<document><![CDATA[The Beat: $200 Best Buy e-Gift Card Sweepstakes: https://t.co/X9dgvQ0d9S]]></document>
		<document><![CDATA[Enter to #win a @zerowaterfilter 23-cup Filtration Pitcher worth $54 at @mommykatandkids-US/CAN-Jan. 7 #Giveaway https://t.co/YqRcPzBF9C]]></document>
		<document><![CDATA[Enter to #win a @GaiamCanada Yoga Mat and DVD worth $55 at @mommykatandkids-CAN-Dec 21 #Giveaway https://t.co/569FvebEgE]]></document>
		<document><![CDATA[ZTE Grand X 4 International Giveaway #ZTE https://t.co/xbz2X7Cc1V]]></document>
		<document><![CDATA[Looking for great gift ideas? Check out this Hallmark #giveaway @pawsitiveliving https://t.co/6N5SYf2C97 12/30 #hallmarkchristmas]]></document>
		<document><![CDATA[#Win a Hallmark Smiling Snowman Flannel Blanket  @hallmark_canada @pawsitiveliving Can 12/30 https://t.co/6N5SYf2C97 #holidayshopping]]></document>
		<document><![CDATA[WIN and #trynaturalgifts from @socialnature RT to enter! #contest #giveaway]]></document>
		<document><![CDATA[Looking for that perfect gift for yourself? #Win a Best Buy $100 GC @pawsitiveliving https://t.co/HMAp4btXfX 1/7 #BestGiftsBestBuy]]></document>
		<document><![CDATA[#Win a Best Buy $100 Gift Card @BestBuyCanada @pawsitiveliving Can 1/7 #BestGiftsBestBuy https://t.co/HMAp4btXfX #holidayshopping]]></document>
		<document><![CDATA[Win a $1000 Shopping Spree From Bushtukah and The North Face  https://t.co/qf622eoQB9]]></document>
		<document><![CDATA[Google Pixel XL International Giveaway @androidauth @duapps https://t.co/r9h2eLEchP]]></document>
		<document><![CDATA[Enter to #win a @TrudeauKitchen Holiday Baking Prize Pack worth $62 from @mommykatandkids-CAN-Dec. 15 #Giveaway https://t.co/IZtjw6Ccq8]]></document>
		<document><![CDATA[Win a KitchenAid stand mixer or a year supply of Catelli product thanks to @gltnfreecoupons #happy https://t.co/F83fuNjmx7]]></document>
		<document><![CDATA[Looking for a great interactive toy? #Win a BB8 Droid! @pawsitiveliving https://t.co/aOgVhBXMPa 1/1 #HGG2016 #hasbrotoys]]></document>
		<document><![CDATA[#Win a Hasbro BB8 Remote Control Toy! @pawsitiveliving @HasbroNews https://t.co/aOgVhBXMPa Can 1/1 #hhg2016 #giftideas]]></document>
		<document><![CDATA[I'm in the running to win the December Giveaway thanks to @pjsgames! #giveaways #freebies #sweepstakes #contest https://t.co/7xbIQRIik7]]></document>
		<document><![CDATA[The Beat: $250 Walmart e-Gift Card Sweepstakes: https://t.co/IC2owSAHpl]]></document>
		<document><![CDATA[Enter to win a Samsung Laundry Pair featuring WiFi Assist and Add Wash from @TAAppliance ! Valued at $2999 -  https://t.co/py3Swq8qd4]]></document>
		<document><![CDATA[.@RelixMag is giving away an amazing package w. flights, hotel &amp; tickets to @muertosqueso in Riviera Maya, Mexico! https://t.co/kRq373N8rT]]></document>
		<document><![CDATA[Win a $500 VISA® Gift Card! #Sweeps @ISeeMe_books!! https://t.co/aUVrlxCYiL]]></document>
		<document><![CDATA[The Beat: $500 Visa Prepaid Gift Card Sweepstakes: https://t.co/PlClpBplZV]]></document>
		<document><![CDATA[The Beat: $250 Amazon e-Gift Card Sweepstakes: https://t.co/tU9JBWn2ZV]]></document>
		<document><![CDATA[Enter for your chance to #win a @ShopAmericaClub LAS #VEGAS GETAWAY including airfare, hotel &amp; shopping spree! https://t.co/qt9ZNUiMgL]]></document>
		<document><![CDATA[I Entered to Win a set of #YokohamaTires this #Winter https://t.co/1kK8XrLQcl from @YokohamaCanada]]></document>
		<document><![CDATA[Travel to Colombia, Peru or Latin America with TourRadar and Tucan Travel! #HolaSouthAmerica #gotouring https://t.co/qjWVeDaNMb]]></document>
		<document><![CDATA[Google Pixel XL International Giveaway @androidauth @duapps https://t.co/r9h2eLEchP]]></document>
		<document><![CDATA[Win a $300 gift card to @JoeFortesVan via @VancityBuzz https://t.co/fTXAJkABxz RT to enter! #DH12Days]]></document>
		<document><![CDATA[Google Pixel XL International Giveaway @androidauth #giveaway https://t.co/JVQiCDHaTx]]></document>
		<document><![CDATA[Enter to #win a set of two @LiveCleanCAN Holiday Hand Soaps at @mommykatandkids-3 WINNERS-CAN-Dec 31 #Giveaway https://t.co/JfJSnwux4W]]></document>
		<document><![CDATA[Enter to #win a @TrudeauKitchen Holiday Baking Prize Pack worth $62 from @mommykatandkids-CAN-Dec. 15 #Giveaway https://t.co/IZtjw6Ccq8]]></document>
		<document><![CDATA[Google Pixel XL International Giveaway @androidauth #giveaway https://t.co/JVQiCDHaTx]]></document>
		<document><![CDATA[The Beat: $500 MasterCard Prepaid Gift Card Sweepstakes: https://t.co/XNMlBLdIK5]]></document>
		<document><![CDATA[Google Pixel XL International Giveaway @androidauth #giveaway https://t.co/Gn9lbaRUQL]]></document>
		<document><![CDATA[Enter to #win a @BestCanvas_CA $50 Gift Certificate at @mommykatandkids-US/CAN-Dec 31 #Giveaway https://t.co/SUSvVpZDKg]]></document>
		<document><![CDATA[From the bike lane to the boardroom and all the places in-between @twowheelgear | https://t.co/BrJ2cZlvUD]]></document>
		<document><![CDATA[Huawei Nova Plus International Giveaway! @huaweimobile @androidauth #giveaway https://t.co/wBQ7Wig4Vk]]></document>
		<document><![CDATA[Enter to #win a @GaiamCanada Yoga Mat and DVD worth $55 at @mommykatandkids-CAN-Dec 21 #Giveaway https://t.co/xvRbi2A7IO]]></document>
		<document><![CDATA[Enter to #win a @LiveCleanCan Fresh Face Prize Pack worth $55 from @mommykatandkids-CAN-Nov. 21 #Giveaway https://t.co/NBYaYDraJ5]]></document>
		<document><![CDATA[Enter for your chance to #win a @ShopAmericaClub LAS #VEGAS GETAWAY including airfare, hotel &amp; shopping spree! https://t.co/qt9ZNUiMgL]]></document>
		<document><![CDATA[The Beat: $200 Best Buy e-Gift Card Sweepstakes: https://t.co/wbEL65m0q6]]></document>
		<document><![CDATA[Check it out: a REAL JETPACK from @JetPackAviation!  https://t.co/l24j3LQ7NR]]></document>
		<document><![CDATA[UMi Plus E Smartphone International #giveaway @androidauth @UmiCommunity https://t.co/nKk3i1S21D]]></document>
		<document><![CDATA[Enter to #win five pairs of @GoodLuckSock socks worth $65 from @mommykatandkids-US/CAN-Dec. 15 #Giveaway https://t.co/0S8jdjLOh5]]></document>
		<document><![CDATA[Enter to #win a @TrudeauKitchen Holiday Baking Prize Pack worth $62 from @mommykatandkids-CAN-Dec. 15 #Giveaway https://t.co/IZtjw6Ccq8]]></document>
		<document><![CDATA[Enter to #win a @LiveCleanCan Fresh Face Prize Pack worth $55 from @mommykatandkids-CAN-Nov. 21 #Giveaway https://t.co/NBYaYDraJ5]]></document>
		<document><![CDATA[I'd like this #GEappliances range in my kitchen: https://t.co/aZDcyNytcz #GEappliances Electric Convection Range with Induction Elements]]></document>
		<document><![CDATA[I just entered the Gear Up to Stay Vacationed™ Sweepstakes to win a Dream Vacation &amp; weekly prizes! Enter at https://t.co/HzZadFLL1T]]></document>
		<document><![CDATA[Find your Royal Pardon for a chance to win An epic England vacation. NPN US/select CAN res legal drinking age only. https://t.co/INb0juOXrs]]></document>
		<document><![CDATA[Just entered @GTboutique #ComfyCozyChristmas contest to win up to $2,000 in Giant Tiger Gift Cards! https://t.co/gGXO5qtVZ1]]></document>
	</documents>
</author>