<author lang="en">
	<documents>
		<document><![CDATA[Sad to see #HRPA2017 come to an end. Happy to have learned lots and met some great people. See you all in 2018! (Or… https://t.co/3e23vtl3IP]]></document>
		<document><![CDATA[Thanks, Sean! It was great meeting you too! Thanks for the twitter commentary! https://t.co/vOyxguPIov]]></document>
		<document><![CDATA[Goddammnit Alex Sheen is REAL! No tweet in the universe can describe it. #HRPA2017]]></document>
		<document><![CDATA[This room is dead silent. So powerful. #HRPA2017]]></document>
		<document><![CDATA[There is literally not a dry eye in this Convention Centre. #HRPA2017]]></document>
		<document><![CDATA[One of the many highlights of #HRPA2017 for me - I finally got to meet Yorkie, the undisputed mascot of @HRPA_YR. https://t.co/DN4yrO1c5I]]></document>
		<document><![CDATA[Performance reviews: I did it for the company. #HRPA2017 https://t.co/LPmjsP1GOj]]></document>
		<document><![CDATA[And now, we're wrapping up the sessions with how to embrace performance plans #HRPA2017]]></document>
		<document><![CDATA[Loving the enthusiasm from the lawyers at Sherrard Kuzz LLP on how to handle off-duty conduct #HRPA2017 https://t.co/tMIizl36Nr]]></document>
		<document><![CDATA[Special shoutouts to my friend @IntegrityHRS for her advocacy on the journey we as HRPA members are taking. #ItsOurHRPA #HRPA2017]]></document>
		<document><![CDATA[Enjoyed a good conversation with @HRPA Registrar Dr. Claude Balthazard on where we're at as a regulator. Lots of great ideas! #HRPA2017]]></document>
		<document><![CDATA[.@drjasonfox is life changing advice here #HRPA2017]]></document>
		<document><![CDATA[Buzzwords, by their nature, are trait-based words. They have different meanings based on the person receiving them - @drjasonfox #HRPA2017]]></document>
		<document><![CDATA[Jerry Seinfeld, that great HR thought leader, said the secret to success was do the work #HRPA2017]]></document>
		<document><![CDATA[It's amazing how this years speakers have really went the extra mile to bust leadership BS #HRPA2017 https://t.co/iSrqUovFX3]]></document>
		<document><![CDATA[.@drjasonfox says it's cold here in Toronto.

Clearly he hasn't visited the far north, where I'm from #HRPA2017]]></document>
		<document><![CDATA[Back at the final day of #HRPA2017 and staying hydrated with my 75th anniversary gift. Great stuff, @HRPA! https://t.co/loU5DfAuLC]]></document>
		<document><![CDATA[Happy to stop by my friend @SabrinaZunigaTO's event for her @OntarioPCParty nomination in Spadina-Fort York. Great… https://t.co/Kcn7upCGGG]]></document>
		<document><![CDATA[I joined @HRPA_NW Membership Director Anna Grassia at the Chapter volunteer reception. Lots of great ppl make @HRPA… https://t.co/6AGxgdZxwr]]></document>
		<document><![CDATA[Side hustles and side jobs will become a thing. See Etsy #HRPA2017]]></document>
		<document><![CDATA["Robots must make great co-workers"

I don't think our keynote has heard of Skynet or seen Terminator 2 #HRPA2017]]></document>
		<document><![CDATA[Apparently under NAFTA, education speakers are required to bring their transcripts to US border security. Huh. #HRPA2017]]></document>
		<document><![CDATA[What a nice thank you shoutout from the closing speaker. #youreawesome #HRPA2017]]></document>
		<document><![CDATA[Sometimes we all need re-learn the basics, and that's where I am at right now #HRPA2017 https://t.co/XxoNcpioPE]]></document>
		<document><![CDATA[@joannawoo @AnnaAcetoGuerin Wow. Even as someone who lived in KW for a time and saw the brand loyalty, that hits hard.]]></document>
		<document><![CDATA[Another kiss of death for mobile phones #HRPA2017 https://t.co/Dzvx6sAlwU]]></document>
		<document><![CDATA[Damn. That Strombo clip with Jim Balsilie admitting RIM was not a diverse company was brutal #HRPA2017]]></document>
		<document><![CDATA[Ooh, as a Man U supporter, bit harsh for you to compare us to the Dallas Cowboys. When did Dallas win a Super Bowl… https://t.co/qM49hq6DEt]]></document>
		<document><![CDATA[The league table never lies #HRPA2017]]></document>
		<document><![CDATA[This Nokia was the greatest phone ever invented #HRPA2017 https://t.co/MUHyzIxY74]]></document>
		<document><![CDATA[After an amazing keynote, we're on to something that's increasingly relevant for my line of work #HRPA2017 https://t.co/4j3SGgh7AH]]></document>
		<document><![CDATA[.@JeffreyPfeffer is real talk. THANK YOU for such an amazing talk. I'll definitely buy your books! #HRPA2017]]></document>
		<document><![CDATA[You can literally make someone believe that a cinderblock is lighter than a feather #HRPA2017]]></document>
		<document><![CDATA[@RealSeanatello And thus, the history of American political rhetorical styles was born]]></document>
		<document><![CDATA[THIS. This is why I hate "leadership experts." Literally ANY ONE can be an "expert." No training, just talk a big g… https://t.co/JgySa4QQpo]]></document>
		<document><![CDATA[What changed it for me was good people coaching me and mentoring me to join a growing career and a great organization. So thx #HRPA2017]]></document>
		<document><![CDATA[On a personal note, the discrepancy between the bigness of leadership talk and its lack of action originally dissuaded me from HR #HRPA2017]]></document>
		<document><![CDATA[Onto some BS... Leadership BS, our morning keynote #HRPA2017 https://t.co/gu05dIIYMI]]></document>
		<document><![CDATA[And here we are #HRPA2017 https://t.co/D8XKZVELo2]]></document>
		<document><![CDATA[Shoutouts to Brooke from @HRPAHalton for taking our photo!  #HRPA2017]]></document>
		<document><![CDATA[Enjoying breakfast with my colleagues from @HRPA_NW. #HRPA2017]]></document>
		<document><![CDATA[@joannawoo @suzannahbaum When crafted right, it's also the perfect sound byte for a tweet or meme #HRPA2017]]></document>
		<document><![CDATA[After a brief bout of an upset stomach yesterday, I'm back up and tweeting for day 2 of #HRPA2017 https://t.co/lac9iuSiFw]]></document>
		<document><![CDATA[I'm proud to be part of an award-winning Chapter Board that does a fantastic job in retaining our members. Congrats… https://t.co/apK8eqNnQT]]></document>
		<document><![CDATA[Our first breakout session is  exactly what it says on the tin #HRPA2017 https://t.co/TBWF1uN1Pj]]></document>
		<document><![CDATA[Deconstruction, permeable boundaries, and rewards: these are the hybrids of the future - @JohnWBoudreau #HRPA2017]]></document>
		<document><![CDATA[You don't always have to be an employee to be engaged at work. Sometimes contract workers are more engaged than pai… https://t.co/KnWmbk9ijX]]></document>
		<document><![CDATA[IBM's Watson is very smart, yet he sucks at Jeopardy #CantBeatKenJennings #HRPA2017]]></document>
		<document><![CDATA[It's interesting to see engineers as innovators. I know this is something PEO is talking about in their publications #HRPA2017]]></document>
		<document><![CDATA["Our supplier network becomes our innovation network" @JohnWBoudreau #HRPA2017]]></document>
		<document><![CDATA[Interesting story of two companies - Siemens &amp; Disney - partnering up to create a hearing aid for kids  #HRPA2017]]></document>
		<document><![CDATA[With the new computer-based testing model, you can now take your exams at the kitchen table in your pajamas. #HRPA2017]]></document>
		<document><![CDATA["HR needs a framework to validate our capabilities in the eyes of skeptics" - @HRPA CEO Bill Greenhalgh #HRPA2017]]></document>
		<document><![CDATA[Starting off the morning keynote with Brenda Clark, Chair of @HRPA #HRPA2017 https://t.co/JaGg6Cqn1j]]></document>
		<document><![CDATA[Happy to run into my friend @IntegrityHRS at #HRPA2017. Great to reconnect with you! https://t.co/qGH5H1X6PZ]]></document>
		<document><![CDATA[I am the captain of my ship and the master of my fate #HRPA2017]]></document>
		<document><![CDATA[People will always rise to the minimum level of expectations - @DrIvanJoseph #HRPA2017]]></document>
		<document><![CDATA[The teams you lead, you must be persistent, resilient &amp; lead from a high performance perspective - @DrIvanJoseph #HRPA2017]]></document>
		<document><![CDATA[Always identify distractions before they come. Recognize them &amp; teach your teams the opportunity to work together - @DrIvanJoseph #HRPA2017]]></document>
		<document><![CDATA[If you're leading, clearly articulate the purpose of your team. Find compelling words to hold your core values &amp; purpose #HRPA2017]]></document>
		<document><![CDATA[We all take turns in influencing the culture. Do you have the right culture? How do you set about building it? #HRPA2017]]></document>
		<document><![CDATA[Learning about how to turn teams around with Ryerson U Director of Athletics Dr. Ivan Joseph #HRPA2017 https://t.co/WE6v5FR3Vd]]></document>
		<document><![CDATA[Starting day 1 of the #HRPA2017 conference. So cool to see @HRPA celebrating 75 years of excellence! https://t.co/R3h41RxJoG]]></document>
		<document><![CDATA[Eagerly looking forward to networking, learning, and meeting people at @HRPA #AC2017!]]></document>
		<document><![CDATA[Days like today are why I am so disappointed in people]]></document>
		<document><![CDATA[@rmohamed_nc Still your biggest fan, even on days when I'm flu-ridden.]]></document>
		<document><![CDATA[@TonyclementCPC Happy Birthday, Tony!]]></document>
		<document><![CDATA[Sad to say goodbye to the reigning King of Twitter at #Alliance2017, @lloydfischer. It was great meeting you! Keep… https://t.co/dhEObjU6LQ]]></document>
		<document><![CDATA[The grande finale, from CEO Colin Dickinson #Alliance2017 https://t.co/5DVDxwra9w]]></document>
		<document><![CDATA[Rounding off the morning with a panel on change management with a great group of people #Alliance2017 https://t.co/6C8XUi6SDw]]></document>
		<document><![CDATA[.@dbudreau using improv to demonstrate the benefits of the Cloud. #Alliance2017 https://t.co/7i8dTbdAwu]]></document>
		<document><![CDATA[Getting an Intro to WebApps, also known as the things my frontline staff can see, with Victor Bacho (a solid IT guy… https://t.co/Cm9w68isuG]]></document>
		<document><![CDATA["Every program that deals with human lives has a moral obligation to make those lives better" - @MRCCEO Sheri Chane… https://t.co/GlMQ0lzqsd]]></document>
		<document><![CDATA[Good morning! Rounding off my last day at #Alliance2017 with bacon (!!!) at @ThompsonToronto Diner. Like true home… https://t.co/bRK3di4LVt]]></document>
		<document><![CDATA[This video sums up why non-profits are important, and it should be in everyone's elevator pitch, from staff to poli… https://t.co/rxIUXBKeFa]]></document>
		<document><![CDATA[Did you know that Microsoft CRM was used on TVO's The Agenda? Marj Cromb of TVO is telling us more at #Alliance2017 https://t.co/DQkgH3HCZb]]></document>
		<document><![CDATA[Spreadsheets rules everything around me: A good way to start the afternoon at #Alliance2017 https://t.co/v5WKKDY7rN]]></document>
		<document><![CDATA[Mental health, not surprisingly, is the biggest topic in HR right now. And not because yesterday was #BellLetsTalk Day #Alliance2017]]></document>
		<document><![CDATA[TIL - liquid workforces are a constant stream of contractors doing a job  #Alliance2017]]></document>
		<document><![CDATA[Huh. #tbay is further away from Charlottesville, VA #Alliance2017]]></document>
		<document><![CDATA[This is cool to be in a room with a group of HR folks, including a few from the Ontario Legislature  #Alliance2017]]></document>
		<document><![CDATA[@lloydfischer Lots of riveting stuff. I'm on the edge of my seat!!]]></document>
		<document><![CDATA[Microsoft NAV 2017 has some solid stuff for the HR and finance sides of things. #Alliance2017]]></document>
		<document><![CDATA[Minister @TracyMacCharles also threw in a plug for the long-delayed Ont. Not for Profit Corporations Act - stay tuned. #Alliance2017]]></document>
		<document><![CDATA["There's no business like the people business" - Minister of Gov &amp; Consumer Services @TracyMacCharles #Alliance2017 https://t.co/reHDxrGwdZ]]></document>
		<document><![CDATA[Coming soon, an employment strategy for persons with disabilities - @TracyMacCharles #Alliance2017]]></document>
		<document><![CDATA[Save the date! @sparkrockinc will return for #FuelGood2018 on 24-26 January 2018 https://t.co/YeUL2aSx1Z]]></document>
		<document><![CDATA[Staring day 2 of @sparkrockinc #Alliance2017 with an Intro to the new name. https://t.co/ySjHeo1aAs]]></document>
		<document><![CDATA[Giving the world little kicks in the bum since the First Fleet arrived at Port Jackson in 1788, Happy Australia Day! https://t.co/hbAVzU7tVj]]></document>
		<document><![CDATA[Celebrating the launch of Sparkrøck, the new name of @altusdynamics https://t.co/VAHGWCPqP1]]></document>
		<document><![CDATA[My view from Bathurst near King for the next three days. https://t.co/kwjtdgFOSS]]></document>
		<document><![CDATA[This sort of sums up every conference I have been to, work-related or otherwise. https://t.co/otR540006G]]></document>
		<document><![CDATA[There's gotta be a few memberships to be sold in Del Boca Vista... https://t.co/f2o7jec7dz]]></document>
		<document><![CDATA[@rmohamed_nc @markusoff Somebody's gotta photoshop that poster onto this. https://t.co/Bc52UF6utv]]></document>
		<document><![CDATA[My ride to @AltusDynamics #Alliance2017. Looking forward to learning some cool things about the software I use dail… https://t.co/m1lLJzKVp4]]></document>
		<document><![CDATA[Had the chance to see @MichaelChongMP give a talk to @lakehead_pc members today. #Tbay #cpcldr https://t.co/kFKkx677Io]]></document>
		<document><![CDATA[Some Sunday reading: a great piece on how social media is here to stay, usurping the legacy media in the process. https://t.co/xISqTqE8i8]]></document>
		<document><![CDATA[@JamieSmith807 And with darts, you get the drama, storylines and rowdy (er, drunk) fans of a good WWF show.]]></document>
		<document><![CDATA[Trudeau may have boxing, but Donald Trump will always have his WrestleMania main event https://t.co/d8nAFi1uXg]]></document>
		<document><![CDATA[Together, MAGA! What a journey it's been! https://t.co/XUOiRgsOtW]]></document>
	</documents>
</author>