<author lang="en">
	<documents>
		<document><![CDATA[We Help with Debt and are available in the evening and on the weekend. #BowraDebtHelp https://t.co/9jGVXy5OAZ]]></document>
		<document><![CDATA[Cars are a problem in personal finance.  They burn gas and money. https://t.co/ls94iUZ3I2 #BowraDebtHelp]]></document>
		<document><![CDATA[We Help with Debt and are available in the evening and on the weekend. #BowraDebtHelp https://t.co/iBKduSouqI]]></document>
		<document><![CDATA[We Help with Debt in #Langley, #Vancouver, #Port Coquitlam  #BowraDebtHelp https://t.co/Gccx5CUkGp]]></document>
		<document><![CDATA[Tips to leave a fair will and avoid disputes  https://t.co/R25csNYu3S  #BowraDebtHelp]]></document>
		<document><![CDATA[Tips to choose a credit card that works for you  https://t.co/izHJIBuiTr #BowraDebtHelp]]></document>
		<document><![CDATA[Talk to us First about Credit Counselling and Consumer Proposals. #BowraDebtHelp https://t.co/AwKgkHQecq]]></document>
		<document><![CDATA[Your Pride and Joy could cost you more than $250,000 over 18 years.  https://t.co/PkVvESLLwo #BowraDebtHelp]]></document>
		<document><![CDATA[Millennials are putting their parents' savings at risk!  New Report.  https://t.co/AgQ2H6hffo #BowraDebtHelp]]></document>
		<document><![CDATA[Reduce and Consolidate your Debt.  #BowraDebtHelp https://t.co/7fDR3YHvIK]]></document>
		<document><![CDATA[Stagnating incomes leads to increased borrowing in Canada. https://t.co/WfBDL1J1aS #BowraDebtHelp]]></document>
		<document><![CDATA[Become Financially Fit with these Tips and avoid BLUE Monday.  https://t.co/e1peRxTDgt #BowraDebtHelp]]></document>
		<document><![CDATA[Set Financial Goals and Not Resolutions to pay down debt  https://t.co/dvc7ux4Bw6 #BowraDebtHelp]]></document>
		<document><![CDATA[The Bank of Mom and Dad leads the way in BC and Quebec for house purchases. https://t.co/fwR6nB3b6X #BowraDebtHelp]]></document>
		<document><![CDATA[How do Canadian debt levels compare to other countries? https://t.co/a6OaB9sivJ #BowraDebtHelp]]></document>
		<document><![CDATA[We Help with Debt.  Evening and Weekend Appointments.  #BowraDebtHelp https://t.co/IZ3MBZpDw6]]></document>
		<document><![CDATA[New year, new you?  Break those bad money habits! https://t.co/FhAhbW1ZsL #BowraDebtHelp]]></document>
		<document><![CDATA[Reduce or Consolidate your Debt in #Langley, #Surrey, #Burnaby, #Vancouver.  #BowraDebtHelp https://t.co/uXDi4gHJHQ]]></document>
		<document><![CDATA[The Link between college debt, 'boomerang' effect. New Study.   #BowraDebtHelp]]></document>
		<document><![CDATA[Take the Debt Diet Challenge.     https://t.co/vpuhfYYzDF #BowraDebtHelp]]></document>
		<document><![CDATA[We Help with Debt in #Langley, #Vancouver, #Port Coquitlam  #BowraDebtHelp https://t.co/NKsGgWBmig]]></document>
		<document><![CDATA[Call or text us for your Debt Solution. 604-828-3366  #BowraDebtHelp https://t.co/yu3YEd39aZ]]></document>
		<document><![CDATA[Study finds primary reason for overspending was day-to-day expenses were beyond monthly income.  https://t.co/a5DiDgRddU #BowraDebtHelp]]></document>
		<document><![CDATA[New Payday Loan Regulations In Effect as of Jan 1, 2017. https://t.co/uZkl0PPoWO #BowraDebtHelp]]></document>
		<document><![CDATA[Could you love your bills, cut out what you hate AND save money?https://t.co/je0dg8AN6c #BowraDebtHelp]]></document>
		<document><![CDATA[We Help with Debt in #Langley and #Vancouver.  Call or text 604-828-3366 #BowraDebtHelp https://t.co/DTEdHqbQZT]]></document>
		<document><![CDATA[Don't fall victim to fancy ads on tv or the radio.   Know who you are dealing with! https://t.co/oAYptrJvxE]]></document>
		<document><![CDATA[What do you do if you end up over-spending? #BowraDebtHelp 
 https://t.co/SlJHSoek3T]]></document>
		<document><![CDATA[Canadians aren’t taking sufficient steps to stay on top of their financial priorities! https://t.co/63PLUsQIdl #BowraDebtHelp]]></document>
		<document><![CDATA[More Canadians are going bust as low interest rates fuel debt binge https://t.co/2XPRg5weRi #BowraDebtHelp]]></document>
		<document><![CDATA[How often to your Facebook friends post the awful things about their lives? https://t.co/3ZvURlgobN #BowraDebtHelp]]></document>
		<document><![CDATA[No Charge Financial Advice.  #BowraDebtHelp https://t.co/FeUkkUdDtH]]></document>
		<document><![CDATA[Reduce and Consolidate your Debt. 604-828-3366 #BowraDebtHelp https://t.co/EgCK4yDiDp]]></document>
		<document><![CDATA[Cyber SCAMS - What you need to know to protect yourself this holiday season. #BowraDebtHelp https://t.co/lQodt3sC0G]]></document>
		<document><![CDATA[For many homeowners, when rates start rising, it won’t end well! https://t.co/YJryaR2hUQ #BowraDebtHelp]]></document>
		<document><![CDATA[Control your Spending and Avoid a Debt Hangover in the New Year. #BowraDebtHelp https://t.co/cTmLlCfTSc]]></document>
		<document><![CDATA[Find out how to Reduce and Consolidate your Debt. #BowraDebtHelp https://t.co/XBh6z2K9Ry]]></document>
		<document><![CDATA[Ok, you’re ready to shop for the holiday season. #BowraDebtHelp https://t.co/MfBxtvi7Fz]]></document>
		<document><![CDATA[We Help with Debt and are available when you need us!  #BowraDebtHelp https://t.co/IZxBOernfi]]></document>
		<document><![CDATA[Avoid Bankruptcy!   We Help with Debt.   #BowraDebtHelp https://t.co/J8FyEtcMCs]]></document>
		<document><![CDATA[The Best Budget Strategies for Surviving the Holidays https://t.co/NWwSsZ0F5R #BowraDebtHelp]]></document>
		<document><![CDATA[Let us Help with your Debt  #BowraDebtHelp https://t.co/amg2gUb6AN]]></document>
		<document><![CDATA[Debt Solutions when you need us.  Saturday appointments available. #Langley  #BowraDebtHelp https://t.co/woYxAvCO1T]]></document>
		<document><![CDATA[Is social media to blame for YOUR debt? https://t.co/KSmWyygveu  #BowraDebtHelp]]></document>
		<document><![CDATA[Why are Consumer Proposals becoming so popular? https://t.co/4HFjgyZYDN #BowraDebtHelp]]></document>
		<document><![CDATA[It’s OK to be in debt, if you have the ability to pay it off https://t.co/6ovGkTsmri #BowraDebtHelp]]></document>
		<document><![CDATA[Canadian Household Debt is now worth more than the entire Canadian economy #BowraDebtHelp https://t.co/I0XSWmZoaL]]></document>
		<document><![CDATA[The Canadian Love Affair with Debt and Low Interest Continues  #BowraDebtHelp https://t.co/Ft9umhlCfz]]></document>
		<document><![CDATA[Personal finance should be a mandatory course in high school #BowraDebtHelp https://t.co/6rG0bKifcl]]></document>
		<document><![CDATA[Average Canadian Consumer Non-Mortgage Debt is now $21,686  #BowraDebtHelp https://t.co/5tOsIFi0Ja]]></document>
		<document><![CDATA[There is no need to Hide from your Debt.  We Can Help.  #BowraDebtHelp https://t.co/vnqLikUyIA]]></document>
		<document><![CDATA[Reduce your debt. We are just one call away 604-828-3366 #BowraDebtHelp https://t.co/32faq5hug4]]></document>
		<document><![CDATA[Is your bank ripping you off? Would you even know? https://t.co/A6nO5bKE7Q #BowraDebtHelp]]></document>
		<document><![CDATA[Finding a Debt Solution sure feels good!  #BowraDebtHelp https://t.co/Fjd4BKd4Uj]]></document>
		<document><![CDATA[The Best Budget Apps for 2016 https://t.co/5XrnpmYFam #BowraDebtHelp]]></document>
		<document><![CDATA[No Need to Hide from Your Debt.  #BowraDebtHelp https://t.co/1g5e3H0HJL]]></document>
		<document><![CDATA[An allowance for kids can be an important teaching tool. https://t.co/pM3jSjpCU5 #BowraDebtHelp]]></document>
		<document><![CDATA[Is the employment grass always greener?  https://t.co/ulNSzZYSzI #BowraDebtHelp]]></document>
		<document><![CDATA[We Can Solve Your Debt Problems   #BowraDebtHelp https://t.co/bbquXnW8fr]]></document>
		<document><![CDATA[We Deal with Debt.  Credit Counselling  #BowraDebtHelp https://t.co/SVMk0K8Kvi]]></document>
		<document><![CDATA[Debt Free Sure Feels Good!   #BowraDebtHelp https://t.co/7lw7ItdNed]]></document>
		<document><![CDATA[Millennials might actually be better off than their baby boomer parents https://t.co/G750zOMneJ #BowraDebtHelp]]></document>
		<document><![CDATA[We Help with Debt.  #BowraDebtHelp https://t.co/tHZ0PfaGC5]]></document>
		<document><![CDATA[Is your mortgage killing you?  #BowraDebtHelp https://t.co/ElgUkGV8AU]]></document>
		<document><![CDATA[Use of High-Interest Pay Day Loans Doubles https://t.co/4dSH2x1mCi #BowraDebtHelp]]></document>
		<document><![CDATA[Of Course we can Help with Tax Debt!  #BowraDebtHelp https://t.co/36xHwtv1PI]]></document>
		<document><![CDATA[The Costs of Higher Education. https://t.co/iBSuvCKI85  #BowraDebtHelp]]></document>
		<document><![CDATA[How do the new mortgage rules affect you? https://t.co/YYyD6hHgGY #BowraDebtHelp]]></document>
		<document><![CDATA[Tips to survive the toughest 3 spending months of the year https://t.co/KkuMnqS4zN  #BowraDebtHelp]]></document>
		<document><![CDATA[Tips to survive the toughest 3 spending months of the year https://t.co/KkuMnqS4zN #BowraDebtHelp]]></document>
		<document><![CDATA[Canada places third internationally on overall levels of financial literacy.  There is room for improvement! https://t.co/TE21XjkWeL]]></document>
		<document><![CDATA[Canadian household debt bigger than national output! https://t.co/UztJEmF2Ed  #BowraDebtHelp]]></document>
		<document><![CDATA[If Interest Rates Rise, Canada Is in Big Trouble! https://t.co/J1uKysDzOm #BowraDebtHelp]]></document>
		<document><![CDATA[Questions to figure out whether your household debt is out of control  https://t.co/YIxVvW6OVZ #BowraDebtHelp]]></document>
		<document><![CDATA[Banks are not your friends https://t.co/uhkPkDOsQX #BowraDebtHelp]]></document>
		<document><![CDATA[New lending rules will impact first-time homebuyers https://t.co/vw80T9UoJH #BowraDebtHelp]]></document>
		<document><![CDATA[Sorry kids, Don't Plan on that our inheritance! https://t.co/2GaCf99Erc #BowraDebtHelp]]></document>
		<document><![CDATA[How to retire in paradise abroad https://t.co/kjHsFey5Lg #BowraDebtHelp]]></document>
		<document><![CDATA[Halloween spending can add up quickly. https://t.co/jbNgRFAFEH  #BowraDebtHelp]]></document>
		<document><![CDATA[You don't need to hide.   We Help with Debt.   Call us to see how!  604-828-3366 https://t.co/DcGBRyrYwi]]></document>
		<document><![CDATA[No Time like the Present to Deal with your Debt.  Free Consultation! #BowraDebtHelp https://t.co/roAhyB6U1o]]></document>
		<document><![CDATA[We have a Debt Solutions for you!   Free Consultation  #BowraDebtHelp https://t.co/YqdOOttvGq]]></document>
		<document><![CDATA[Talk to us First about Debt Solutions!  Free Consultation!  #BowraDebtHelp https://t.co/XAPpfUhWSJ]]></document>
		<document><![CDATA[Stop Hiding!  We Help with Tax Debt.  #BowraDebtHelp https://t.co/KsxftH6d77]]></document>
		<document><![CDATA[Credit Counselling is a great option to deal with Debt.  Call us to find out how!  #BowraDebtHelp https://t.co/uEhagIAEaN]]></document>
		<document><![CDATA[Canadian Household debt hits a New Record! https://t.co/kG6aKYR9Ej #BowraDebtHelp]]></document>
		<document><![CDATA[Tips to save big bucks on groceries https://t.co/XAq43aytm8 #BowraDebtHelp]]></document>
		<document><![CDATA[A Consumer Proposal is great option to deal with Tax Debt.  #BowraDebtHelp https://t.co/bCsOO5WfAv]]></document>
		<document><![CDATA[Are you Ready if Variable mortgage rates will soar? https://t.co/wrGA6RlQyE #BowraDebtHelp]]></document>
		<document><![CDATA[Are loyalty programs worth the hassle? https://t.co/pZRwNfIjs1 #BowraDebtHelp]]></document>
		<document><![CDATA[Find out how to Reduce and Consolidate your Debt.  It takes one call 604-828-3366 https://t.co/elZ5yM15NQ]]></document>
		<document><![CDATA[Why Canada’s borrowing binge will end badly? https://t.co/z8qFoRxRsr  #BowraDebtHelp]]></document>
		<document><![CDATA[Household debt climbs to $1.68 for every $1 of disposable income https://t.co/NeSI9zs5km  #BowraDebtHelp]]></document>
		<document><![CDATA[1 in 6 Canadians would owe an extra $50 a month if rates rose by just a quarter percentage point  https://t.co/oySIeBaTNU  #BowraDebtHelp]]></document>
		<document><![CDATA[Almost a million Canadians couldn't handle a 1-point interest rate rise https://t.co/oySIeBaTNU #BowraDebtHelp]]></document>
		<document><![CDATA[Are you prepared? Interest rate rise could be trouble for up to 1 million Canadians! https://t.co/nRiRIWhDFQ #BowraDebtHelp]]></document>
		<document><![CDATA[Are you spending all or more of each pay cheques? New study says 50% of us are. https://t.co/7ml475uxeY #BowraDebtHelp]]></document>
		<document><![CDATA[Are you living pay cheque to pay cheque? Steps To Reduce the Strain on your Cash Flow. https://t.co/cixcaiKmyi  #BowraDebtHelp]]></document>
		<document><![CDATA[Five financial realities that millennials have never seen (but be prepared)https://t.co/jRkN9AlS17 #BowraDebtHelp]]></document>
		<document><![CDATA[Half of working Canadians living paycheque to paycheque! https://t.co/ZRcglRVdQR #BowraDebtHelp]]></document>
	</documents>
</author>