<author lang="en">
	<documents>
		<document><![CDATA[@AnnaGConnell @yvonnebrill but it doesn't even matter because everything else is awesome.]]></document>
		<document><![CDATA[@AnnaGConnell @yvonnebrill heh. Squandered opportunities I know. I'll email some Cuba stuff to Anna. The restaurants suck generally fyi.]]></document>
		<document><![CDATA[@yvonnebrill I can tell you where we stayed, which is totally the same thing 😂]]></document>
		<document><![CDATA[My kind of woman. https://t.co/090NRvyZ2j]]></document>
		<document><![CDATA[@AnnaGConnell but we all remember the Stern Letter Writing of 2015 which accompanied Radio New Zealand going to RNZ.]]></document>
		<document><![CDATA[@alexperro ahhh. My old enemy. Of course.]]></document>
		<document><![CDATA[There is some amazing journalism in NZ right now: https://t.co/Hodo0NYKxw]]></document>
		<document><![CDATA[Whose are the yellow courier vans? One just reversed up our driveway v fast. No way he would have seen our toddler if she'd been out there.]]></document>
		<document><![CDATA[@AnnaGConnell @TroyRF journalists ever tell the truth. #notalljournos]]></document>
		<document><![CDATA[@AnnaGConnell @TroyRF preach sister. Remind me to tell you about the 'discussion' G had at a wedding with a guy who refused to believe]]></document>
		<document><![CDATA[@tweetwithkieran much obliged x]]></document>
		<document><![CDATA[Hey @tweetwithkieran is it members bill day today? (Thanks in advance for being my Parliament correspondent 😂)]]></document>
		<document><![CDATA[@AnnaGConnell @damianchristie @1NewsNZ thx when I saw people piling into that I did think @bryce_edwards was an unlikely old fogey promoter.]]></document>
		<document><![CDATA[@CrikaRika come work for @hapaitehauora (you'd actually love it tbh)]]></document>
		<document><![CDATA[Flexible work looks like me today: researching policy on laptop in bed while providing back-up to the toddler singi… https://t.co/OLuHJnR0TJ]]></document>
		<document><![CDATA[@_chloeswarbrick sorry to hear this, and pleased the police have been brought in. Hope they're being helpful x]]></document>
		<document><![CDATA[@MatthewHootonNZ just generic bad shit.]]></document>
		<document><![CDATA[@pauliolo I was allowed to (repeatedly) watch Mortal Kombat when it came out, I was 11 ... what was @mwehipeihana thinking.]]></document>
		<document><![CDATA[@BenRoss_AKL So good "I can't believe somebody made this, watched it, and then still released it!" Also I forgot there was a terrible sequel]]></document>
		<document><![CDATA[Mortal Kombat hasn't aged well, but I feel nostalgia-bound to watch it all the way through.]]></document>
		<document><![CDATA[Anyone else get halfway through Sapiens and think omg the whole world and everything in it is just made up.]]></document>
		<document><![CDATA[@tweetwithkieran @kirsty_johnston I love that it was half an hour, perfect for my commute.]]></document>
		<document><![CDATA[The circumstances leading to this tweet are so New Zealand I just can't even 😂 #zerodegrees https://t.co/YhpLvOez47]]></document>
		<document><![CDATA[@mwehipeihana @edufk @gtiso don't get me wrong, I appreciate that THEY do it. Just not something I see in my future.]]></document>
		<document><![CDATA[@kimbakerwilson @richardhills777 @LewSOS ever. That scent is seared on my olfactory system after the co-ed bathrooms of Unicol in Dunners 🤢]]></document>
		<document><![CDATA[@gemzina its too late for me, but you can save yourself.]]></document>
		<document><![CDATA[@LewSOS what a time to be alive.]]></document>
		<document><![CDATA[I'll never forgive G for forcing me to click through to this story because he didn't believe it was real. "They mus… https://t.co/pZqO9oRxjR]]></document>
		<document><![CDATA[I can't tell you how much the photos of MPs door knocking make me want to never ever be a politician.]]></document>
		<document><![CDATA[@kirsty_johnston I really love how the interviewees are speaking for themselves. No journo looking meaningfully down the barrel. Just story.]]></document>
		<document><![CDATA[Under the Bridge https://t.co/RyYiRdS1jK #underthebridge via @nzherald]]></document>
		<document><![CDATA[I hope you guys are right about this. https://t.co/20YFqbPndV]]></document>
		<document><![CDATA[Can someone check these guys out for me? Today in Aotea Square ta 😘 https://t.co/WJsCM7oRZE]]></document>
		<document><![CDATA[@DearMama_ this is one of my favourite tweets in the history of the twitters.]]></document>
		<document><![CDATA[This is very cool. Cultural training resources for ED docs. Feat. our own Dr Papaarangi Reid ❤️ https://t.co/V2NG6kOWpg]]></document>
		<document><![CDATA[@Zagzigger2 did you read the piece?]]></document>
		<document><![CDATA[@Zagzigger2 um. That's from the organisation I work for, and a group of indigenous academics who are supporting us ... we are Māori.]]></document>
		<document><![CDATA[@Madicattt interesting thread. I've always said I'd never join a political party but wondered recently if that was a cop out as well.]]></document>
		<document><![CDATA[@simonbwilson nope. These are IRL people who aren't on twitter. Cray. I know.]]></document>
		<document><![CDATA[Shit I love conversations with non-political and non-media mates about politics. Great to learn what cuts through and what doesn't.]]></document>
		<document><![CDATA[@erineedwards @alexkc @Auckland_Libs awesome thanks !]]></document>
		<document><![CDATA[@erineedwards @alexkc @Auckland_Libs the app!?!?!]]></document>
		<document><![CDATA[@PaperboyAKL @jacindaardern phenomenon?! A la that Trump parody on SNL "she ain't fucking with no last name" 😂)]]></document>
		<document><![CDATA[I've gotten really attached to @PaperboyAKL this week it's Jacinda, James Rolleston and some cool book people. (Is @jacindaardern a one name]]></document>
		<document><![CDATA[@beekaynz hmm. I couldn't tell if the new influx will help you or not.]]></document>
		<document><![CDATA[Omg @SimonMarksFSN it didn't even occur to me that the leak might have come from someone who LIKED Trump. @NZMorningReport]]></document>
		<document><![CDATA[@mokai77 you're many things e hoa but ignorant ain't one of them 😂😘]]></document>
		<document><![CDATA[@mokai77 there it is. Thanks.]]></document>
		<document><![CDATA[@beckeleven and thanks 😘😘😘]]></document>
		<document><![CDATA[@beckeleven I was just listening to the retailer from up north saying they desperately need more police and thought I should test my view.]]></document>
		<document><![CDATA[Stay vigilant etc. Unfortunately this is probably spot on. The Māori bashing train is rarely late. https://t.co/kT0vP8Ht5K]]></document>
		<document><![CDATA[Do I need to check my privilege re: the law and order thing? First response was to eye roll because 'NZ is safe'. Or just that I feel safe?]]></document>
		<document><![CDATA[It me. Hates activities 😂 https://t.co/ccFgplUjvj]]></document>
		<document><![CDATA[@AnnaGConnell mollified.]]></document>
		<document><![CDATA[@AnnaGConnell I find it weird that this snapchat wasn't from me ...]]></document>
		<document><![CDATA[@Taroaroa correct 😂 (no he's actually a very efficient packer anyway. I'm the problem).]]></document>
		<document><![CDATA[@southernlimitnz that friends episode tho https://t.co/sYXYj2aMgw]]></document>
		<document><![CDATA[Packing for a three day wedding extravaganza/uni reunion when you only booked one bag which you have to share with… https://t.co/Ma0d7QsDLR]]></document>
		<document><![CDATA[@JimKayes good luck! Will miss you on the regular telly but hopefully see you around xxx]]></document>
		<document><![CDATA[Thread, media. https://t.co/8P2IPjTZsw]]></document>
		<document><![CDATA[@kiwafruit remember those shower curtains with someone's tupuna on them? I mean wtf. Would you put your grandmother on a shower curtain?]]></document>
		<document><![CDATA[This fucks me right off. Some company, with no links to NZ, using our imagery and even a full render of Ka Mate for… https://t.co/StSEjD4F5R]]></document>
		<document><![CDATA[@TrisaEspiner @SusieFergusonNZ haha I know. I thought of Stephen's sleepover fire briefings for the girls and their friends 🔥]]></document>
		<document><![CDATA[@SusieFergusonNZ @GrumpyYetAmusin I should point out that he would NEVER leave the iron on. Safety conscious, is that man.]]></document>
		<document><![CDATA[Can't see this going terribly wrong at all. Nope. Everything's fine. https://t.co/BfCvuqxyGr]]></document>
		<document><![CDATA[Life goals: one day, in the feedback segment on MR I want Susie to say "and this just in Guyon, from your wife" 😂 (you left the iron on)]]></document>
		<document><![CDATA[@paulbrislen ILG. Of the "immigration causes unemployment" fiasco yesterday.]]></document>
		<document><![CDATA[@roddrury @NZMorningReport oh well. Sometimes a day without Twitter is a good thing.]]></document>
		<document><![CDATA[Good to hear the other side of the Peter Thiel thing with @roddrury and pleased @NZMorningReport got him on to talk about it.]]></document>
		<document><![CDATA[@LukeTipoki @kiwiana10 would also point out Greens haven't achieved this yet either, while we're handing out bouquets and brickbats.]]></document>
		<document><![CDATA[@Madicattt @Ellipsister @imcourtzd Ngāti Porou? We gots that one.]]></document>
		<document><![CDATA[@imcourtzd @Jedi_Skye pretty hungry for this tbh. Maybe I should (or someone) start a FB page to plan ... (I know, FB, my nemesis)]]></document>
		<document><![CDATA[@imcourtzd and what's this whakapapa wananga @Jedi_Skye teased a few weeks ago then left me hanging on? Something something @Nan_Wehipeihana]]></document>
		<document><![CDATA[@imcourtzd @Madicattt @Ellipsister there you go 😍 whanaunga.]]></document>
		<document><![CDATA[@womensart1 heh @NanaJ9 would buy ☠️😻]]></document>
		<document><![CDATA[@Madicattt @Ellipsister likewise @imcourtzd can probably help. There's one in every family eh.]]></document>
		<document><![CDATA[@NanaJ9 Black Mirror did but unlike our politicians I'm not a slave to polling so I'm going with the OA 😂]]></document>
		<document><![CDATA[@Madicattt @Ellipsister Maddy are we related? (The Ōtaki thing)]]></document>
		<document><![CDATA[@XineOB I guess it has to be equitable too. No point paying all tertiary fees if it's only privileged kids who take it up.]]></document>
		<document><![CDATA[@BenRoss_AKL don't - he's talking coalitions. Pleeeeeease rule Winston out.]]></document>
		<document><![CDATA[@PouTepou don't look at me, I love the Biebs 😂]]></document>
		<document><![CDATA[@JarrodGilbertNZ I know him from the Infinite Monkey Cage podcast/BBC Radio 4 show. First podcast I ever got into. So good. Much sceptic.]]></document>
		<document><![CDATA[@emmawehipeihana @MoataTamaira @robinince also: look at all those cool sciencey women.]]></document>
		<document><![CDATA[@MoataTamaira @robinince https://t.co/BJUJ0SBtNR Chch 10th of April.]]></document>
		<document><![CDATA[Robin Ince is coming to NZ? This looks awesome. April 4th in Auckland if anyone's keen. https://t.co/ZHXHApjiVW]]></document>
		<document><![CDATA[No touchy. No touchy touchy, farmers. New Zealand's largest freshwater springs 'under threat' from irrigation https://t.co/WbreCC4jxs]]></document>
		<document><![CDATA[This is a great piece on so many levels. Resonates with this BA-turned-doctor-in-training. I'd march with you… https://t.co/OKB6h42vyU]]></document>
		<document><![CDATA[@BruceBuckman @BenRoss_AKL and then moves in with the neighbours ...]]></document>
		<document><![CDATA[@gtiso @LewSOS ha. That's exactly his MO. Nicely defined.]]></document>
		<document><![CDATA[@LewSOS he's an equal opportunities botherer.]]></document>
		<document><![CDATA[@BenRoss_AKL I don't know  how they can't see the contradiction. "We'll compromise on values because it puts us in power". Everyone sucks.]]></document>
		<document><![CDATA[@sararoseflips @paulbrislen @NZMorningReport because it made MY morning at least 😂]]></document>
		<document><![CDATA[I can't cope with this. 😍 https://t.co/u4Llks1ilt]]></document>
		<document><![CDATA[@paulbrislen the prospect of participating in an exercise like this makes me want to never leave the house again. @NZMorningReport]]></document>
		<document><![CDATA[Legally I can kill him, Queen confirms https://t.co/GogNEoRCOc]]></document>
		<document><![CDATA[@2TAPU oooh. I like the sound of that.]]></document>
		<document><![CDATA[@MervRobertson those two forced to go on holiday together. I'd contribute real money to a crowdfund for that.]]></document>
		<document><![CDATA[@AnnaGConnell and if he does I'll just blame Nico. Or Baxter. It'll never come back on me.]]></document>
		<document><![CDATA[@AnnaGConnell I'm so sad about this I'm going to use it as an excuse to secretly go to the SPCA and get MOAR CATS. Don't tell G.]]></document>
		<document><![CDATA[That saying about nature, vacuums, things being abhorred. https://t.co/nF3Obvww0R]]></document>
	</documents>
</author>