<author lang="en">
	<documents>
		<document><![CDATA[“How to Protect Your Digital Privacy in the Era of Surveillance and Public Shaming” by @PacificStand https://t.co/ds9nM41RaZ]]></document>
		<document><![CDATA[Is Trump fighting the ‘deep state’ or creating his own? - The Washington Post https://t.co/5Koj0qyiMB]]></document>
		<document><![CDATA[Calling all business executives: Stand up for American values | Oxfam America The Politics of Poverty Blog https://t.co/8yoJw7vEmV]]></document>
		<document><![CDATA[@NicoleOzer so sorry for your loss]]></document>
		<document><![CDATA[This is SO hilarious. https://t.co/IhbbIS3Qdi]]></document>
		<document><![CDATA[Half of China’s population now uses the internet on a mobile device | TechCrunch https://t.co/GEE9hihLP9]]></document>
		<document><![CDATA[Forget Xi's 'defense' of globalization. China just fortified the Great Firewall. https://t.co/wFusE8CbMZ cc @weforum]]></document>
		<document><![CDATA[Important @weforum survey: many users lack understanding of fundamental concepts surrounding personal data https://t.co/G3KpqsIq7T #privacy]]></document>
		<document><![CDATA[We must build an internet that does a better job of sustaining human rights. https://t.co/c09HdNB9oQ #netfreedom]]></document>
		<document><![CDATA[Just when you think the world couldn’t get any more bizarre.. https://t.co/XMTUBryVlP]]></document>
		<document><![CDATA[CPJ urges Sessions to commit to journalist protection if confirmed as atty gen - Committee to Protect Journalists https://t.co/NgKJyBR00c]]></document>
		<document><![CDATA[Event starts soon with hashtag #netfreedom45 https://t.co/vdnR5HtN2g]]></document>
		<document><![CDATA[@dillonmann @melmbugua @NiNanjira thanks for the shout out. The book is now 5 years old but I think the argument is still holding up]]></document>
		<document><![CDATA[How will Trump’s administration handle #netfreedom policy? Who knows, but we have recommendations. Join us tomorrow https://t.co/X6e3IYkOR9]]></document>
		<document><![CDATA[Very proud to be on @pressfreedom ’s board of directors. Their work has never been more vital. https://t.co/oBoUCL3AGA]]></document>
		<document><![CDATA[What We’re Wishing for in 2017 · Global Voices &lt;= support independent citizen journalism and #netfreedom  https://t.co/F60o1ociIG]]></document>
		<document><![CDATA[#Netfreedom At a Crossroads: recommendations for the 45th president  https://t.co/XG0hke3qoG]]></document>
		<document><![CDATA[Corporate accountability for #netfreedom https://t.co/dwac5gr2rr by me, @MarechalUSC and @DearPriya]]></document>
		<document><![CDATA[@shaneharris maybe he knows exactly what they have… which would explain other things..]]></document>
		<document><![CDATA[Gov't to require cars be able to talk to each other (from @AP) https://t.co/NjBYrkth9x]]></document>
		<document><![CDATA[2016 prison census: 259 journalists jailed worldwide - record number, reports @pressfreedom  https://t.co/i0ZvbtV6b9]]></document>
		<document><![CDATA["EU is pushing the online companies into a full private law enforcement regime" says Joe McNamee of @edri… https://t.co/EYubi2oo2S]]></document>
		<document><![CDATA[@CSMPasscode @annamulrine on a related note: https://t.co/U0HQalZeUm]]></document>
		<document><![CDATA[Digital bonapartism, Russia, and America in 2016 - rereading parts of my 2012 book. https://t.co/U0HQalZeUm #netfreedom #fakenews]]></document>
		<document><![CDATA[Tillerson to State: @SteveCollNY's book quoted Bennett Freeman extensively challenging Exxon on human rights/climate https://t.co/gJKVDCzBJx]]></document>
		<document><![CDATA[Tillerson SecState:  @SteveCollNY 2012 @NewYorker piece describes Bennett Freeman’s climate policy advice to Exxon  https://t.co/fef8h2tp9G]]></document>
		<document><![CDATA[@JohnLaprise yup I agree with you]]></document>
		<document><![CDATA[@AmbassadorPower @opengovpart need transparency on requests govts make to internet companies for user data &amp; online content restriction]]></document>
		<document><![CDATA[@JohnLaprise yup and then they will try to go after the leakers..]]></document>
		<document><![CDATA[@dandrezner let's hope somebody is looking very hard for signs of insider trading...]]></document>
		<document><![CDATA[@GeorgeTakei somebody should look hard for any signs of insider trading on Boeing before he made his comment...]]></document>
		<document><![CDATA[Sigh. https://t.co/h7gDy3PEEp]]></document>
		<document><![CDATA[How to respond to online extremism without harming free speech by @theGNI #netfreedom #cve https://t.co/R1T3ZVS3Tw fyi @davidakaye]]></document>
		<document><![CDATA[On #GivingTuesday pls support @globalvoices - independent, global citizen media. More important than ever! https://t.co/N8NosBMewV]]></document>
		<document><![CDATA[Global Application of French “Right to Be Forgotten” Law Would Pose Threat to Free Expression https://t.co/Jk34Pk57fq @ellanso @CenDemTech]]></document>
		<document><![CDATA[@JoeBeOne yay!! We've all been rooting for you.]]></document>
		<document><![CDATA[Apply by Dec 4 for Online Course: "Civil Resistance Unpacked: Strategic Practice and Analysis" | ICNC https://t.co/Vj9rvKdRPY]]></document>
		<document><![CDATA[How to Hold Algorithms Accountable https://t.co/vRpMXQQgRO via MIT's @techreview]]></document>
		<document><![CDATA[Human Rights and Business: Is the United Nations Helping? https://t.co/uyQRoye7a0 by @JamesNHarrison via @lacunamagazine]]></document>
		<document><![CDATA[Facebook Said to Create Censorship Tool to Get Back Into China https://t.co/NwprwFVWAf]]></document>
		<document><![CDATA[Appeal to Pence by @pressfreedom https://t.co/t43Px6nGpX]]></document>
		<document><![CDATA[@sara__blackwell @claire_ob1 @GillesGoedhart @cp_schuller @LucyPurdon @saliltripathi you can report them here: https://t.co/yzNqdwtt53]]></document>
		<document><![CDATA[The #manel persists even at a human rights conference. Tsk tsk https://t.co/CoRZF4Gm2O]]></document>
		<document><![CDATA[@josiecoh @sara__blackwell @Global_Witness @theICAR congrats on assembling the anti-manel]]></document>
		<document><![CDATA[“On “faithless” (but democratically faithful) electors” by @lessig https://t.co/WtknI05biN]]></document>
		<document><![CDATA[Snowden says tech companies should protect privacy no matter who is president - why @rankingrights matters https://t.co/NoXSMR83FL]]></document>
		<document><![CDATA[Fascism rising | openDemocracy https://t.co/T5nOlmXvqf]]></document>
		<document><![CDATA[Middle East: Digital Divides Narrowing, #Privacy Concerns Increasing https://t.co/gpoHin5KQE via @ejonews #NetFreedom]]></document>
		<document><![CDATA[Countering violent extremism must be done in a way that upholds #NetFreedom #Humanrights https://t.co/ysakbXbNlK]]></document>
		<document><![CDATA[#mediadev and #CVE : An Uneasy Relationship, a Need for Dialogue by @courtneyr for @CIMA_Media https://t.co/07qSZGZbjr #NetFreedom]]></document>
		<document><![CDATA[Yahoo’s letter to U.S. Director of National Intelligence https://t.co/F0T7eIIYoi #netfreedom #privacy]]></document>
		<document><![CDATA[More #netfreedom concerns in China with surveillance requirements for device makers. Remember “Green Dam Youth Esco… https://t.co/Ln3YBMSqL5]]></document>
		<document><![CDATA[New @MITSloan report: Investors Care More About #Sustainability
than Many Executives Believe https://t.co/SkaOks9G3l #csr]]></document>
		<document><![CDATA[Starting now!! #FOC16 https://t.co/Jji7gBlSNz]]></document>
		<document><![CDATA[Without human rights, press freedom and #netfreedom extremism is more likely to prevail. https://t.co/J2HEjtYnUe]]></document>
		<document><![CDATA[Recommendations for human rights based approaches to cybersecurity https://t.co/I9xOhUmLb9 #netfreedom #privacy #security #FOC16]]></document>
		<document><![CDATA[Ethiopia continues to attack #netfreedom https://t.co/OhDkss5crz]]></document>
		<document><![CDATA[More bad news for #netfreedom in the UK. https://t.co/DiSI8LtbOe]]></document>
		<document><![CDATA[Troubling attack on #netfreedom in Montenegro. https://t.co/DsmWajSlzM]]></document>
		<document><![CDATA[My updated/corrected remarks as delivered to #FOC16 are online here: https://t.co/7f2gylvmwc #netfreedom]]></document>
		<document><![CDATA[@solomonbrett thanks Brett!!]]></document>
		<document><![CDATA[The remarks I plan to deliver at #FOC16 are now online here: https://t.co/7f2gyldL7C #netfreedom]]></document>
		<document><![CDATA[Can't make it to Costa Rica? You can still watch all the sessions via our live webcast here: https://t.co/2fYwrEyfkP  #FOC16]]></document>
		<document><![CDATA[Donald Trump threatens press freedom worldwide https://t.co/HnwZLbcgCL by @Joelcpj via @CJR]]></document>
		<document><![CDATA[Hungary’s future looks worryingly like Europe’s past | Owen Jones https://t.co/fVrnqWEHQt]]></document>
		<document><![CDATA[Civil liberties group urges Verizon to shore up Yahoo user protection https://t.co/TbiQgvgd6i via @Reuters #netfreedom #security #privacy]]></document>
		<document><![CDATA[Don’t miss our global #netfreedom news roundup. https://t.co/iNv83mgLya]]></document>
		<document><![CDATA[Trump is threat to #pressfreedom says chairman of Cmtee to Protect Journalists (@pressfreedom)  https://t.co/Zs8LAxcoVU #netfreedom too.]]></document>
		<document><![CDATA[@tcmallinson @CPJTechnology @Brenda6 yes state owned]]></document>
		<document><![CDATA[Bad news for #netfreedom in Ethiopia https://t.co/a6c0VH8XtC]]></document>
		<document><![CDATA[Google set to reap China rewards after re-entry | beyondbrics | https://t.co/66zXR5hpRo https://t.co/orOdBE47tw #netfreedom]]></document>
		<document><![CDATA[Facebook has repeatedly trended fake news since firing its human editors https://t.co/SzQObVcBCs]]></document>
		<document><![CDATA[The media's Weimar moment https://t.co/JtuP4QPAFd via @CJR]]></document>
		<document><![CDATA[Freedom of Expression in the Age of Globalization | edX - a new online course! #netfreedom  https://t.co/4uD8lL2LMI]]></document>
		<document><![CDATA[Global economy loses billions from internet shutdowns https://t.co/3gDH3oYUmm via @BrookingsInst #netfreedom]]></document>
		<document><![CDATA[Appliance companies are now content intermediaries as well as personal data intermediaries. If can host porn then a… https://t.co/U9aTWSV2Is]]></document>
		<document><![CDATA[Twitter Is Expected to Field Bids This Week https://t.co/uLzcUF4tpU]]></document>
		<document><![CDATA[@dannysullivan That is indeed the question!!]]></document>
		<document><![CDATA[Exclusive: Yahoo secretly scanned customer emails for U.S. intelligence - sources https://t.co/m3CBOhkvyd via @Reuters #privacy #netfreedom]]></document>
		<document><![CDATA[Intriguing proposal by @zittrain and @jackbalkin to get companies to protect people’s digital #privacy https://t.co/hUqOckT3YF]]></document>
		<document><![CDATA[Cobalt mining for lithium ion batteries has a high human cost - Washington Post https://t.co/jBBEiXh2cy]]></document>
		<document><![CDATA[TrumpWon? trend vs. reality –  -- amazing &amp; scary Twitter data analysis by @gilgul of @betaworks  https://t.co/zaCvRF5KV4]]></document>
		<document><![CDATA[The problem with Google's plan to distract would-be jihadis online by Kieron O’Hara for @slate   https://t.co/pPcNQtzFkj #CVE #netfreedom]]></document>
		<document><![CDATA[How to protect human rights online while countering violent extremism? @APC_News cites @rankingrights https://t.co/ldyKmdECCN #netfreedom]]></document>
		<document><![CDATA[Why should investors care about internet shutdowns? Report cites @rankingrights #netfreedom https://t.co/aVQHv0eeLI]]></document>
		<document><![CDATA[@IanStrasser thanks!!]]></document>
		<document><![CDATA[@doreenhk thanks!]]></document>
		<document><![CDATA[AP FACT CHECK: Is US Giving Away the Internet? Answer: No. https://t.co/5odQsfDcPc #IANAtransition #netfreedom]]></document>
		<document><![CDATA[We can’t win against terror if we don’t protect &amp; respect #humanrights #netfreedom #pressfreedom. My TED talk: https://t.co/LGkTELF8xt]]></document>
		<document><![CDATA[@LetaHong thanks!!]]></document>
		<document><![CDATA[@NewAmerica thank you!]]></document>
		<document><![CDATA[@David_MSullivan thank you!!]]></document>
		<document><![CDATA[@FaizaPatelBCJ Thanks!!]]></document>
		<document><![CDATA[Honored to be recognized with @rankingrights by @accessnow for public oversight on #netfreedom #privacy https://t.co/7aMVDTPMFk]]></document>
		<document><![CDATA[@jilliancyork you should totally write that book!!]]></document>
		<document><![CDATA[@KevinBankston @accessnow @rankingrights thank you!!]]></document>
		<document><![CDATA[@OTI @rankingrights @accessnow thanks so much!! I am honored.]]></document>
		<document><![CDATA[@feathersproject thanks!!]]></document>
		<document><![CDATA[@DearPriya we couldn't have gotten to this point without you!!]]></document>
		<document><![CDATA[@kehldanielle we are proud to have you contributing!!!]]></document>
	</documents>
</author>