<author lang="en">
	<documents>
		<document><![CDATA[@charlie_simpson @REMewett the joke may wind up being on me when it's made evident that jokes requiring erudition are also bad Twitter]]></document>
		<document><![CDATA[(Concept for previous tweet shamefully thieved from @REMewett, who was erudite enough to conceive of it but too bad at Twitter to execute.)]]></document>
		<document><![CDATA["Will no one rid me of this troublesome priest?" https://t.co/5ATweR6DFU]]></document>
		<document><![CDATA[@REMewett do you want me to steal your joke and show you how it's done?]]></document>
		<document><![CDATA[@REMewett this is an extremely good joke but sort of bad twitter because the original tweet is not visible in yours]]></document>
		<document><![CDATA[Point is we shld worry abt surprising popular appeal of Trump statements that seem self-evidently idiotic &amp; counterproductive to rest of us.]]></document>
		<document><![CDATA[of foreign leaders. Trump himself not canny enough for this, but others around him are. Will be big to see how conservative media covers.]]></document>
		<document><![CDATA[Talented propagandist cld appeal to masses w/argmt that moralizing US elites do biz same way, then endanger you w/aggressive condemnation /3]]></document>
		<document><![CDATA[Look at how ppl like Greenwald react. Some space out there for an idiot populist to carve big chunk of people off "establishment" view. 2/]]></document>
		<document><![CDATA[Real worry re Trump's Russia comments &amp; bipar pushback? Could be popular with ppl who sympathize w/ nonintervention &amp; sovereignty tropes. /1]]></document>
		<document><![CDATA[After that 2nd half, it's fairly obvious who needs to start at 10 against England. Sam Davies at the heart of everything positive for Wales.]]></document>
		<document><![CDATA[@joshgardner would be terrific if he could put some of it on his hands so as not to keep shoveling ball into people's shins from the base]]></document>
		<document><![CDATA[Thus far, this might be the worst game of rugby I've ever seen. Can't wait for Howley's excuses. "Well, in the wet conditions..." #WALvITA]]></document>
		<document><![CDATA[Wales are just dire at the moment. Today is the pure concentrated distillate of their unambitious mediocrity for last five years. #WALvITA]]></document>
		<document><![CDATA[How about the man defending Davies who was six yards offside there?]]></document>
		<document><![CDATA[RT @amyfiscus: It wasn't just House aides who secretly worked on Trump's travel ban. Senate Judiciary staffers, too https://t.co/32UbxceLn3]]></document>
		<document><![CDATA[@maxjrosenthal @REMewett hey]]></document>
		<document><![CDATA[@maxjrosenthal @REMewett I really do think that's my finest work]]></document>
		<document><![CDATA[@maxjrosenthal @REMewett they enjoy watching someone totally unqualified try to perform a difficult task he hates just bc rules require it]]></document>
		<document><![CDATA[@maxjrosenthal @REMewett actually opponents of the DH seem to me to be natural Trump supporters]]></document>
		<document><![CDATA[Dear Bannon &amp; Miller, you sodding illiterates — Interagency staffing can help catch your syntactic boners &amp; fake En… https://t.co/mgn3W6vOZr]]></document>
		<document><![CDATA[How can you say outcomes are similar? Tell the several thousand people who live here on SIV that a total shutdown p… https://t.co/Aef348tNIe]]></document>
		<document><![CDATA[@zenpundit by all means though keep suggesting false equivalence between slow processing by ppl acting in good faith and a total shutdown]]></document>
		<document><![CDATA[@zenpundit Good thing then that it's not a matter of opinion, but a question of fact. Program is imperfect but has helped thousands of ppl.]]></document>
		<document><![CDATA[Read this whole thread. Think about Iraqi translators and their families and the SIV program. Weep for them and for… https://t.co/XzqnExtxMC]]></document>
		<document><![CDATA[Noticed Tuesday that https://t.co/VBXlmCK3my fact sheet &amp; other pages on US humanitarian assistance to Syria are do… https://t.co/eHO5p4sRSo]]></document>
		<document><![CDATA[Pretty cool when head of state goes to HQ of secret intelligence svc to "joke" about how they all prob voted for him https://t.co/Z5w4KqiBqL]]></document>
		<document><![CDATA[It was all fun and games when the campaign was a national joke, but now that they've got jobs to hand out, just kidding? How humiliating.]]></document>
		<document><![CDATA[Dear "'Never Trump' Republicans [who] fear [you] have been blacklisted": congratulations on being offered the chance to have some integrity.]]></document>
		<document><![CDATA[This is the most pathetic story ever: "'Never Trump’ national-security Republicans fear they have been blacklisted" https://t.co/qBDfZXaOuI]]></document>
		<document><![CDATA[F sports]]></document>
		<document><![CDATA[Perhaps the best evidence of the armchair ride Mattis is getting in his SASC hearing: he got credit for words Thucydides wrote 2500 yrs ago.]]></document>
		<document><![CDATA[Elizabeth Warren just name-dropped Clausewitz. I think my work here is done.]]></document>
		<document><![CDATA[One more reassuring episode in the life of this very professional political operation. Can't wait to hand 'em the s… https://t.co/g22n3Wjon3]]></document>
		<document><![CDATA[Can we please stop wrecking the flow of this outstanding straight-ahead Dallas offense by calling these goofy end-arounds? @BNSAg]]></document>
		<document><![CDATA[Serious question: why wouldn't Jameis Winston be ejected for that headbutt on a defenseless player?]]></document>
		<document><![CDATA[True rugby-centered friendship: your buddy texts from London stopover to say he found Lions tour kit 30% off &amp; do you want a shirt? @ExumAM]]></document>
		<document><![CDATA[I'd be reluctant to work for someone I thought was "a toxic mix of demagoguery, mean-spiritedness &amp; nonsense," but different strokes, right?]]></document>
		<document><![CDATA[@CraigAWhiteside Oh definitely. Not sure I can fault him for that at this point in the season either, though.]]></document>
		<document><![CDATA[@CraigAWhiteside Prescott has played like a rookie. I don't blame that on Garrett.]]></document>
		<document><![CDATA[This whole rookie quarterback thing has been a fun experiment, guys! Can we have Tony back now, please?]]></document>
		<document><![CDATA[@maxjrosenthal @REMewett it looked like maybe it was John Mara but F me never mind]]></document>
		<document><![CDATA[Please get this clown out of the booth so I can unmute the football game. @CBS]]></document>
		<document><![CDATA[...and his nominee for Secretary of Defense is barred by statute from being appointed to the job. (2/2)]]></document>
		<document><![CDATA[To top it all off, his natsec advisor pick thinks PRC, Russia, Venezuela, Iran, Sunni extremists, and Hizballah are allied against US (1/2)]]></document>
		<document><![CDATA[@EvansRyan202 All of which is a long way of saying: F those guys. Good work speaks for itself. Stupid ideologues are not your audience. /END]]></document>
		<document><![CDATA[@EvansRyan202 I see lots of the rhetorical habits &amp; reactionary imagined victimhood that characterizes 20-smthg alt-right PUA manosphere. /6]]></document>
		<document><![CDATA[@EvansRyan202 Lots of whining, pissing &amp; moaning, special pleading, etc., but zero reasoned criticism. IR piece stands on its own merits. /5]]></document>
		<document><![CDATA[@EvansRyan202 Don't want to paint with too broad a brush here, but there wasn't 1 compelling or coherent critical argument in the thread. /4]]></document>
		<document><![CDATA[@EvansRyan202 Simple explanation: the critics in that comment thread are very, very stupid &amp;/or don't understand historical scholarship. /3]]></document>
		<document><![CDATA[@EvansRyan202 I can appreciate your struggle to understand opposing perspectives, but there's a very simple explanation for the pushback. /2]]></document>
		<document><![CDATA[@EvansRyan202 I hadn't seen any of these comments until you tweeted about them today, but (as you know) I loved @IskanderRehman's piece. /1]]></document>
		<document><![CDATA[Can someone help me understand what this (re: Kelly) could possibly be intended to mean? Through what mechanism wou… https://t.co/2AdK4JsDA1]]></document>
		<document><![CDATA[This is a process quibble, @DanLamothe, but why grant anonymity to the "former senior Pentagon official" in order t… https://t.co/TJnmJ4vH3I]]></document>
		<document><![CDATA[Trumpism's Pravda: Breitbart's Sessions confirmation story repeats transition TPs verbatim—except for howler about… https://t.co/8WNpPaGIZD]]></document>
		<document><![CDATA[Two Hollywood producers &amp; Goldman alums—Yalie &amp; HBS MBA—walk into a bar
and announce "populist economic nationalism"
https://t.co/dF8sOsxLJR]]></document>
		<document><![CDATA[Civil war is actually a contest to see if the govt or guerrillas can WAR most effectively. Does Syria look like a governing contest to you?]]></document>
		<document><![CDATA[Ugh, "civil war is a contest to see [who] can govern most effectively"? When will this absurd idea finally die? https://t.co/5JrcIy86SS]]></document>
		<document><![CDATA[Clearly civilian life hasn't disabused Petraeus of the ol' CHALLENGES // OPPORTUNITIES framing device beloved of Pe… https://t.co/GDhNDyfke7]]></document>
		<document><![CDATA[Trump means to build a movement around SENTIMENT, not law. Real worry is populist surge keeps scaring establishment conservatives into line.]]></document>
		<document><![CDATA[Rallying popular support around national iconography in face of supposed threat to identity = classic, time-honored play for folks like him.]]></document>
		<document><![CDATA[Not sure why anyone thinks Trump is concerned at all with current law. This is a cheap and cynical play to his base. https://t.co/dkUZf1cZlG]]></document>
		<document><![CDATA[That's fair if under "political" you include "literal impossibility of replacing parts, certifying airworthiness" https://t.co/nIfEOooQn8]]></document>
		<document><![CDATA[@WWATMD @EvansRyan202 @IskanderRehman @WarOnTheRocks Dude plz consult the trolling tweet]]></document>
		<document><![CDATA[@EvansRyan202 @IskanderRehman @WarOnTheRocks I'm like 98% just trolling here (mostly trolling every discipline except history, but also you)]]></document>
		<document><![CDATA[Watch out, @EvansRyan202—keep running pieces like Gavin's and @IskanderRehman's, and people might think @WarOnTheRocks does real history!]]></document>
		<document><![CDATA[Great piece by @IskanderRehman today on @WarOnTheRocks about politics, narrative, and historical scholarship: https://t.co/O2Kk2mGNhY]]></document>
		<document><![CDATA[@bloodandmud @joshgardner Can't make own decisions, always wants TMO to bail him out, bad &amp; unnecessary overcommunication, can't ref scrum.]]></document>
		<document><![CDATA[@bloodandmud @joshgardner Only 13', but Romain Poite is the pure, concentrated distillate of everything that's shit about referees today.]]></document>
		<document><![CDATA[Author of the Post's Castro obit has been dead for a decade; the Times's guy changed jobs in 2008, according to… https://t.co/wH1UJHyDI0]]></document>
		<document><![CDATA[Q: How much better would football be if everybody played both ways and no substitutions were allowed? A: Much, much, much better. Much.]]></document>
		<document><![CDATA[Anyone know why the Cowboys are wearing blue today? (No, I don't have google.)]]></document>
		<document><![CDATA[Empowerment of populist-nationalist Trumpist mvmt unmoored from pressures of traditional Republican politics much s… https://t.co/z6RJKgiwKB]]></document>
		<document><![CDATA[I've got no love for Reagan's Party, but this kind of reaction is creepy &amp; redolent of frightening past conservativ… https://t.co/QCv4KldTFA]]></document>
		<document><![CDATA[@TheViewFromLL2 Yep, and I completely agree with you (again) that this is a huge problem. Only solution is divestment (or: not being prez).]]></document>
		<document><![CDATA[@TheViewFromLL2 Bottom line: list doesn't look strange if you're in the business of U.S. foreign policy. That may just be good luck, though.]]></document>
		<document><![CDATA[@TheViewFromLL2 My point is that a) you're right that this admin doesn't deserve benefit of doubt &amp; b) still could be nothing to it at all.]]></document>
		<document><![CDATA[@TheViewFromLL2 It's also a list of countries for whom bilateral relationship with US is extremely important. IOW: could be coincidence.]]></document>
		<document><![CDATA[@TheViewFromLL2 ...associated with DJT so I'm not going to keep quibbling on this, because ultimately we need MORE scrutiny than less (2)]]></document>
		<document><![CDATA[@TheViewFromLL2 It's impossible to give context to make you appreciate how deeply I agree w/ you about impropriety of nearly EVERYTHING (1)]]></document>
		<document><![CDATA[@TheViewFromLL2 (PS completely unrelated but I'm a huge fan of the work you, @EvidenceProf, &amp; @rabiasquared do. Each of you is a real hero.)]]></document>
		<document><![CDATA[@TheViewFromLL2 That's a problem he created for himself and that he's responsible for solving, for sure. But the call sheet isn't weird.]]></document>
		<document><![CDATA[@TheViewFromLL2 Without divesting himself from business interests, there's basically no way to assure  public that his behavior is correct.]]></document>
		<document><![CDATA[@TheViewFromLL2 That list looks very much like what I would expect from first 31 calls any new PEOTUS would take. His business is the prob.]]></document>
		<document><![CDATA[@TheViewFromLL2 To be clear, I'm not saying there's no impropriety. I'm just saying it can't be discerned from the list of countries alone.]]></document>
		<document><![CDATA[No doubt we should all be paying very close attention to what looks like a budding kleptocracy, but none of these c… https://t.co/czRj0fKfYm]]></document>
		<document><![CDATA[Is it really wise to describe people who seek to restore the political and cultural preeminence of whites as mere "… https://t.co/AnhGwQ4vtS]]></document>
		<document><![CDATA[Is this a fucking joke? I'm gonna wake up in the morning and see that the president-elect's account has been hacked… https://t.co/wt9cG7ZdXQ]]></document>
		<document><![CDATA[The Anatomy of Fascism, Robert O. Paxton, Knopf (2004). https://t.co/cx467hIhqQ]]></document>
		<document><![CDATA[Don't get me wrong: Richard Spencer is a douchebag and an idiot. But there are many more dangerous people than this skinhead in a suit.]]></document>
		<document><![CDATA[The real concern should be on the garden-variety proto-fascists who AREN'T explicitly mimicking Nazis and have an actual path to power.]]></document>
		<document><![CDATA[This would be more troubling if crowd included anyone but overgrown teen-aged losers who misread Nietzsche and got… https://t.co/SUenOiUcOT]]></document>
		<document><![CDATA[@jdcushman words and ideas have no meaning to these people, only grievance and a childish idea of transactional fairness]]></document>
		<document><![CDATA[Benedetto Croce once posited new form of government to add to those named in Aristotle's Πολιτικά: "ONAGROCRACY," o… https://t.co/Wmls3nbSxb]]></document>
		<document><![CDATA[For shit's sake https://t.co/l6EXR4gcgg]]></document>
		<document><![CDATA[@Chazperin I'm blaming the long-dead first Treasury Secretary and a Broadway musical for our Clown in Chief and you're talking fairness?]]></document>
		<document><![CDATA[WHAT THE FUCK, Hamilton?! You were having such a good year, too. #federalist68… https://t.co/grDX8JkNma]]></document>
		<document><![CDATA[@wjrue Truth, but Sessions would have ZERO trouble getting past SASC Rs. And JSM would prob carry Hadley to Pentagon in jeweled sedan chair.]]></document>
		<document><![CDATA[Excellent, a whole government of buffoons https://t.co/hEFvHT4V2i]]></document>
		<document><![CDATA[I have a wild hypothesis: maybe he was lying to get votes https://t.co/Db1dbmmNA2]]></document>
	</documents>
</author>