<author lang="en">
	<documents>
		<document><![CDATA[@ScottRegehr he left his own Super Bowl party before the game was over!]]></document>
		<document><![CDATA[@dmcd7773 @food2flourish does that make the Patriots the underdogs?]]></document>
		<document><![CDATA[@NatashaBertrand @ReliableSources @brianstelter too bad the segment was over before anything substantive could be discussed.]]></document>
		<document><![CDATA[One of those "wish I wrote that" moments... https://t.co/V7TBowchH7]]></document>
		<document><![CDATA[@PhatdaddioReese @MavJones Is this a question you want answered or your response to the "hooray for the men!" op ed?]]></document>
		<document><![CDATA[Notice nobody talking about this. Everyone is clutching their pearls about crowd sizes and Trump lying over stupid… https://t.co/TlY684zg95]]></document>
		<document><![CDATA[@NicAndrews hope you don't mind; I shared it to my Facebook page. Congratulations on your fight against cancer!]]></document>
		<document><![CDATA[A-fucking-men. @Prof_K https://t.co/HzK1Sdsp9z]]></document>
		<document><![CDATA[@Jezebel please give CNN the righteous shit they deserve for this bullshit misgendering, and the spineless panel's… https://t.co/X9bUvBnY2h]]></document>
		<document><![CDATA[@_pochemuchka_ yes that was @carlbernstein. A very small voice of dissent that amounted to emphasis on the pronoun and nothing else.]]></document>
		<document><![CDATA[@_pochemuchka_ @RepMikeRogers total loss of respect for @Anderson for allowing it. Tiny smidge of respect for Rogers now evaporated.]]></document>
		<document><![CDATA[@_pochemuchka_ @RepMikeRogers to many, many more than just Chelsea Manning. Spineless panel says nothing. Disappointing.]]></document>
		<document><![CDATA[@AC360 and PS behaves like a bigot without correction from your team. SHAME.]]></document>
		<document><![CDATA[@AC360 why won't any of you correct Mike Rogers for his despicable use of the incorrect pronoun in referring to Chelsea Manning? #DoBetter]]></document>
		<document><![CDATA[@RepMikeRogers your use of the male pronoun in referring to Chelsea Manning is disrespectful to more than just HER. @AC360 spineless]]></document>
		<document><![CDATA[@brianstelter This week's OTM has great tips for how to cover Trump. Please consider any of these guests. https://t.co/ug9XCsYgwW]]></document>
		<document><![CDATA[Casey Affleck wins for worst hipster beard. Chris Pine gets best, except his doesn't look hipster; he looks like a grownup. #GoldenGlobes]]></document>
		<document><![CDATA[The #GoldenGlobes are great not just for the boozy speeches but also for honouring stuff you've never heard of but deserves an audience.]]></document>
		<document><![CDATA[@caityweaver it's the beard]]></document>
		<document><![CDATA[Tom Hiddleston wins award for most embarrassing narcissistic acceptance speech. #GoldenGlobes]]></document>
		<document><![CDATA[@ErinBurnett why is Joey No Socks a story and not Don King? Don King was convicted of manslaughter! King stood next to Trump in presser.]]></document>
		<document><![CDATA[This meme never gets old. https://t.co/GoFAYE76Ps]]></document>
		<document><![CDATA[@MavJones Time to gather your trivia ladies and order up some retro cocktails!!]]></document>
		<document><![CDATA[@DA_Stockman what is this bullshit clickbait? fuck off]]></document>
		<document><![CDATA[So much sweeter than the bat flip! https://t.co/qtpYvML6gz]]></document>
		<document><![CDATA[IRONY OVERLOAD IRONY OVERLOAD IRONY OVERLOAD https://t.co/8pYSU6J2nP]]></document>
		<document><![CDATA[Been watching #skatecanada all day. Have told Rod Black to shut up approximately 18 times. (The rest of the time I just grunt in disgust.)]]></document>
		<document><![CDATA[ha ha ha it's true! https://t.co/sYVgnBPNFM]]></document>
		<document><![CDATA[@MetroManTO didn't apologize to her either!]]></document>
		<document><![CDATA[LOL! "Chris Matthews" is trending because people think he's moderating the debate tonight. Murrica! #debatenight]]></document>
		<document><![CDATA[This is why everyone shouts "Norm!" when he walks in the room. https://t.co/YbSdfnerUS]]></document>
		<document><![CDATA[Hillary grinning with relief as Trump starts winding himself up over Putin. #debatenight]]></document>
		<document><![CDATA[@gabedelahaye and he's started sniffing!!]]></document>
		<document><![CDATA[Trump using his soft "presidential" voice. Sad. #debatenight]]></document>
		<document><![CDATA[@realJeffreyLord says the guy who chortles through his CNN appearances, regardless of the topic.]]></document>
		<document><![CDATA["Racism is a bi-partisan issue!" - @angela_rye explaining the obvious to the oblivious (@realJeffreyLord) on @AC360]]></document>
		<document><![CDATA[@MavJones @Prof_K  I believe you meant exCATly, but I'ma let it slide.]]></document>
		<document><![CDATA[@MavJones did you send him a pic of Boris? Does this fall anywhere on the spectrum of sexting? Should I get a cat and call him Weiner?]]></document>
		<document><![CDATA[@MavJones oh, @Prof_K has been advoCATing for years to start up a cat share business!]]></document>
		<document><![CDATA[This would be my media moment dream come true. https://t.co/M6DWzu6TKp]]></document>
		<document><![CDATA[@dmcd7773 that's what she said. (she being me)]]></document>
		<document><![CDATA[@dmcd7773 This is the photo I was talking about... https://t.co/YgkRBl0Rfy]]></document>
		<document><![CDATA[@kenyong @FriedgeHNIC Seriously I had to check the URL after reading because I thought it might be an Onion or Beaverton article.]]></document>
		<document><![CDATA[@kenyong @FriedgeHNIC I noticed the gaffe but really... it was not that big a deal. Stop taking yourself so seriously Elliotte!]]></document>
		<document><![CDATA[@MrIanMacIntyre it's like, his third favourite book after The Art of the Deal and The Bible.]]></document>
		<document><![CDATA[@jeffjarvis yeah I always just figured she was Vice Lady  ¯\_(ツ)_/¯]]></document>
		<document><![CDATA[One of those snort-at-your-desk moments. https://t.co/Qv227yqwEA]]></document>
		<document><![CDATA[@MavJones well @Prof_K and I have been known to trade pics of #thatLola on the regular. it is an excellent emergency treatment]]></document>
		<document><![CDATA[@nowtorontopromo My favourite Toronto filmmaker is Sarah Polley, and my favourite Toronto film is Take This Waltz.]]></document>
		<document><![CDATA[@metromorning technology is one way, art is another, for keeping cities accountable re: potholes! https://t.co/oja4K8HcHM]]></document>
		<document><![CDATA[@angela_rye hi I just watched you on CNN - great job. Are you going to tweet out that link? cheers]]></document>
		<document><![CDATA[@MavJones I have had that damn treat tower out for days and days and not a whiff of the old timey well dressed couple!]]></document>
		<document><![CDATA[@MavJones cat puns are the wurrrrst! But that t-shirt is hawt.]]></document>
		<document><![CDATA[@Prof_K shared with office mates who hate all people. marginally helped.]]></document>
		<document><![CDATA[This changes EVERYTHING. https://t.co/6xqZVuar6y]]></document>
		<document><![CDATA[@docrobnuts GREAT monster of the week episode!! #XFiles2016]]></document>
		<document><![CDATA[@Prof_K watch out for TUBBS!]]></document>
		<document><![CDATA[@bencasselman Don't forget the bit about USA being the biggest, baddest, bestest country and it's not even close.]]></document>
		<document><![CDATA[@Arightside PRO-TIP: the word you are looking for is "authoritative" not "authoritarian".]]></document>
		<document><![CDATA[@MavJones my catbook is complete! I just need mementos from rare cats, which could take some time]]></document>
		<document><![CDATA[@MavJones the question mark on his forehead made me think of Shannon Hoon https://t.co/qCzbbWsJCK]]></document>
		<document><![CDATA[@MavJones ooo I didn't know he likes the lacquered bowl. He also likes the temari bowl. He seems a friendly chap.]]></document>
		<document><![CDATA[@MavJones I wish the tunes connected like a habitrail but then we'd never see them again]]></document>
		<document><![CDATA[@Prof_K one big fat locust]]></document>
		<document><![CDATA[@brianstelter was it like, "aww, poor l'il guy" or more like, "aww, don't be such a whiny twat"?]]></document>
		<document><![CDATA[@MavJones @linnyqat @KarenRamlall @docrobnuts @ModCloth I think it's Italian. #fragile]]></document>
		<document><![CDATA[@MavJones whoa.]]></document>
		<document><![CDATA[@1laurapaxton to be honest I was just saying that the article you linked to had several updates, the later ones confirming PP as the target]]></document>
		<document><![CDATA[@1laurapaxton here's another one for you... https://t.co/no2WWMvY4T]]></document>
		<document><![CDATA[@1laurapaxton suggest you read the article]]></document>
		<document><![CDATA[@MavJones @PlanCanada I love that goat. SHOP TODAY! Related: https://t.co/YprMHRebHn]]></document>
		<document><![CDATA[@MavJones @KarenRamlall "phallic logic" = new favourite]]></document>
		<document><![CDATA[@MavJones @Prof_K Addictive! https://t.co/4WdOsN8vul]]></document>
		<document><![CDATA[Not the goat. NOT THE GOAT! #TheWalkingDead]]></document>
		<document><![CDATA[Ha ha she's wearing Mishin gloves #SCI15]]></document>
		<document><![CDATA[@kwanette I miss Josée and her cute outfits! Still remember her American in Paris pink and orange dress.]]></document>
		<document><![CDATA[Why are some people tweeting the #SCI15 hashtag as if the ladies SP is live right now? Where are they watching from?]]></document>
		<document><![CDATA[@Puddinuon can I ask you where you are watching from? In Canada it's the men's SP showing live. Are you watching coverage from the US?]]></document>
		<document><![CDATA[I hope Mishin doesn't put that kid in gloves. #SCI15]]></document>
		<document><![CDATA[@CNNAshleigh Why not talk about sheriff's community-building approach to policing, inviting citizens to police the police?]]></document>
		<document><![CDATA[@CNNAshleigh that press conference was about so much more than whether it was the flipping or the tossing of the girl.]]></document>
		<document><![CDATA[@CNNAshleigh it didn't violate school policy, it violated the sheriff's policy. Jesus, pay attention. You're a "journalist". Words matter.]]></document>
		<document><![CDATA[@RudebwoyVybz phewf. As long as he's not in walker makeup! ;)]]></document>
		<document><![CDATA[He's not on Talking Dead either! Fingers crossed. My cat's paws are also crossed. https://t.co/V1a3X5ZAOh]]></document>
		<document><![CDATA[@MavJones @KarenRamlall @docrobnuts Can we find a bar with the Spanish feed for game 7? https://t.co/EoAm91QOhX]]></document>
		<document><![CDATA[@JacquieHoornweg @metromorning @rotmanschool he's playing the long game]]></document>
		<document><![CDATA[@metromorning I fondly remember watching the CAN-US semi-final in Sochi in 2014 at work, surrounded by friends, colleagues and the CEO.]]></document>
		<document><![CDATA[@MavJones @KarenRamlall perfection]]></document>
		<document><![CDATA[#McEnroe thanks Richard Williams for "doing the right thing" and "backing off", not for "RAISING TWO CHAMPIONS". #USOpen2015]]></document>
		<document><![CDATA[Love the poster held up in the crowd - "strong is beautiful". And her supreme confidence in herself even as a girl. https://t.co/bE490FwXXD]]></document>
		<document><![CDATA[Wish @megynkelly had given the God question to Trump. Would love to watch him squirm through Christianese blurbs and bluster. #GOPDebate]]></document>
		<document><![CDATA[Megyn Kelly: Coming up after the break... GOD! #GOPDebate]]></document>
		<document><![CDATA[@megynkelly representing the XX tonight. Great questions so far.#GOPDebate]]></document>
		<document><![CDATA[#GOPDebate has a total action movie Boom! GO. opening!]]></document>
		<document><![CDATA[EPIC @TheDailyShow clip of Jon Stewart, man on TV, including unexpected reference to #blumpkin]]></document>
		<document><![CDATA[@MavJones you must read this immediately. It can only improve what I'm sure is a great vacation! http://t.co/OoKyQLNoSY]]></document>
		<document><![CDATA[@mashable OMG and they covered it up? This is HUGE]]></document>
		<document><![CDATA[@Prof_K i still have that message saved. Wish I knew how to transfer it to a sound file.]]></document>
		<document><![CDATA[@Prof_K nice use of interrobang]]></document>
		<document><![CDATA[@Prof_K well that was uninformative. A very nice miaouw from that Lola!]]></document>
	</documents>
</author>