<author lang="en">
	<documents>
		<document><![CDATA[I'm behind but seriously does that Rob feast on the blood of virgins?!How does he have a 21yr old?!! #roomtoimprove]]></document>
		<document><![CDATA[Don't lie-we've all been that person talking to ourselves in the bathroom mirror absolutely fucked #FirstDatesIrl]]></document>
		<document><![CDATA[@thehuntman Seriously,I hadn't a clue.I googled "what was Arrival about?" afterwards!😂]]></document>
		<document><![CDATA[@nbrez If you're looking for retro-Flight of the Navigator,Film4,right now!🙌🏻]]></document>
		<document><![CDATA[Just watched that movie Arrival there-now I'd consider myself an intelligent person...but what the fuck was that all about?!🤔]]></document>
		<document><![CDATA[Unless it was laced with some form of poison-does anyone care?! https://t.co/OTbGcj4UKP]]></document>
		<document><![CDATA[Lads I cannot COPE with Sherlock tonight!!! 🙈🙈🙈 #SherlockFinale]]></document>
		<document><![CDATA[I've already had 3 cups of tea today.Doesn't bode well for the rest of the day...😴😴😴😴😴]]></document>
		<document><![CDATA[@KCsixtyseven Donegal without Christy Toye....I don't understand this world anymore!]]></document>
		<document><![CDATA[Not Christy!He had at least 10 more years in him surely!🙈🙈🙌🏻🙌🏻 😂 https://t.co/57bquwxjCL]]></document>
		<document><![CDATA[...rolls eyes so much they're currently at the back of my skull #Ridiculous https://t.co/5U8ZhK9ogc]]></document>
		<document><![CDATA[@SAORVIEW RTE2 has disappeared off my channel list and been replaced by UTV Ireland?!How do I fix this?]]></document>
		<document><![CDATA[@DoyleElained9 @people Haha lols!!You might be right!]]></document>
		<document><![CDATA[I was hungover and depressed until I switched this on-these 2 are my absolute favourites #pulllikeadog]]></document>
		<document><![CDATA[I'll always be Harry Potter's main bitch #HPForLife ⚡⚡#NewPJs https://t.co/XTkdcbhHpm]]></document>
		<document><![CDATA[Coincidentally I've decided I might start taking an interest in wrestling 🤔😍 https://t.co/oHZnFTeM4r]]></document>
		<document><![CDATA[@spin1038 Lash the coffee and Red Bull into ya's guys!💪🏻💪🏻😴😴 #FullyCharged27 https://t.co/S2wDbOkpfF]]></document>
		<document><![CDATA[When you make an effort for one night a year #XmasParty #TooManyShots 🙈 https://t.co/JGBzDkIYA8]]></document>
		<document><![CDATA[I always enjoyed the Newstalk commentary and the different players etc they had on.Disappointing.]]></document>
		<document><![CDATA[Some dickheads in the crowd at the snooker are so fucking disrespectful!Keep your mouths shut!Go on Mark!🍾 @markjesterselby #UKChampionship]]></document>
		<document><![CDATA[100% Ryan's lashing into the whiskey during the breaks #LateLateToyShow]]></document>
		<document><![CDATA[@thehuntman She is zero craic!😂 Get on the Skittlebombs pronto!]]></document>
		<document><![CDATA[Awh wee Donegal boy the the cutest!!Standard #LateLateToyShow]]></document>
		<document><![CDATA[@McgSeamus @BiffyClyro @aaronholmes88 Haha I'll keep an eye out for that!😂]]></document>
		<document><![CDATA[Couldn't be more excited for @BiffyClyro tomorrow night!Always an excellent gig! 👌🏻 #BeerMe]]></document>
		<document><![CDATA[@EamonMcGee Clearly no articles about it on Daily Mail  🙄 #WhatAWorld]]></document>
		<document><![CDATA[@LeanneBradley @Herdotie Scandalous really!🙈]]></document>
		<document><![CDATA[@LeanneBradley Has to be about 100grand for me then 🙈 https://t.co/iGEugvJlCQ]]></document>
		<document><![CDATA[My new blanket has a hood and basically I see no reason to ever leave the house again 👌🏻 #PennysHun https://t.co/P3cykpxykw]]></document>
		<document><![CDATA[I don't know much about rugby but that was a fucking awful tackle!Nearly took his head off! #IREvNZL]]></document>
		<document><![CDATA[Face on your one in blue in the audience though!😂 #NotAmused https://t.co/YtSV0PaVZL]]></document>
		<document><![CDATA[#Se7en is a cracker of a film like.Nothing like a bit of Brad in his heyday ❤️]]></document>
		<document><![CDATA[Still waiting for the reassurance that Christy Toye is going nowhere #SomeManForOneMan https://t.co/dPxZfr7LXk]]></document>
		<document><![CDATA[Honest to God-am I on Annual Leave yet??!😭😭😭 https://t.co/dla0nScF4W]]></document>
		<document><![CDATA[Larry Lamb for the win #ImACeleb #Gentleman]]></document>
		<document><![CDATA[Lidl has won the Xmas Ad battle all because of @soak singing on it #Amaze]]></document>
		<document><![CDATA[Nearly time #Yaaaassss #Biffy https://t.co/A2LNS8YruC]]></document>
		<document><![CDATA[Still have last nights makeup on and the only time I've gone outside is to throw my Dominoes boxes in the bin.Where did it all go wrong 😩]]></document>
		<document><![CDATA[@goss_ie @JamesKavanagh_ @LeanneBradley Fuck it anyway!]]></document>
		<document><![CDATA[So my friend lost his wallet in Coppers,I had no money left....how did we pay for the taxi home?!🤔 #Mystery]]></document>
		<document><![CDATA[@EamonMcGee Just wee Ryan McHugh being the cutest ever.Mark's there too but you know-Ryan. https://t.co/2fkvAKPPGY]]></document>
		<document><![CDATA[I can't get enough of these guys at the minute #NowPlaying Tidal Wave by Interpol ♫ https://t.co/oE0d9iflVe]]></document>
		<document><![CDATA[I've said it before-Society is slowly falling apart. https://t.co/ERaLg2e2P0]]></document>
		<document><![CDATA[@Siobhan2culture I just don't get it?When are you ever going to look at it?A loud video of you singing along in the background?😂]]></document>
		<document><![CDATA[Couldn't be happier that @McHughRyan got his first All Star!So well deserved 😬 #comhghairdeas 👏🏻]]></document>
		<document><![CDATA[I literally hate people who record video's on their phones at gig's.Why the fuck did you come like?Save your money and look at YouTube 🙄]]></document>
		<document><![CDATA[Everyone should watch #AskingForIt 👏🏻Incredibly thought-provoking.]]></document>
		<document><![CDATA[Movember time again-when you never know if a fella is actually doing Movember or just always has a creepy moustache #Confusing 🤔🤔]]></document>
		<document><![CDATA[This is the worst tv on a Bank Holiday ever-no chance of throwing on an aul film lads no?😔 #IKnowImBoring]]></document>
		<document><![CDATA[It's all gone to hell in a hand-basket https://t.co/nRrZVD4oLU]]></document>
		<document><![CDATA[Currently 14 hours into a 20 hour shift...will to live is slowly ebbing away 😩😩 #HurryUp8am #NeedMyBed]]></document>
		<document><![CDATA[Wondering why people were staring at me on the walk home-then I realised I wasn't miming along to my headphones-I was full on singing#Shame]]></document>
		<document><![CDATA[@TomBarr247 Broccoli and spinach?!Lucky escape I'd say 😜]]></document>
		<document><![CDATA[I hate people who drive in Bus Lanes which is why I never do it...apart from today...when I immediately got caught by the guards #FML 🙈]]></document>
		<document><![CDATA[@Yo_IM_JO I'm so pale so I use Neutral 1 for every day and then Neutral 2 when I have tan on!It's great coverage but not heavy at all!]]></document>
		<document><![CDATA[@Yo_IM_JO Shiseido Synchro Skin-I'd say it's honestly the best foundation I've ever used (and I've tried them all 😂)]]></document>
		<document><![CDATA[First night out since 2013 😂 @ Warehouse Bar + Kitchen https://t.co/wWSjL1mQP5]]></document>
		<document><![CDATA[If ye didn't take a selfie in the toilet-did you actually even go out like? @ Warehouse Bar +… https://t.co/XJiK5Vnjnc]]></document>
		<document><![CDATA[For some weird reason I absolutely love these Wimpy Kid films #SundayViewingSorted]]></document>
		<document><![CDATA[Managed to get all the yummy mummies out for the night! #SquadGoals https://t.co/pSToOyQXdG]]></document>
		<document><![CDATA[Such a coward 🙄 https://t.co/wixcJjbztr]]></document>
		<document><![CDATA[There's a tv remake of The Exorcist on and I'm just sitting here casually watching it like it won't freak the bejaysus out of me 🙈😱]]></document>
		<document><![CDATA[My goal in the gym is to be able to do chin-ups unassisted-tonight I actually managed 3.Not in a row obv's but progress is progress! 💪🏻😬]]></document>
		<document><![CDATA[My attraction to Freddie Flintoff grows each time I watch an episode of @ALOTO 😍]]></document>
		<document><![CDATA[@naomimc_cormick If you watch Gold Rush without me tomorrow we're finished as friends.We'll still be sisters but that's it!🤔🤔]]></document>
		<document><![CDATA[Raging the Donegal County Final isn't on tv today.Would love to see @KilcarGAA do it.23yrs is a fair while to wait #DonegalGaa]]></document>
		<document><![CDATA[Working on a Sunday has been made better since I've stumbled upon a Gold Rush marathon on Discovery #Delighted ⛏]]></document>
		<document><![CDATA[Sure ye wouldn't even have the jerseys washed and dried by then!🤔 https://t.co/KJEuDCztej]]></document>
		<document><![CDATA[@officialdonegal Ridiculous really 🙄]]></document>
		<document><![CDATA[@naomimc_cormick Christmas is coming......😬😬😬 https://t.co/nHnwznEMKL]]></document>
		<document><![CDATA[Welcome back weave-you've been missed 😬 #NewHuurrr https://t.co/E1I652k5nY]]></document>
		<document><![CDATA[@naomimc_cormick @Gold_Rush @Discovery Don't watch it till I get back on Friday!!]]></document>
		<document><![CDATA[@naomimc_cormick It's back on Tuesday night!!!😬😬👍🏻👍🏻🔨🔨⛏⛏⛏⛏ https://t.co/tFzIJ46cD8]]></document>
		<document><![CDATA[@naomimc_cormick I know.And I totally wouldn't have guessed that either.]]></document>
		<document><![CDATA[Have 1 episode of The Night Of left and I just Googled how it ends.I have no idea why I ruin things for myself constantly 🙄🙄 #Spoiler]]></document>
		<document><![CDATA[@naomimc_cormick LITERALLY the exact same time!So weird https://t.co/uO4iBFk3j4]]></document>
		<document><![CDATA[@KCsixtyseven I hate the way Ulster is left to last coz it's the only potentially interesting one]]></document>
		<document><![CDATA[Just please not the Preliminary Round....#UlsterSFC2017 #ChampionshipDraw]]></document>
		<document><![CDATA[Just heard Bob Dylan won a Nobel Prize.I'm only surprised coz I genuinely thought he was dead.🤔 Apparently not.]]></document>
		<document><![CDATA[@Siobhan2culture It isn't good like.Pile of cream on top is all you want!]]></document>
		<document><![CDATA[@Siobhan2culture I wouldn't thank you for anything with Marzipan on it let alone two bloody types! #Sick]]></document>
		<document><![CDATA[@naomimc_cormick Read a book there you might like-The Graces by Laura Eve.I predicted the end obv's but it only took me like 2hrs!l to read!]]></document>
		<document><![CDATA[Just found a load of popcorn in my bra.Successful cinema trip obviously 🙄👍🏻]]></document>
		<document><![CDATA[If I never drink another glass of gin again it'll be too soon #ChangingMyWays #MeanItThisTime 🙈]]></document>
		<document><![CDATA[@nigelcurran I'm convinced he only thinks of the most controversial things to say just to be provocative.]]></document>
		<document><![CDATA[The sad thing is I already know my hair will be shit again by about 10pm....🙄🙄🙄 #WhyDoIBother? https://t.co/1mwb5Z0DTh]]></document>
		<document><![CDATA[I would literally sit and watch The Simpsons from morning till night and never be like "I'm bored now" #ClassicTV]]></document>
		<document><![CDATA[@LeanneBradley Me every year around Christmas 😂 https://t.co/tpXxrrIo2v]]></document>
		<document><![CDATA[@HollyZena True story.I like some of their old stuff to be fair but swaying along to the music at a gig is not for me!🙈]]></document>
		<document><![CDATA[Weekend prep.....taking you from a 2 to a solid 5 real quick 👌🏻#TanAndTeeth 😂 https://t.co/nwphOupTl4]]></document>
		<document><![CDATA[@KCsixtyseven True-I never met a man as god looking when I lived there 😆]]></document>
		<document><![CDATA[Seems like I'm the only one who had Zero interest in getting Coldplay tickets 😴😴😴]]></document>
		<document><![CDATA[And the clock-watching begins.....is it 8am yet? #NightShift  😴😴😴]]></document>
		<document><![CDATA[Doing your make up in the car in the dark is a disaster waiting to happen-actually nearly poked my eye out with mascara there #CantSeeASty 🙈]]></document>
		<document><![CDATA[@Independent_ie @naomimc_cormick THE CRYSTAL MAZE!!!!OMFG!!]]></document>
		<document><![CDATA[I think as I've just seen this,everyone else should too 🙈 https://t.co/Bua9SAhkfz]]></document>
		<document><![CDATA[@thehuntman It's a bit weak alright!The teabags in work are shit!]]></document>
		<document><![CDATA[How's it only Wednesday like? 😴😴😴😴 https://t.co/xtBj6geIew]]></document>
		<document><![CDATA[One of the ONLY times I'm sorry there's no fella about...or that my daddy doesn't live with me in Dublin #HateThem… https://t.co/jtDcEexHKd]]></document>
		<document><![CDATA[Why have I never heard of these boys?! #Tune 🙌🏻#NowPlaying Bring the Bright Lights by Sunset Sons ♫ https://t.co/67lZcPkBR9]]></document>
	</documents>
</author>