<author lang="en">
	<documents>
		<document><![CDATA[You prefer to keep things to yourself today as you just don't ... More for Cancer https://t.co/iu13RX1vfr]]></document>
		<document><![CDATA[Some much needed alone time is on the agenda but the air seems... More for Cancer https://t.co/iu13RX1vfr]]></document>
		<document><![CDATA[Your appetite for success and recognition continues to grow, b... More for Cancer https://t.co/iu13RX1vfr]]></document>
		<document><![CDATA[Your vocational goals take center stage and it's time to see i... More for Cancer https://t.co/iu13RX1vfr]]></document>
		<document><![CDATA[Your arrow is aimed at the ideal vision of yourself and your n... More for Cancer https://t.co/iu13RX1vfr]]></document>
		<document><![CDATA[You're wondering if you heard someone right as words seem to d... More for Cancer https://t.co/iu13RX1vfr]]></document>
		<document><![CDATA[You're walking through life in a trance today, as if your pers... More for Cancer https://t.co/iu13RX1vfr]]></document>
		<document><![CDATA[The curtain is pulled back today, uncovering a cold harsh trut... More for Cancer https://t.co/iu13RX1vfr]]></document>
		<document><![CDATA[Whether you've been wanting to start your own business or rise... More for Cancer https://t.co/iu13RX1vfr]]></document>
		<document><![CDATA[A dissonant chord is struck between your head and your heart t... More for Cancer https://t.co/iu13RX1vfr]]></document>
		<document><![CDATA[Your desire to feel secure may be projected onto a close relat... More for Cancer https://t.co/iu13RX1vfr]]></document>
		<document><![CDATA[Your melancholy is hidden under the surface of the tough exter... More for Cancer https://t.co/iu13RX1vfr]]></document>
		<document><![CDATA[You might grow annoyed if you encounter a glitch in your day, ... More for Cancer https://t.co/iu13RX1vfr]]></document>
		<document><![CDATA[Your analysis of a current strategy may lead you through some ... More for Cancer https://t.co/iu13RX1vfr]]></document>
		<document><![CDATA[It's self-empowering to believe that you can accomplish anythi... More for Cancer https://t.co/iu13RX1vfr]]></document>
		<document><![CDATA[Sometimes you are so wrapped up in your emotions that you don'... More for Cancer https://t.co/iu13RX1vfr]]></document>
		<document><![CDATA[Your newfound self-sufficiency allows you to withdraw deeper i... More for Cancer https://t.co/iu13RX1vfr]]></document>
		<document><![CDATA[You will know if you recently overstepped your bounds by the s... More for Cancer https://t.co/iu13RX1vfr]]></document>
		<document><![CDATA[You may rush ahead and take unnecessary risks today, but impul... More for Cancer https://t.co/iu13RX1vfr]]></document>
		<document><![CDATA[The same ideas that you weren't sure about a few days ago now ... More for Cancer https://t.co/iu13RX1vfr]]></document>
		<document><![CDATA[The same ideas that you weren't sure about a few days ago now ... More for Cancer https://t.co/iu13RX1vfr]]></document>
		<document><![CDATA[The same ideas that you weren't sure about a few days ago now ... More for Cancer https://t.co/iu13RX1vfr]]></document>
		<document><![CDATA[The same ideas that you weren't sure about a few days ago now ... More for Cancer https://t.co/iu13RX1vfr]]></document>
		<document><![CDATA[There is no room for lazy thinking or careless communication t... More for Cancer https://t.co/iu13RX1vfr]]></document>
		<document><![CDATA[Stretching yourself to reach for a higher prize is a sound tac... More for Cancer https://t.co/iu13RX1vfr]]></document>
		<document><![CDATA[Although it may be back to work or school today, you wish you ... More for Cancer https://t.co/iu13RX1vfr]]></document>
		<document><![CDATA[Although it may be back to work or school today, you wish you ... More for Cancer https://t.co/iu13RX1vfr]]></document>
		<document><![CDATA[Although it may be back to work or school today, you wish you ... More for Cancer https://t.co/iu13RX1vfr]]></document>
		<document><![CDATA[Your mind is brimming with good ideas about nearly everything ... More for Cancer https://t.co/iu13RX1vfr]]></document>
		<document><![CDATA[Your mind is brimming with good ideas about nearly everything ... More for Cancer https://t.co/iu13RX1vfr]]></document>
		<document><![CDATA[Your mind is brimming with good ideas about nearly everything ... More for Cancer https://t.co/iu13RX1vfr]]></document>
		<document><![CDATA[Your mind is brimming with good ideas about nearly everything ... More for Cancer https://t.co/iu13RX1vfr]]></document>
		<document><![CDATA[You're happy to set aside this first day of the New Year for a... More for Cancer https://t.co/iu13RX1vfr]]></document>
		<document><![CDATA[You're happy to set aside this first day of the New Year for a... More for Cancer https://t.co/iu13RX1vfr]]></document>
		<document><![CDATA[You're happy to set aside this first day of the New Year for a... More for Cancer https://t.co/iu13RX1vfr]]></document>
		<document><![CDATA[You're happy to set aside this first day of the New Year for a... More for Cancer https://t.co/iu13RX1vfr]]></document>
		<document><![CDATA[Relationship issues may take precedence over holiday celebrati... More for Cancer https://t.co/iu13RX1vfr]]></document>
		<document><![CDATA[The heaviness of responsibility weighs on your mind today as y... More for Cancer https://t.co/iu13RX1vfr]]></document>
		<document><![CDATA[Your thoughts grow heavy as you replay the past year in your m... More for Cancer https://t.co/iu13RX1vfr]]></document>
		<document><![CDATA[You may feel so energetic today that you consider starting you... More for Cancer https://t.co/iu13RX1vfr]]></document>
		<document><![CDATA[A remarkable cosmic confluence turns the stormiest of circumst... More for Cancer https://t.co/iu13RX1vfr]]></document>
		<document><![CDATA[A remarkable cosmic confluence turns the stormiest of circumst... More for Cancer https://t.co/iu13RX1vfr]]></document>
		<document><![CDATA[Emotions run high as you do your best to adapt to changing dem... More for Cancer https://t.co/iu13RX1vfr]]></document>
		<document><![CDATA[Emotions run high as you do your best to adapt to changing dem... More for Cancer https://t.co/iu13RX1vfr]]></document>
		<document><![CDATA[Emotions run high as you do your best to adapt to changing dem... More for Cancer https://t.co/iu13RX1vfr]]></document>
		<document><![CDATA[It's easy to slip into overwhelm as the busyness of the season... More for Cancer https://t.co/iu13RX1vfr]]></document>
		<document><![CDATA[It's easy to slip into overwhelm as the busyness of the season... More for Cancer https://t.co/iu13RX1vfr]]></document>
		<document><![CDATA[It's easy to slip into overwhelm as the busyness of the season... More for Cancer https://t.co/iu13RX1vfr]]></document>
		<document><![CDATA[It's easy to slip into overwhelm as the busyness of the season... More for Cancer https://t.co/iu13RX1vfr]]></document>
		<document><![CDATA[Relationships are at the forefront of your mind today, and it ... More for Cancer https://t.co/iu13RX1vfr]]></document>
		<document><![CDATA[Relationships are at the forefront of your mind today, and it ... More for Cancer https://t.co/iu13RX1vfr]]></document>
		<document><![CDATA[Relationships are at the forefront of your mind today, and it ... More for Cancer https://t.co/iu13RX1vfr]]></document>
		<document><![CDATA[Strong emotions are more fleeting than you think today. The so... More for Cancer https://t.co/iu13RX1vfr]]></document>
		<document><![CDATA[You may be so lost in your thoughts that you consider taking a... More for Cancer https://t.co/iu13RX1vfr]]></document>
		<document><![CDATA[You may be so lost in your thoughts that you consider taking a... More for Cancer https://t.co/iu13RX1vfr]]></document>
		<document><![CDATA[You're in charge today and it seems as if nothing can stand in... More for Cancer https://t.co/iu13RX1vfr]]></document>
		<document><![CDATA[You're in charge today and it seems as if nothing can stand in... More for Cancer https://t.co/iu13RX1vfr]]></document>
		<document><![CDATA[You're in charge today and it seems as if nothing can stand in... More for Cancer https://t.co/iu13RX1vfr]]></document>
		<document><![CDATA[You're in charge today and it seems as if nothing can stand in... More for Cancer https://t.co/iu13RX1vfr]]></document>
		<document><![CDATA[You're not sure if a fledgling idea can stand on its own yet, ... More for Cancer https://t.co/iu13RX1vfr]]></document>
		<document><![CDATA[You're not sure if a fledgling idea can stand on its own yet, ... More for Cancer https://t.co/iu13RWJUnT]]></document>
		<document><![CDATA[There is a spiritual vibe lingering in the air today. The myst... More for Cancer https://t.co/iu13RX1vfr]]></document>
		<document><![CDATA[If you're wondering whether now is the right time to bring up ... More for Cancer https://t.co/iu13RX1vfr]]></document>
		<document><![CDATA[Attending to your own needs naturally flows into taking care o... More for Cancer https://t.co/iu13RX1vfr]]></document>
		<document><![CDATA[More often than not, what it really takes to resolve a conflic... More for Cancer https://t.co/iu13RX1vfr]]></document>
		<document><![CDATA[It's not always easy to find the words you're looking for when... More for Cancer https://t.co/iu13RX1vfr]]></document>
		<document><![CDATA[Sometimes the call for a personal time-out is too strong to re... More for Cancer https://t.co/iu13RX1vfr]]></document>
		<document><![CDATA[Your current idealism is admirable and acts as a powerful moti... More for Cancer https://t.co/iu13RX1vfr]]></document>
		<document><![CDATA[Unexpected events at work can be shocking at first, yet ultima... More for Cancer https://t.co/iu13RX1vfr]]></document>
		<document><![CDATA[There is a special kind of electricity in the air today that r... More for Cancer https://t.co/iu13RX1vfr]]></document>
		<document><![CDATA[You can think of countless ways to express what's in your hear... More for Cancer https://t.co/iu13RX1vfr]]></document>
		<document><![CDATA[An excessive amount of self-confidence encourages you to overs... More for Cancer https://t.co/iu13RX1vfr]]></document>
		<document><![CDATA[Expressing your desires sounds like a wise move today until so... More for Cancer https://t.co/iu13RX1vfr]]></document>
		<document><![CDATA[Your relationship world is enlivened with new people and exper... More for Cancer https://t.co/iu13RX1vfr]]></document>
		<document><![CDATA[Shaking off your lingering negativity is an uphill battle toda... More for Cancer https://t.co/iu13RX1vfr]]></document>
		<document><![CDATA[Your optimistic thoughts overpower your pessimistic doubts, tr... More for Cancer https://t.co/iu13RX1vfr]]></document>
		<document><![CDATA[Signals are mixed today as the cosmos tells you to narrow your... More for Cancer https://t.co/iu13RX1vfr]]></document>
		<document><![CDATA[You exude a graceful balance when interacting with people toda... More for Cancer https://t.co/iu13RX1vfr]]></document>
		<document><![CDATA[You may be quite willing to cut someone some extra slack today... More for Cancer https://t.co/iu13RX1vfr]]></document>
		<document><![CDATA[It's easy to misread a situation today and accept responsibili... More for Cancer https://t.co/iu13RX1vfr]]></document>
		<document><![CDATA[Making your dreams come true feels impossible today while you'... More for Cancer https://t.co/iu13RX1vfr]]></document>
		<document><![CDATA[Maintaining a consistent outlook on life is tricky today becau... More for Cancer https://t.co/iu13RX1vfr]]></document>
		<document><![CDATA[There may be a flurry of activity in your life today, even if ... More for Cancer https://t.co/iu13RX1vfr]]></document>
		<document><![CDATA[Relationships may be so complicated now that you long to get b... More for Cancer https://t.co/iu13RX1vfr]]></document>
		<document><![CDATA[Managing your energy is tricky business because you might have... More for Cancer https://t.co/iu13RX1vfr]]></document>
		<document><![CDATA[There are too many things happening today and not enough hours... More for Cancer https://t.co/iu13RX1vfr]]></document>
		<document><![CDATA[Although communication problems may create numerous headaches ... More for Cancer https://t.co/iu13RX1vfr]]></document>
		<document><![CDATA[You have something important to get off your chest today, and ... More for Cancer https://t.co/iu13RX1vfr]]></document>
		<document><![CDATA[The dynamics of interpersonal relationships are harder to unta... More for Cancer https://t.co/iu13RX1vfr]]></document>
		<document><![CDATA[You're called to push the limits of relationships today as pre... More for Cancer https://t.co/iu13RX1vfr]]></document>
		<document><![CDATA[Luck is on your side today and you don't even need to wave a m... More for Cancer https://t.co/iu13RX1vfr]]></document>
		<document><![CDATA[Your anger is stirred when someone tries to elicit your help t... More for Cancer https://t.co/iu13RX1vfr]]></document>
		<document><![CDATA[Your friends may be extremely surprised by your unconventional... More for Cancer https://t.co/iu13RX1vfr]]></document>
		<document><![CDATA[You need to choose your own direction today, rather than letti... More for Cancer https://t.co/iu13RX1vfr]]></document>
		<document><![CDATA[It's all too easy to rearrange the facts at work today and mak... More for Cancer https://t.co/iu13RX1vfr]]></document>
		<document><![CDATA[Maintaining your daily rhythm is more critical now if somethin... More for Cancer https://t.co/iu13RX1vfr]]></document>
		<document><![CDATA[You are emotionally secure in your inner world today yet you'r... More for Cancer https://t.co/iu13RX1vfr]]></document>
		<document><![CDATA[Although you may take yourself pretty seriously, your role at ... More for Cancer https://t.co/iu13RX1vfr]]></document>
		<document><![CDATA[Your imagination can transport you to magical places that rais... More for Cancer https://t.co/iu13RX1vfr]]></document>
		<document><![CDATA[Making healthy improvements in your lifestyle doesn't have to ... More for Cancer https://t.co/iu13RX1vfr]]></document>
	</documents>
</author>