<author lang="en">
	<documents>
		<document><![CDATA[Both men are qualified but I fell We need full-time person working on this 24-7. Ellison would not be able to devot… https://t.co/csgJMrk1EN]]></document>
		<document><![CDATA[@RalstonReports @Karoli @educationweek Devos not the lady for this position Think her money bought her this nomination.]]></document>
		<document><![CDATA[This has to be done To many quest unanswered https://t.co/WceOeXterV]]></document>
		<document><![CDATA[My gosh it would if made a difference. I also question why Obama didn't release this earlier https://t.co/PV18XnHEbm]]></document>
		<document><![CDATA[Make sure people get this right. Trump using Obamas name in this operation https://t.co/u7ZGUHVGvW]]></document>
		<document><![CDATA[@everydem @TomPerez @NBCNews Go Perez we need a fighter. No more nice guy]]></document>
		<document><![CDATA[If USA could force Trump to release taxes maybe would go up to 60%. https://t.co/Q3psTEjHV8]]></document>
		<document><![CDATA[Russia getting rid of his spy's who gave info on golden shower tape. Putin will hold tape against Trump. Supposedly… https://t.co/cHjdrheIXe]]></document>
		<document><![CDATA[Well call it like it is. Bannon is a white supremacist https://t.co/iYSXszTc2z]]></document>
		<document><![CDATA[@CharlesMBlow so what do we do. Keep on fighting and resist. Don't have the majority to stop this nonsense. More protests]]></document>
		<document><![CDATA[So go backward. This background check was a must. https://t.co/fvYKyykSx1]]></document>
		<document><![CDATA[Like u don't have pressure from McConnell. Had a meeting with u 2 vote Tillerson GOP made u run 4 Senate from Fl. A… https://t.co/JBKHFvo9iB]]></document>
		<document><![CDATA[A shake like I put u there now u do what I say https://t.co/ZxORJJiS1x]]></document>
		<document><![CDATA[This is very suspicious!!  Don't worry about his tough call says Trump. Millions of people are worried &amp; frightened. https://t.co/axwsdravkN]]></document>
		<document><![CDATA[Hello everybody Yemen raid got the ok by Trump. Obama had nothing to do with that situation.]]></document>
		<document><![CDATA[Don't think so. Dems are mad about Merrick. It's GOP seat in jeopardy because  of maniac Trump https://t.co/teXMMtCtOd]]></document>
		<document><![CDATA[Where is Chaffetz time to investigate https://t.co/68Vt9CW9Ye]]></document>
		<document><![CDATA[@VABVOX I'm worried will be tweeting like crazy today. He talked to Putin about this.]]></document>
		<document><![CDATA[@SenJeffMerkley what the heck. Is that what Trump talked to Putin about. Time to investigate Trump.]]></document>
		<document><![CDATA[@keithellison @WomenG4Hillary @realDonaldTrump it's crazy You would think watching a comedy show. How can GOP not be worried about a maniac]]></document>
		<document><![CDATA[Trump says fixes things that's what he does. Just like he fixed Trump U for a cost of $25 million &amp; his golf club Jupiter for $5 million.]]></document>
		<document><![CDATA[The problem if Milo would of spoken this protest could of got worse. Maybe this guy should speak in a different loc… https://t.co/E9UqQTSilC]]></document>
		<document><![CDATA[Arnold it's not your fault if rating are down. A lot of people boycotting The Apprentice because of Trump being ass… https://t.co/hn9ncNTlYa]]></document>
		<document><![CDATA[Sec. of State Tillerson can talk.  Let's see if can walk the walk.]]></document>
		<document><![CDATA[Arnold that's a great deal. Wish Trump would take up offer. I want to 😴 https://t.co/dB5qLLG7ZD]]></document>
		<document><![CDATA[Trump slams every deal Obama made dumb. Criticizes the deal with Australia about immigrants same way. Trump is the dumb guy no common sense]]></document>
		<document><![CDATA[Hope ground hog in NY right early spring. Americans need a breath of spring air. Trumps campaign mode is really getting stale!]]></document>
		<document><![CDATA[There we go again Trumps advisors coming to the rescue again after stupid remarks. Wonder he has to have his babysi… https://t.co/xk8pw1MAHp]]></document>
		<document><![CDATA[@jaketapper Jake you have to admit this man is insane. Can America survive 4 yrs.]]></document>
		<document><![CDATA[Trump is going to straighten out the world. He is destroying it. I'm watching yes things will be different; to destroy us all.]]></document>
		<document><![CDATA[Why is Trump talking about The Apprentice and Arnold. This is a prayer breakfast. Trump says to believe him don't think so.]]></document>
		<document><![CDATA[Every country sees what Trumo is except GOP and their leader McConnell https://t.co/vMvTypPwGa]]></document>
		<document><![CDATA[@DavidCornDC  Trumps camp always has to cover for his mistakes.]]></document>
		<document><![CDATA[How far will GOP let this man continue his nonsense. Guess everyday 4 for yrs will be protests if America survives… https://t.co/paHL3hPqqF]]></document>
		<document><![CDATA[Number one hypocrite. How this man is elected to serve the state of KY. Is beyond me. https://t.co/bcKFz8hPpT]]></document>
		<document><![CDATA[He accused Hillary of drugs &amp; Trump wanted her 2 take a drug test He was taking a hair growth drug which would of s… https://t.co/ceVQ1kXXQ2]]></document>
		<document><![CDATA[Come on GOP you got to stop Trump. Taking oil thought he go over this https://t.co/Nl6Ug5cUsz]]></document>
		<document><![CDATA[Couldn't of said it any better. https://t.co/1vud2NHnfP]]></document>
		<document><![CDATA[@niaCNN you hit it right on tonight Trump is shooting himself in foot and doesn't need to. Going to get us in deep trouble overseas]]></document>
		<document><![CDATA[Read very interesting. https://t.co/695eEjAEr1]]></document>
		<document><![CDATA[This man employed by Breitbart News. He has called Trump Daddy.  Good to protest but no damage to campus. https://t.co/RhM2iube8l]]></document>
		<document><![CDATA[Jeffrey Lord u  have your nerve 2 say like Nazis who are protesting. It's the speaker who is white Supremists Also… https://t.co/egWVVNhI7U]]></document>
		<document><![CDATA[I vote Tom Perez. We need a full-time person in that position.  Tom Perez will move DNC forward https://t.co/JQsXOgn9e9]]></document>
		<document><![CDATA[So sick of GOP saying Gorsuch is so qualified will be next Scalia. Merrick just as qualified]]></document>
		<document><![CDATA[Isn't this conflict of interest. When will this get investigated https://t.co/xPjs2rdVD4]]></document>
		<document><![CDATA[Yes that would be fair https://t.co/1u7bTz6x7F]]></document>
		<document><![CDATA[What the heck. Invade Mexico. What is Trump doing.  Only country he wants I guess is Russia. https://t.co/AFLEHWsxOC]]></document>
		<document><![CDATA[Also Trumps supporters drink that water https://t.co/Wmay97dWyv]]></document>
		<document><![CDATA[How much more money will he pay out. Trump supporters this is your great business man. https://t.co/e4VcjDclHU]]></document>
		<document><![CDATA[Ok for GOP to say things like this https://t.co/lavsFCjxQS]]></document>
		<document><![CDATA[What to go Franken; Cruz is a liar and has degraded so many people. Cruz is a hypocrite couldn't stand Trump now kisses his feet.]]></document>
		<document><![CDATA[Dems if Trump attacks you fight back. GOP wants  to go and change rules. GOP are so afraid of Trump they are doing what he says.]]></document>
		<document><![CDATA[Didn't Hatch say Dems were idiots. Now GOP taking maters in own hands. Dems time to protest.]]></document>
		<document><![CDATA[Cruz says people have spoken. Yes we did. Hillary won poplar vote. Trump won because of Russia &amp; Comey]]></document>
		<document><![CDATA[@CNN Samone Sanders is telling the truth. GOP wouldn't help Obama on anything. want us to agree on everything they do. No. Resist. Protest.]]></document>
		<document><![CDATA[Put that dossier out because don't know if Trumps hold on GOP will give up info. https://t.co/TC4DLJb8mw]]></document>
		<document><![CDATA[So GOP calling the rules now. What kind of country have we become. https://t.co/9hhhNcsx2n]]></document>
		<document><![CDATA[Tell you it's like a cult. Trumps supporters will believe anything. https://t.co/dykF5porSh]]></document>
		<document><![CDATA[Trumps wants something. Hope they don't fall for his lies. https://t.co/aqYdJfbjTo]]></document>
		<document><![CDATA[What the heck is going on here. We must fight and remove GOP from office in 2018 &amp; 2020. Trump is becoming a tyrant. https://t.co/J8SjRXqEUK]]></document>
		<document><![CDATA[Trump wants 2 destroy CNN what a shame. POTUS to dismiss is down right wrong. Boycott Fox which I do. https://t.co/IXMgz7kY0Z]]></document>
		<document><![CDATA[@PressSec @Reince @kayleighmcenany @AGGuiliani did Bannon bitch slap u. Is that why u r so afraid to stand up to Tr… https://t.co/OPsZXds7g5]]></document>
		<document><![CDATA[This sucks GOP pays Trump 4 use of his property. NY has to pay extra 4 protecting Trump &amp; his grown up children. Tr… https://t.co/5MbJZ57Zp7]]></document>
		<document><![CDATA[@tedcruz lying Ted Scalia passed away in Feb. Obama nominated him in March Not in middle of campaign. POTUS Obama at the time disrespected]]></document>
		<document><![CDATA[Forget this guy. Grandmother of autism child this is unfair. https://t.co/7mAwfzy1zm]]></document>
		<document><![CDATA[What the heck are you talking about. You never gave Garland any type of fair or honest consideration https://t.co/H9WeCn3FmX]]></document>
		<document><![CDATA[Sen. Merkley this is a stolen seat. Obamas nominee Merrick should be SCJ. GOP played the game so Dems need to win the hand Vote no Gorsuch]]></document>
		<document><![CDATA[Graham said Gorsuch is qualified. So was Merrick. Dems vote no. Don't give in. Obama was POTUS &amp;GOP didn't give a heck. No on Gorsuch!!]]></document>
		<document><![CDATA[Gorsuch wouldn't of been there if GOP would of picked Merrick Obama picked Merrick &amp; GOP treated him like he was nobody especially McConnell]]></document>
		<document><![CDATA[What does Trump sons have to do with nomination aren't they taking care of Trumps businesses. https://t.co/W8TBpFlTt1]]></document>
		<document><![CDATA[Sad when u think Merrick was a great pick for the job. https://t.co/L0ZAQCItXN]]></document>
		<document><![CDATA[Dems vote no on Supreme Justice nominee. Should be Merrick Garland https://t.co/5HF8x2VscJ]]></document>
		<document><![CDATA[Sorry wish would go against Trump but all GOP afraid to go voice their opinion They know Trump will destroy their c… https://t.co/VQdPmJtuRL]]></document>
		<document><![CDATA[Never watch. https://t.co/yC2zJCv2bh]]></document>
		<document><![CDATA[Well that's good to hear https://t.co/2dXqBBz9QF]]></document>
		<document><![CDATA[Same here after the way he talked about women pigs, nasty. Woman hate those words and yet they allowed Trump to con… https://t.co/mqShU8pCqX]]></document>
		<document><![CDATA[Can't believe thus. https://t.co/Y1KyTogcxu]]></document>
		<document><![CDATA[Is that why no ban on Saudi Arabia. https://t.co/VB6vqZHs8H]]></document>
		<document><![CDATA[Had a lot a disagreement with the Bush era but now they're beginning to look pretty good compared to Trump.]]></document>
		<document><![CDATA[Where have all the GOP morals gone. We r wasting his time. https://t.co/UnRdSgwCcX]]></document>
		<document><![CDATA[Another yes man. Waste of his time. https://t.co/4Hnp1oMYUm]]></document>
		<document><![CDATA[A laugh Guiliani head of cyber security. He knew something happening big when Comey produced 12 days before election the letter.]]></document>
		<document><![CDATA[What has Scott Baio done recently. Trump putting this statement out to see if any  tv producers will hire him. https://t.co/FnVP84PoxM]]></document>
		<document><![CDATA[Yes would like to know. https://t.co/eFN5Yv0Fmi]]></document>
		<document><![CDATA[Please run against Chaffetz. Power has gone 2 his head. . Guess now can look into daughters eyes and say oh Trumps not a p____ grabber]]></document>
		<document><![CDATA[This woman is numer 1 in my books. She stood up to a bully, racist and bigot. Woman in America we must stand up 4 r… https://t.co/FQMubXOaEL]]></document>
		<document><![CDATA[Does it hurt Trumps ego to know millions of people around the country don't have respect for him. UK, Mexico and US https://t.co/KbYHWd0YFC]]></document>
		<document><![CDATA[This statement by Trump is so mean. U would think a person who is holding the highest office in r country would hav… https://t.co/7j7LanljLq]]></document>
		<document><![CDATA[Watched Morning Joe a couple of times &amp; found Joe ok. If want 2 save rating get rid of Mika. Stays silent doesn't s… https://t.co/ONLZ3AAAfv]]></document>
		<document><![CDATA[I would hope Dems fight like crazy. GOP should not be filling this position Supreme Court. The GOP stole it now Dem… https://t.co/trWKNw9n8q]]></document>
		<document><![CDATA[Love Lindsey Graham but think he has this one wrong. He might not of said 2 lock her up but didn't speak up when cr… https://t.co/qcjFYHJeG9]]></document>
		<document><![CDATA[Sessions a extending hand 4 Trump. Trump mocked news reporter Sessions slammed a law protecting disabled  children.… https://t.co/46wrgaV8Dt]]></document>
		<document><![CDATA[What is new here. We have a POTUS who speaks without getting facts https://t.co/4BEiHipB6E]]></document>
		<document><![CDATA[Press a big story here. Do as Tea pain says. Something smells fishy here https://t.co/WeFC0htVWu]]></document>
		<document><![CDATA[Trump fired Yates because very weak. A woman stood up 2 him &amp; Trump can't take it. Give Yates a A &amp; GOP F being afr… https://t.co/r6DD9DuKqF]]></document>
		<document><![CDATA[Yes let's see if she even starts. Going to be hard to tackle no. 1 cyberbuller her husband Trump. https://t.co/hXXUVSKoh3]]></document>
		<document><![CDATA[Trump u have no heart. U keep making fun of Schumer fake tears well a mean person gets paid back in meaness. https://t.co/JijkX4jCOd]]></document>
		<document><![CDATA[GOP should be ashamed of themselves Obama had the right to Nominate the next Supteme Justice. Waited 10 mths. until… https://t.co/qlGWZxctXF]]></document>
		<document><![CDATA[Rep. Scalise says Dems not doing their job about Trumps appt. 2 Supreme Court. Well GOP &amp; McConnell didn't even give Merrick a interview.]]></document>
		<document><![CDATA[They won't find anything until Dems control of The Hill. 2018 &amp; 2020 will be an eternity until we can stop Trump po… https://t.co/l1WxaZV96C]]></document>
	</documents>
</author>