<author lang="en">
	<documents>
		<document><![CDATA[Really enjoying the show , TT is a very intelligent man https://t.co/8PHiwIq2C1]]></document>
		<document><![CDATA[Yes and the beautiful @Lennon_Courtney navy blouse  I love it https://t.co/PazvBbJq28]]></document>
		<document><![CDATA[Our dream girl @angelascanlon rockin canopisleeves @SundayIndoLIFE #supportinglocal https://t.co/IWR2bqAEXU]]></document>
		<document><![CDATA[Great fun in the collection , would make you want all the pieces ! https://t.co/Qrcu8Z8tcy]]></document>
		<document><![CDATA[Thrilled to be at the Lennon Courtney Spring launch in Dunnes stores Grafton street today 😀👗👠😍 https://t.co/y2xynkE9VM]]></document>
		<document><![CDATA[@BrendanCourtney and I always strike a Fair deal ! Lovely launch of @Lennon_Courtney @dunnesstores @bairbrepower https://t.co/IohEzOpY7b]]></document>
		<document><![CDATA[@angelascanlon @aaronjhurley @cloochy @daveydavey23 @TheSundayIndo you can come home whenever you like arms always open !]]></document>
		<document><![CDATA[Beautiful dress ! @RuPaul and make a different look by adding Canopi secret sleeves https://t.co/iCjgwJIDj9]]></document>
		<document><![CDATA[@auburnj @jilloneill Always delighted to see the business lady covered with Canopi @ Sherry Fitzgerald conference… https://t.co/8mz8GYe95G]]></document>
		<document><![CDATA[Up Munster! Only the best  @CeliaHolmanLee @1LouiseKennedy @MerrionHotel #lovethisplace https://t.co/BvdjYUiG7x]]></document>
		<document><![CDATA[#SleeveUp Outfit Inspiration Of The Day - #Vintage Romance 😍💕

#RTI If this is this your kind of  #fashion #style? https://t.co/jlv57cHAM2]]></document>
		<document><![CDATA[@GabrielleTeare when  shopping and the lady doesn't want sleeveless dresses pop to @FenwickBondSt ask for Canopi secret sleeves ! #sorted]]></document>
		<document><![CDATA[I heard you with SOR and you came across so well and very sincere ! Good luck to you and all residents https://t.co/IhSRBdOQDC]]></document>
		<document><![CDATA[So happy for you Sile ! https://t.co/6rYiWjitt2]]></document>
		<document><![CDATA[Could we get Oprahs favourite thing to be a Canopi sleeve , do you think ? Http//:https://t.co/06Eqa8oIbn https://t.co/QGWZqfaGZ7]]></document>
		<document><![CDATA[Congrats to all you guys , thrilled you got @TheoPaphitis attention I'm just gonna keep trying ! Here's to next week https://t.co/xWAyxMH7PH]]></document>
		<document><![CDATA[Sheerly amazing dance from @ThaliaHeffernan #DWTSIrl #DancingWiththeStars That dress tho 😍👍 Get the sheer look👉… https://t.co/sa50k9rOBF]]></document>
		<document><![CDATA[You should be we were cheering you on all the way @DrEvaOrsmond 👍 love your outfit again this week too 😘#DWTSIrl #DancingWithTheStars]]></document>
		<document><![CDATA[Well done @DrEvaOrsmond  👌🎉 yet again amazing https://t.co/KXXwsofM4A]]></document>
		<document><![CDATA[@TheoPaphitis Canopi creates solutions for ladies to hide the bad bits Bingo wings &amp; Camel toe , got them covered #small business #inittowin]]></document>
		<document><![CDATA[Thanks @IndustrialworX 😂👍]]></document>
		<document><![CDATA[Don't Get The Hump With Your Favourite Jeans 😞 Cover Up The Camel 🐪 With Canopi Camelia 👉https://t.co/IQ729F1Z9V https://t.co/ZrCXLNW0EU]]></document>
		<document><![CDATA[Behind the scenes peak at yesterday's filming @UlsterBank 😀👍#customerservice #business #Entrepreneur https://t.co/qTpc8pqNww]]></document>
		<document><![CDATA[@ELLEUK great to see people opening their eyes to others on the street ! Means someone gave this beautiful girl recognition she deserved]]></document>
		<document><![CDATA[@theellenshow it's my birthday tomorrow , just put 2 after the 5 and tell Cookie I remember him really well… https://t.co/ZYOHhm7N5h]]></document>
		<document><![CDATA[Exciting day here in Canopi HQ 😀

@UlsterBank are coming to talk to me about being a #GirlBoss #Entrepreneur https://t.co/DTG3hLOF1T]]></document>
		<document><![CDATA[@tommytiernan wouldn't you think we see and hear enough of   Ray Darcy ?   just turning off now]]></document>
		<document><![CDATA[@sadhbh_dunne @DrEvaOrsmond you can't beat a touch of sparkle ✨✨ #DancingWiththeStars]]></document>
		<document><![CDATA[Loving @DrEvaOrsmond 's sparkly sleeves on #DancingWiththeStars Get the look 👉https://t.co/xi5lk1VSIv https://t.co/Eon5Uu3nKf]]></document>
		<document><![CDATA[@Brendancourtney is one of those guys that is always trying to make things better for people , #changefairdeal https://t.co/I9TUZvP3t0]]></document>
		<document><![CDATA[cathyocstylist's video https://t.co/HUgOyQ6hVN just love it when the stylist is Happy      and covered !https://t.co/IMDEAaJhY2]]></document>
		<document><![CDATA[See you there @josephamadigan  you are a doer ! https://t.co/GsQGUaxIkW]]></document>
		<document><![CDATA[Hey you budding entrepreneurs get that application in to @dragonsden its a fantastic experience , I loved it and we… https://t.co/jHptbZNeTd]]></document>
		<document><![CDATA[Don't shy away....Thigh away 
The lovely @CathyOstylist tries our new Canopi Camelia 💕👌 https://t.co/Klr7nX22wJ]]></document>
		<document><![CDATA[Always worth supporting @BCResearchIre  happy to be associated with this research #canopiforbreastcancer https://t.co/how2tonLuI]]></document>
		<document><![CDATA[It's always great when a stylist gives your direction ! You feel more confident choosing what to wear ! https://t.co/ngfN9jWY1q]]></document>
		<document><![CDATA[The camel called she wants her toe back....cover it with Canopi Camelia 😉👍🐪👡#fashion #finds #Accessories https://t.co/sX0WD4xQwy]]></document>
		<document><![CDATA[Do you hate the Camel toe on view , I do ! Fear no more we got you covered https://t.co/IMDEAaJhY2]]></document>
		<document><![CDATA[Need to glam up in a hurry?
Add subtle lace details to your sleeves by clipping on a Canopi 👌🏻 👠… https://t.co/20wo4s5Vci]]></document>
		<document><![CDATA[You are a great lady Celia ! Thank you always for your support for Canopi #motherofbride #bridesmaids https://t.co/cz0cqh8iVJ]]></document>
		<document><![CDATA[Thank you to @LayaHealthcare for my prize of the Gratitude diary . Will def be putting to good use #lovewinning https://t.co/zfHpPt3U7V]]></document>
		<document><![CDATA[Yes please @theopaphitis #sbs https://t.co/cGLC5zNmBe]]></document>
		<document><![CDATA[Gosh it was fantastic tonight ! Such talent ! @thevoiceuk @EmmaWillis https://t.co/JL9MyEoGLg]]></document>
		<document><![CDATA[Cosy treat @dromolandcastle  great start to business 2017 #sleeveadventure #wearingcanopicamelia https://t.co/PTgovci71j]]></document>
		<document><![CDATA[So the secret us out..Introducing the Canopi Camelia Abdo band tummy cover..when your tops don't quite cover enough… https://t.co/kSi4BsxUKe]]></document>
		<document><![CDATA[So the secret us out..Introducing the Canopi Camelia Abdo band tummy cover..when your tops don't quite cover enough… https://t.co/K7YCegk5yh]]></document>
		<document><![CDATA[@PickwicksBoutiq lovely photos , you need new ones of Canopi sleeves , must send you ! Happy New Year]]></document>
		<document><![CDATA[I did miss it , I can't seem to get the days right , thought today was Sunday .  will get there next week Theo . Ha… https://t.co/a0A4Dg5jpr]]></document>
		<document><![CDATA[Happy new year For real business , the art of selling is history the promise of education is the future ! #2017 https://t.co/kCzV8eLWHC]]></document>
		<document><![CDATA[Thinking of adding sparkles to your dress for NYE pop into @Arnotts for Canopi sleeves JOLIE and your sorted ! Happ… https://t.co/DOvGixHehI]]></document>
		<document><![CDATA[Sue is going for Gold this year on #NewYears eve 🎉 ✨ 💕 @FenwickBondSt https://t.co/4Pv15Jh7EI]]></document>
		<document><![CDATA[@PantiBliss  watched doc on  TV so real  . Loved your gear , would Canopi secret sleeves work in your wardrobe ?… https://t.co/LZwItx6JdW]]></document>
		<document><![CDATA[#WIN a sparkly pair of Jolie sleeves &amp; diamantè earrings from @FranandJane just in time for New Years

Enter here ☞… https://t.co/H9QEJDIzb3]]></document>
		<document><![CDATA[Driving to Tipp to collect my Mum and I felt I was part of @GrahamNorton3 Duneen in Holding , no phone coverage in Golden  love the book !]]></document>
		<document><![CDATA[Tonights sleeves choices....endless possibilities 👠 ✨

To sparkle or not to sparkle?

#Sleevestyle #CanopiSleeves https://t.co/WIdwLx6xOo]]></document>
		<document><![CDATA[All that glitters really is Gold ✨ ✨ ✨

#HappyChristmas #Canopi #Gold https://t.co/E8SYIevxdT]]></document>
		<document><![CDATA[Thanks so much Sinead @CareertoLove @Tweetinggoddess]]></document>
		<document><![CDATA[@BibiBaskin @Tweetinggoddess thanks we sell online too :)]]></document>
		<document><![CDATA[Thanks @DBpsychology @Tweetinggoddess it's all about the details 😍 #LoveChristmasTime #BuyfromanSMEthisXmas]]></document>
		<document><![CDATA[You are a great model for Canopi  Helene , matches your dress perfectly ! Hope your meetings go really well , thank… https://t.co/nvQEYYzdQq]]></document>
		<document><![CDATA[I just love that @grahnort that the O Donovan boys left you their medals , shows how much they trust you and wanna return  #enjoytheglory]]></document>
		<document><![CDATA[You'll love my biz @TheoPaphitis  it's all about Women and arming them with confidence https://t.co/PSqNfydUjC #sbs… https://t.co/ns0I0wYWMz]]></document>
		<document><![CDATA[@rte @one4allireland #techireland #happyxmas]]></document>
		<document><![CDATA[Loving all sheer sleeves @SCD2016UK  #getthelook  https://t.co/PSqNfydUjC coco https://t.co/SdAzQEz1kr]]></document>
		<document><![CDATA[I love the sheer sleeve on this dress! You have a great sense of style Gabrielle https://t.co/PDKS1OFXzI]]></document>
		<document><![CDATA[@Miriammargolyes  isnt she just fantastic on the @RTELateLateShow just makes me laugh #sobrilliant #sofunny]]></document>
		<document><![CDATA[@homesweethome @thelatelateshow @SVP_Ireland fantastic initiative  let's all get behind this #Christmas living]]></document>
		<document><![CDATA[@LindaBPlant Pop into @FenwickBondSt Hosiery to try @CanopiSleeves , you'll love them #armedwithconfidence #ladyboss https://t.co/yE5TovF7mW]]></document>
		<document><![CDATA[@LindaBPlant really enjoyed the apprentice this pm ,you were very challenging. Model Canopi secret sleeves for me please ? Say Yes !]]></document>
		<document><![CDATA[This would be fab with Canopi sleeves Helene ! @brayolaShop #magnificent #confidence booster https://t.co/DsY1zWHM0K]]></document>
		<document><![CDATA[He's a very generous man ! Well done @GavinDuffy @daniellamoyles #fullycharged27 https://t.co/uhDtm4HZkM]]></document>
		<document><![CDATA[Thank you Ruth ! Great tip https://t.co/tzd9mBNfA8]]></document>
		<document><![CDATA[The art of selling is History , the promise of education is the Future ! Know why you need something #BuyfromanSMEthisXmas]]></document>
		<document><![CDATA[My coined phrase "The Art of selling is History , the promise of educating you is the Future ! Learn and understand why things work !]]></document>
		<document><![CDATA[@rnrjewellery @Tweetinggoddess @Rnrjewe12345678 really glad that you are happy with your sleeves don't forget to take some #sleeveselfies 😀]]></document>
		<document><![CDATA[Love this time of year especially when you hear magnificent  music and carols sung by beautiful Sopranos #celinebyrne #womeninspire]]></document>
		<document><![CDATA[Thanks so much @TheBuffDaySpa 😀😀😀💪]]></document>
		<document><![CDATA[What an honour and a privilege it was to speak at the girls at Loreto School in Dalkey today about being a… https://t.co/gHUGCdTegN]]></document>
		<document><![CDATA[These Canopi Helene are flying out , make sure you get yours before Xmas, 
https://t.co/rBOV2lAG04]]></document>
		<document><![CDATA[Delighted to be @loretoabbey Dalkey TY , competition for best creative  pic of Sleeve posted to Instagram , Mums Xm… https://t.co/JmuTf0GJyc]]></document>
		<document><![CDATA[@LayaHealthcare @aocdotme wow thanks that is amazing 😍delighted to have won thank you so much 🎉🎉🎉]]></document>
		<document><![CDATA[Fireworks on Friday 😂✨ #fridayfeeling https://t.co/cZSRzU9Myn]]></document>
		<document><![CDATA[You gotta tell @Gleb_Savchenko about Canopi , lots of dancers adding sleeves @FenwickBondSt for their ballroom danc… https://t.co/h3qD5vlVjY]]></document>
		<document><![CDATA[Brilliant article ! love that @CandiceHuffine says dressing should be fun ! Add Canopi sleeves and all your wardrob… https://t.co/91Tb5U9A4c]]></document>
		<document><![CDATA[I found the most fab pressie for kids ! @rascalreads where the book is personalised with a photo of the child and R… https://t.co/AT2BW9NYTy]]></document>
		<document><![CDATA[Love the idea of closet calm , well done for thinking of us and our chaotic wardrobe dilemmas ! @aocdotme https://t.co/9jDaFMBeHx]]></document>
		<document><![CDATA[Sleeves rolled up getting stuck into the important staid before the big speech tonight. Check out my vid👇https://t.co/EVzWTb673L]]></document>
		<document><![CDATA[@Tweetinggoddess thanks Samantha 😍👌always glad to buy Irish #BuyfromanSMEthisXmas #christmas]]></document>
		<document><![CDATA[Thank you Joan for your support and for your reccomendations https://t.co/OEF9834YVJ]]></document>
		<document><![CDATA[Very true 👌💪@bucksean1 @DragonsDenRTE @Alisoncowzer @magpie_ie]]></document>
		<document><![CDATA[Thanks so much @fimchugh #supportlocalthisxmas 😀💪]]></document>
		<document><![CDATA[Thanks so much @declanfahy @rte 😀😀😀#dragonsden]]></document>
		<document><![CDATA[Thanks so much for the support @mister_jenks]]></document>
		<document><![CDATA[Just in case you missed it the first time.. you have a second chance to see me take on the dragons tonight at 8pm o… https://t.co/0YuwB4WDd1]]></document>
		<document><![CDATA[Fantastic to see Canopi worn to best advantage by Orchestra conductor on @peopleawards @RTEOne ,fabulous choir https://t.co/kJJzp961lv]]></document>
		<document><![CDATA[I agree ,it's a door opener in business ! @DragonsDenRTE https://t.co/9Y9vtP1V2g]]></document>
		<document><![CDATA[Thanks @Concorde travel @BCResearchIre  ! @CanopiSleeves extends Charity give for Dec 10% of sales , Xmas gifts ,… https://t.co/RwrDOVznT2]]></document>
		<document><![CDATA[DCU MPS | 24 Hour Broadcast 2016 Charity Reveal - Could this be you?what an inspiring young lady . Have a listen  https://t.co/Cuf6OpqE5v]]></document>
		<document><![CDATA[Magnificent Christina Belle jewellery ! Half price ! perfect Xmas gift ! https://t.co/dZ5CY6LdWR]]></document>
		<document><![CDATA[Lorraine from @StyleBoothique creates an ethereal look with Canopi for our Breast Cancer Research photoshoot. 😍 👉… https://t.co/dCMy23vjsD]]></document>
	</documents>
</author>