<author lang="en">
	<documents>
		<document><![CDATA[@TiareTawera tautoko e hoa. Thanks for that reminder!]]></document>
		<document><![CDATA[Fly My Pretties. Waiheke Island. Cable Bay Vineyards. Come. 🥂https://t.co/TunbYHJa7V]]></document>
		<document><![CDATA[@puawai_ all the gifs!!! Haha. Have a beautiful cocktail or 10 xx]]></document>
		<document><![CDATA[@Rachel__Swan bit of trolling happening on your part I think - your profile leaves little to be desired. No friends and only msgs to me...]]></document>
		<document><![CDATA[@kowhiringa @Rachel__Swan that's right. It's been engrained so much its normalised. We must change that.]]></document>
		<document><![CDATA[@Rachel__Swan We live in a country of Māori place names. It's a basic courtesy really. Our names have been butchered for too long.]]></document>
		<document><![CDATA[Ain't is a contraction of am not, has not, is not. Come at me with something better dawg. #thisguy https://t.co/lkv829n8ok]]></document>
		<document><![CDATA[It should be mandatory for all @FlyAirNZ cabin crew to say Māori place names correctly. Tow-wrong-gah ain't cutting it anymore sorry.]]></document>
		<document><![CDATA[I finally know who I am. 😂 https://t.co/8TltoZqEb6]]></document>
		<document><![CDATA[@MaryHadStan I'm excited. Haven't been to a wedding in ages! Thanks kare, hope you're well xx]]></document>
		<document><![CDATA[My niece is getting married today in the church my great-great grandfather built in the 1800's. Love and family is beautiful. ❤🙏🏽]]></document>
		<document><![CDATA[@MaikiSherman beautiful e hoa! Well done xx]]></document>
		<document><![CDATA[@SethHaapu there's also those of us who continue to do it for love well after too xx]]></document>
		<document><![CDATA[I liked a @YouTube video https://t.co/qN39SZM3CV Beyoncé &amp; Bruno Mars Crash the Pepsi Super Bowl 50 Halftime Show | NFL]]></document>
		<document><![CDATA[I liked a @YouTube video https://t.co/9CPU0HR7Lz Hollie Smith - Water Or Gold (NZ Live Acoustic Session)]]></document>
		<document><![CDATA[@patelejoelolo thank you very much!! Glad you are enjoying it x]]></document>
		<document><![CDATA[Listening to Marvin Gaye Live at the London Palladium 1976. What a dude. What a voice. 😱#mercymercyme]]></document>
		<document><![CDATA[Fly My Pretties National Tour. Come through this Jan whānau! https://t.co/aM6RSrfnGR]]></document>
		<document><![CDATA[Ria Hall - Love Will Lead Us Home: https://t.co/OpSu0yV8Kv via @YouTube]]></document>
		<document><![CDATA[@tonicarty @FlyMyPrettiesNZ @YouTube thank you very much xx]]></document>
		<document><![CDATA[@tbpassengermus I hope you get to one day too 😄]]></document>
		<document><![CDATA[@puawai_ yay cuz! Thanks so much. It's a nice departure for me aye xx love you xx]]></document>
		<document><![CDATA['Love will lead us home' is out! Let's get it to number 1 - we need more love in the world! https://t.co/oENgdkv31v… https://t.co/xyqlzPhk2y]]></document>
		<document><![CDATA[@nzonairmusic so very grateful. It means so much x thank you x]]></document>
		<document><![CDATA[@Russell_Baillie @chefumnzm incredible! You must be proud of your dad bro xx]]></document>
		<document><![CDATA[@DylanC_c @nzonairmusic @Loopcrew all the love! Xxx]]></document>
		<document><![CDATA[@Loopcrew @13thFloorNZ that's very kind. Thank you ☺️]]></document>
		<document><![CDATA[@AndrewWhiteside so lovely to meet and chat with you Andrew!!! Thank you for coming in to hang xx]]></document>
		<document><![CDATA[@FlyMyPrettiesNZ @Tikidub @YouTube Is it? Oh wow lol ☺️]]></document>
		<document><![CDATA[Excited to have @AnnaCoddington brand new album in my sweet little hand!!!! So stoked for you my mate!! #luck/time https://t.co/mqiHrILiJT]]></document>
		<document><![CDATA[@nzonairmusic @AlienWeaponry I love these boys. They buzzed me out big time last year with their song about Pukehinahina! #fangirling]]></document>
		<document><![CDATA[@kaupapamaori stay strong e hoa mā xx]]></document>
		<document><![CDATA[@TAMaipi that right there is some buuuulllsheeeeeit lol]]></document>
		<document><![CDATA[@FlyMyPrettiesNZ missing you all too!! Xxx that's so sweet xx]]></document>
		<document><![CDATA[@TwoPaddocks fantastic picture of Ralph Sam! Aroha x]]></document>
		<document><![CDATA[@RobRuha #auff is right caaz! Ain't nobody got time fo' dat!!!]]></document>
		<document><![CDATA[@SonnyBWilliams saw you at Ponsonby central this morning, wishing you a speedy recovery!! ✊🏼]]></document>
		<document><![CDATA[Come to our show tonight Auckland. It's worthy. @FlyMyPrettiesNZ 👌 https://t.co/U5mmAWqB4V]]></document>
		<document><![CDATA[I don't give a shit what people say. @ValerieAdams84 is the absolute epitome of her sport. Incredible. Mana wahine! #Rio2016]]></document>
		<document><![CDATA[@TheRickiLee I needed to read that! Thanks Rick. Hope you're awesome x]]></document>
		<document><![CDATA[@TAMaipi not too old for those meke filters bro. Oh the joy 😂]]></document>
		<document><![CDATA[@FlyMyPrettiesNZ @nzmusicmonth @nzonairmusic @RadioHaurakiNZ @MoanaEte @_BaileyWiley_ @IllsWinter I love that I'm wearing Ridgeline. JS]]></document>
		<document><![CDATA[Kia Ora @nzonairmusic for the tautoko!!!! Xxx https://t.co/3py493G0mv]]></document>
		<document><![CDATA[@TAMaipi @Olympics @Primetv_NZ yaaaaaas brotha!!!!! Hard work pays off. Well done mate xx]]></document>
		<document><![CDATA[@DAMIENFILMSOUND you're more than welcome e hoa!]]></document>
		<document><![CDATA[@DAMIENFILMSOUND and thank you for the compliment too ☺️🙈☺️]]></document>
		<document><![CDATA[@DAMIENFILMSOUND that was our kura song at Tauranga Girls'. Those were the days ☺️]]></document>
		<document><![CDATA[@SethHaapu hey Seth x couldn't hear much last night but love the kaupapa xx hope you guys are awesome! Miss you's xx]]></document>
		<document><![CDATA[Come.

(Especially to Tauranga this Sat!!) https://t.co/rGsVu7nKeU]]></document>
		<document><![CDATA[@CookIslands @JonsRaela @danbell13 I'm going there in October! Can't wait 😋]]></document>
		<document><![CDATA[@martynpepperell Martyn! Long time!! Hope you're awesome too xx]]></document>
		<document><![CDATA[@chipmatthews hehe yes I agree!! That's just to appease the amateurs lol]]></document>
		<document><![CDATA[@chipmatthews haha. We got the bases covered cuz 😁]]></document>
		<document><![CDATA[@QueenJath awwww thanks darling xxx]]></document>
		<document><![CDATA[@kvegas23 Kia Ora Kerry thanks heaps! You guys were mean too, and congratulations! #matarikiawards16]]></document>
		<document><![CDATA[@LizzieMarvelly what a dick!]]></document>
		<document><![CDATA[@huihoppa house of cards. Kevin Spacey and Robin Wright are amazing. There's like a million eps to get thru though! Enjoy]]></document>
		<document><![CDATA[Kendrick Lamar is coming. HOLY SHEEEEIT. Best news ever! #mar19 #Igotabonetopick]]></document>
		<document><![CDATA[@nzonairmusic Kendrick!!!!! My heart is pounding!!!!!!]]></document>
		<document><![CDATA[@YurokGuy stunning. The skirt is very similar to what we Māori wear in Aotearoa (New Zealand). We call it a piupiu, made from flax]]></document>
		<document><![CDATA[Matua Steve - beautiful to see you on the field. Humility at its finest. I'm so proud of our team. Getting teary. 🇳🇿🇳🇿🇳🇿]]></document>
		<document><![CDATA[@MasterCardUK it ain't over until it's over....]]></document>
		<document><![CDATA[@KiaOraWilly haha, bit like our country's state of affairs....]]></document>
		<document><![CDATA[@TwoPaddocks @FlyMyPrettiesNZ Kia Ora Sam - so sweet of you! Wow! Mihi kau atu ana ki a koe, hope you are happy and healthy ❤️]]></document>
		<document><![CDATA[Kia Ora. I've been off Twitter for a while, back to see what's good. 👌]]></document>
		<document><![CDATA[Family first always. Go my little cuz! #teambeau ❤️]]></document>
		<document><![CDATA[@SethHaapu hello my friend. Thank you so much!! That's so kind! You were exquisite. The best kaupapa aye!! ❤️]]></document>
		<document><![CDATA[Vibes hard listening to @GeorgeFM with the bro @theloggcabin selektah!]]></document>
		<document><![CDATA[Watching my beautiful friend Mel Parsons take over the Mount! Amazing babes 👌@CapeRoad http://t.co/MWguUm8i0A]]></document>
		<document><![CDATA[My 1st trip to Watch JMC rugby and there's some interesting attire choices. Highly entertaining shit.]]></document>
		<document><![CDATA[Where the f$&amp;@ do you get cardamom pods from? #help]]></document>
		<document><![CDATA[@chipmatthews Mike Fab and Jarney Murphy. Solid as fuck.]]></document>
		<document><![CDATA[I know the Kumeroa whānau well. Such a beautiful woman. Moe mai ra e te tuahine #nativeaffairs]]></document>
		<document><![CDATA[Keeping it real as always, pāpā Hone. Bullshit! #nativeaffairs]]></document>
		<document><![CDATA[May the fourth be with you #riagotjokes]]></document>
		<document><![CDATA[Go @NZRL_Kiwis 💪🏾💪🏾 and the nef Russ Walker singing the anthem tonight!! #excited]]></document>
		<document><![CDATA[Tune into @maoritv at 9:30pm for 'Arohaina Mai' a special #ANZAC concert hosted by @tamawaipara and I. Lest we forget ❤️]]></document>
		<document><![CDATA[From the top of the stands learning a fair bit - not bad for a Kiwi! @stkildafc @CarltonFC #saintsnz http://t.co/mIaUC39Wen]]></document>
		<document><![CDATA[Chilling after anthem duties at the @AFL @stkildafc @CarltonFC checking out the sites! http://t.co/ONtK9wGuIx]]></document>
		<document><![CDATA[Kei wareware tātou. Lest we forget. We will remember them!
#ANZAC #priceofcitizenship http://t.co/1DjpMSAJfh]]></document>
		<document><![CDATA[@johnnyrollins_ an amazing day to have the @AFL @stkildafc @CarltonBlues1 in Wellywood! #AFLNZ #AnzacDay http://t.co/LgSazdVugb]]></document>
		<document><![CDATA[Watching @BreakfastonOne at the Airport on route to Wellington for @AFL and see @stkildafc being interviewed #AFL http://t.co/qvUZ7bYrxI]]></document>
		<document><![CDATA[Excited about performing this Anzac Day at the @AFL match between @stkildafc and @CarltonFC - at the field and then the fan zone! #AFLNZ]]></document>
		<document><![CDATA[@RobRuha @tamawaipara bloody amazing cuz....what a mean day we've had!! Xxx]]></document>
		<document><![CDATA[@FiNZ63 @ANZ_NZ absolutely agree😊]]></document>
		<document><![CDATA[@FiNZ63 @ANZ_NZ I love the picture, hence my retweet. My koroua were in the Māori Battalion, so I understand the deeper sentiment implicitly]]></document>
		<document><![CDATA[@RobRuha @TroyKingiMusic @tamawaipara mean cuz! Keep letting your light shine 💡]]></document>
		<document><![CDATA[@martynpepperell no, but I have mentored them both. @tamawaipara and @maiseyrika are assisting them further in their journey ☺️]]></document>
		<document><![CDATA[@martynpepperell yes, TK Gardiner-Toi and Sherydon Ngaropo-Te Tai. They haven't released anything yet but they will soon ✌️]]></document>
		<document><![CDATA[@CapeRoad hi babes! Hope you aren't missing me too much hehe!!! Xxx]]></document>
		<document><![CDATA[@KingPMoney @SidDiamond86 beautiful work, brothers. ✌️👌]]></document>
		<document><![CDATA[Shot my bro @vinceharder you were dope tonight! Aroha nui e hoa 😄]]></document>
		<document><![CDATA[Pet hate - incompetence. Be professional rather than casual in a business situation. Being Māori doesn't give license to be the latter.]]></document>
		<document><![CDATA[@Gabstar11 thank you very much for your kind words, I really appreciate that! Hope you enjoyed the rest of the blues fest!!!]]></document>
		<document><![CDATA[@GlennontheGC @FlyMyPrettiesNZ @blank_gc @BluesfestByron thank you very much xxx it's an honour to be here xx]]></document>
		<document><![CDATA[@BradleyGGarner @FlyMyPrettiesNZ oh thanks so much! You're an amazing visionary with that lense...thank you for the shots ☺️]]></document>
		<document><![CDATA[@Apanui_haka @maraediy So...gives us an excuse to go to the ngahere for a hunt lol]]></document>
		<document><![CDATA[Going off the grid to Maungapohatu for the week. Karanga mai Te Urewera me te kore reception @maraediy ❤️]]></document>
		<document><![CDATA[How is traffic still teetz in Auckland at 10:21am? It ain't peak hour, WTF!!! Sort it out bay....]]></document>
		<document><![CDATA[@mvlgrimace @1stanwalker @sosblakaust I'm already on it! You'll see my pic tonight!]]></document>
	</documents>
</author>