<author lang="en">
	<documents>
		<document><![CDATA[a very productive Sunday #thebeatles #lego #yellowsubmarine https://t.co/Pwaw0Mv5Yg]]></document>
		<document><![CDATA[Could listen to @AndyLeeBoxing talk about boxing all day. What an analyst and what a gentleman and a credit to Ireland 🇮🇪]]></document>
		<document><![CDATA[@GaryLineker Spot on]]></document>
		<document><![CDATA[When you are struggling with form you pick your strongest 11 and forget Tuesday. Rebuild confidence not play  bloody kids #Lfc #Liverpool]]></document>
		<document><![CDATA[I feel like I'm being made watch this as punishment for something #LIVWOL #Liverpool]]></document>
		<document><![CDATA[What a play #juliojones #riseup]]></document>
		<document><![CDATA[I've seen some unbelievable #NFL comebacks but surely this is dead and buried]]></document>
		<document><![CDATA[@Aidan187 On fire 🔥]]></document>
		<document><![CDATA[Well that's my #sunday evening sorted. Build pictures to follow #lego #thebeatles https://t.co/bTy3jPxu9i]]></document>
		<document><![CDATA[@LetzBrealistic Well they are not and it's day one so god knows what they will be calling him next week. Incompeten… https://t.co/Y17nZGKfMh]]></document>
		<document><![CDATA[Watching #cnn and #FoxNews there seems to be a very conscious decision to keep referring to him as #DonaldTrump not #PresidentTrump]]></document>
		<document><![CDATA[@ctreacy1987 @Aidan187 Telegraphed 😫]]></document>
		<document><![CDATA[@ctreacy1987 @Aidan187 is that curtains?]]></document>
		<document><![CDATA[@Aidan187 great TD]]></document>
		<document><![CDATA[Take note @EndaKennyTD @realDonaldTrump real people in real jobs https://t.co/H4OYc4VS4q]]></document>
		<document><![CDATA[@MarkLeckey hey. You're exhibition @MoMAPS1 blew my mind and I thank you sir.]]></document>
		<document><![CDATA[Definitely one of the highlights of my #nyc trip #markleckey @ #momaps1  blew my mind #art https://t.co/zluyxXZ40v]]></document>
		<document><![CDATA[This time last weekend. #newyear2017  #roscoeny https://t.co/aF48ozGdGO]]></document>
		<document><![CDATA[@Aidan187 @ctreacy1987 @Peadar85 @DecB1 @jimjoe78 My 2 year old nephew Conor Cooke would have been better]]></document>
		<document><![CDATA[@ronanmchugh @eoghanmchugh Ha ha. U confident? Off Monday to watch Green Bay Giants.]]></document>
		<document><![CDATA[@eoghanmchugh Conor Cooke not doing anything for the family name]]></document>
		<document><![CDATA[Great New Years, with great friends #roscoe #newyork @ Roscoe, New York https://t.co/L3ip0dIcHj]]></document>
		<document><![CDATA[Before and after #5pointz 😩#nyc #queens #graffiti https://t.co/t4TvzCKUeG]]></document>
		<document><![CDATA[#NYC roof top #graffiti https://t.co/06N7sEIJ6I]]></document>
		<document><![CDATA[Fools Gold Bar #nyc #thestoneroses roses https://t.co/i7JNyQinyH]]></document>
		<document><![CDATA[Old Skool #nyc #graffiti #revs #cost https://t.co/LyO9Tm4otR]]></document>
		<document><![CDATA[Happy Christmas Eve Everyone. But please spare a thought for the poor staff of Nakatomi Plaza still suffering from PTSD. #HappyHolidays]]></document>
		<document><![CDATA[This day last year this little legend passed on. #rip #jacob shine on you crazy diamond 💎 https://t.co/Pt8HcEDfLe]]></document>
		<document><![CDATA[Bravo @AerLingus bad enough our flight to Newark is delayed an hour. Now we are waiting for passengers who are over an hour late.]]></document>
		<document><![CDATA[Quigg making a meal of this #JoshuaMolina]]></document>
		<document><![CDATA[@dublingraffiti hey do you know who the artist is. Spotted up by 3 arena https://t.co/QaAMGv7Svr]]></document>
		<document><![CDATA[#westofireland https://t.co/q3UEXW9jHy]]></document>
		<document><![CDATA[@DrKateWhittaker a bright brave young woman. Good for her.]]></document>
		<document><![CDATA[This country is going to the dogs. When u see @Conor14Cusack begging for help. 16 suicides in 16 days in cork. What a tragic waste of life]]></document>
		<document><![CDATA[RIP @sharonjones another great gone.  https://t.co/MUp1s8cNjV]]></document>
		<document><![CDATA[@eoghanmchugh loving the new Tribe album.]]></document>
		<document><![CDATA[Good result that.]]></document>
		<document><![CDATA[@ctreacy1987 what a game]]></document>
		<document><![CDATA[@DrUmarAlQadri top job tonight Dr. Doing D15 proud. Much love and respect.]]></document>
		<document><![CDATA[After watching the @ThreeIreland Christmas advert my five year old niece asked "can you feel happy and sad at the same time" how cute.]]></document>
		<document><![CDATA[Jay cutler is absolutely septic #chicagobears just when u think he can't be any worse. He delivers]]></document>
		<document><![CDATA[Miss this little fella. https://t.co/uA5LyGFkFA]]></document>
		<document><![CDATA[USA 320m people and can call an election in a few hours. It takes us 4 days of muldoons counting ballots in GAA halls #USElection2016]]></document>
		<document><![CDATA[My proudest moment on twitter. #kayburleytroll 22 Times Kay Burley Responded Perfectly To Trolls On Twitter https://t.co/RjkfkGRt8J]]></document>
		<document><![CDATA[Hey @colinpdempsey @KayBurley is in #NYC you know what you have to do. #ElectionDay]]></document>
		<document><![CDATA[This is going to go to penalties #UniversityChallenge]]></document>
		<document><![CDATA[Here's hoping this comes to pass. Donald Trump Is Going To Get His Ass Kicked On Tuesday https://t.co/afRhLK4occ]]></document>
		<document><![CDATA[Not sure which was the biggest upset today #ireland beating the #AllBlacks or my car passing the NCT #IREvNZL]]></document>
		<document><![CDATA[@Bernard_Dunne give him a right hook please 👊🏻]]></document>
		<document><![CDATA[@Aidan187 @ctreacy1987 @ginobo Honey G playing a blinder.]]></document>
		<document><![CDATA[@ctreacy1987 @Aidan187 my cousin there from Seattle with a gang of lads Mick Sullivan's bro enda with them.]]></document>
		<document><![CDATA[Best of luck to @CastleknockGAA today. What an unbelievable achievement for such a young club. Do Dublin 15 proud.]]></document>
		<document><![CDATA[NCT Time. Pain in the arse. Should be out on the #bike in that weather #cycling]]></document>
		<document><![CDATA[. @England what a shower of grasses https://t.co/4i40ZunaQu]]></document>
		<document><![CDATA[Got beeped by a van driver this morning for not breaking a red light. I've seen it all now #cycling in #Dublin]]></document>
		<document><![CDATA[Really sad to see @TXFMDublin go. 😢. Great tunes brought to you by interesting and passionate presenters. What now?? Back to cds in the car]]></document>
		<document><![CDATA[@Aidan187 did y have 1,2 in the golf?]]></document>
		<document><![CDATA[Early morning listening @Shacknetuk #hmsfable pure genius https://t.co/e9PctK4hw7]]></document>
		<document><![CDATA[What a super read. @PaulKimmage interviews @John_Kavanagh . What an honest and interesting article.]]></document>
		<document><![CDATA[Great way to start @FoodCityFest at  @wuffd7 as always stunning food and service. Great night with @GinaBo]]></document>
		<document><![CDATA[@colinpdempsey check out @WeWantPlates very funny 😂😂😂]]></document>
		<document><![CDATA[@ctreacy1987 early holidays for @Yankees]]></document>
		<document><![CDATA[The #TeamUSA blue trousers look straight out of @SportsDirectUK #RyderCup2016]]></document>
		<document><![CDATA[I think @McIlroyRory needed a nap after front 9. Looks spent. #RyderCup]]></document>
		<document><![CDATA[#NFL #RyderCup2016 #RedSox #PremierLeague #LaLiga AHHH MY HEAD]]></document>
		<document><![CDATA[Brekkie again in @lo_calkitchen this morning. Great food as always but as always shocking service and no one ever seems to be managing???]]></document>
		<document><![CDATA[@MatthewLysaght more like the Wicklow county final.]]></document>
		<document><![CDATA[Dean Rock has some temperament. Could be the difference #DUBvMAYO]]></document>
		<document><![CDATA[@Guzzler4 proper atmosphere. Hearing them singing grace was pretty epic]]></document>
		<document><![CDATA[#WOMEN get off your bloody phones when driving #cycling in #Dublin]]></document>
		<document><![CDATA[@ctreacy1987 headcase makes for great watching. U seen BBC NFL show. On Tuesday and Saturday really good]]></document>
		<document><![CDATA[@ctreacy1987 this is one of the best games I've seen in ages]]></document>
		<document><![CDATA[@ctreacy1987 awesome. more money than sense]]></document>
		<document><![CDATA[@ctreacy1987 did u see the behind the scenes at cowboys training centre on sky. Absolutely insane]]></document>
		<document><![CDATA[@eoghanmchugh good game considering lack of td's]]></document>
		<document><![CDATA[@eoghanmchugh great play #SEAvsLA]]></document>
		<document><![CDATA[@EmmaLouArtist great performance Emma and band. Well deserved]]></document>
		<document><![CDATA[@ctreacy1987 really enjoyed it. Loved Rafa.]]></document>
		<document><![CDATA[@ctreacy1987 https://t.co/4HWcwDNnQQ great listen your club is in safe hands #rafa]]></document>
		<document><![CDATA[@ctreacy1987 is it safe to update??]]></document>
		<document><![CDATA[Give Kolo half the gate #testimonial #BARvCEL #celtic]]></document>
		<document><![CDATA[@ctreacy1987 ha ha that's the 2016 equivalent of been sent to the phone box in the rain to ring your nanny. Ha ha the inconvenience]]></document>
		<document><![CDATA[Traveller tip. Best #mosquito repellent as discovered by the #sas in the jungles of Belize by accident https://t.co/b4Qn53PUFK]]></document>
		<document><![CDATA[#GoBears #CHIvsHOU]]></document>
		<document><![CDATA[@Jarlath thanks for the hours of amazing interviews. Perfect poolside entertainment. Donation on the way.]]></document>
		<document><![CDATA[The Georgia tech cheerleaders describing the #irish potato famine through interpretative dance 😂😂😂 https://t.co/DCLhPNglfC]]></document>
		<document><![CDATA[@Aidan187 really looking forward to it]]></document>
		<document><![CDATA[@Aidan187 hey. Are u getting johns what's app msg's about tomorrow?]]></document>
		<document><![CDATA[Why doesn't #apple just pay the Irish government the 13 bill and then Enda just buys us all a new phone and laptop everyone wins #AppleTax]]></document>
		<document><![CDATA[Loving the #Waterfordwalls what an amazing project. Some stunning pieces bravo to the artists and bravo to all at @WaterfordWalls]]></document>
		<document><![CDATA[Watching Cartoon Network with my 5 year old niece  WTF the cartoons are nuts]]></document>
		<document><![CDATA[Jaysus I'm bored of the @premierleague already.]]></document>
		<document><![CDATA[Fun day planned with my niece and @GinaBo https://t.co/gAXe6gxT0x]]></document>
		<document><![CDATA[Roadblock on the N81 Brittas #ireland https://t.co/A5p6nBGkvj]]></document>
		<document><![CDATA[@Aidan187 @publinie what was worse was him trying to justify it. Sad state of affairs loved that place. ☹️]]></document>
		<document><![CDATA[@publinie eh lads you can take Frank Ryan's of your list it has nosedived. Tried to pass this off as ok. #criminal https://t.co/RvydoTIEjN]]></document>
		<document><![CDATA[@Elainegrange great day.]]></document>
		<document><![CDATA[The sight of young  #LGBT couples walking around #Dublin holding hands really makes me happy and makes me feel that my vote counted#voteyes]]></document>
		<document><![CDATA[Everything Sadio Mané does is positive. His runs his passing it's refreshing to see. #LFC]]></document>
		<document><![CDATA[For the love of God klopp give Ings a run #LFC]]></document>
	</documents>
</author>