<author lang="en">
	<documents>
		<document><![CDATA[@Huw_Badman pretty stripped out compared to the 2004. Massive autolysis flavours but still has the soul of a Thomas Hardy's after so long!]]></document>
		<document><![CDATA[1988 Thomas Hardy's vs 2004 Thomas Hardy's #BlatantBeerBrag #BeerAsOldAsMe https://t.co/FQa1xNK81j]]></document>
		<document><![CDATA[@kyhwana don't walk through the bus tunnel! #squish]]></document>
		<document><![CDATA[@yeastieboys finally cracked this one, aged beeeeautifully.]]></document>
		<document><![CDATA[#freshisnotbest
Lots of sherry aged notes, works really wel... (PKB Remix 2009 (Stout Mix)) https://t.co/NKrTHXeysn #photo]]></document>
		<document><![CDATA[@baylandsbrewery the head is gonna be so pink!]]></document>
		<document><![CDATA[@baylandsbrewery woo! What a colour!]]></document>
		<document><![CDATA[Loving Liberty at the airport again. Off to Nelson for the weekend. ... (Elixir Bright Ale) https://t.co/df1UrzuSk4 #photo]]></document>
		<document><![CDATA[@MeganWegan such a great jacket though.]]></document>
		<document><![CDATA[Your not in Nelson 'till your first pint of @townshends Old House at The Free House. Tasting bloody perfect. https://t.co/DvjKCN6tFq]]></document>
		<document><![CDATA[@twistedlogicnz @thelincolnlab @DemiseG it's pretty rough - need lots of beer to keep hydrated in this 28°C heat.]]></document>
		<document><![CDATA[Another bloody excellent afternoon at @thelincolnlab. Is now a must-do whenever we come to Chch. https://t.co/DPomglZvoL]]></document>
		<document><![CDATA[Tagging along with the @sobanz Christchurch xmas walkabout. Excellent so far, discovering new pubs &amp; pub dogs. https://t.co/iuN2rG5ws7]]></document>
		<document><![CDATA[So good having decent beer at the Airport Bar! 
Tasting great too.... (Oh Brother) https://t.co/kGkiWhKRRk #photo]]></document>
		<document><![CDATA[@twistedlogicnz butts are natural and totally SFW #freethebutt]]></document>
		<document><![CDATA[@twistedlogicnz my butt looks great in that photo]]></document>
		<document><![CDATA[@twistedlogicnz oooh really? Which email?]]></document>
		<document><![CDATA[@craftbeercoll @NZbeercalendar here you go Steph 😘 😘 ♥ https://t.co/idJOM0q6AR]]></document>
		<document><![CDATA[It's @rarahsobson on live tele! You hear funny things watching pre-media conference live streams :-P https://t.co/zV4frqRkJ5]]></document>
		<document><![CDATA[@mjwd @annikakes will whip the pdf up tonight and social media it out tomorrow. Then I'll hack away at individual articles for a week or so!]]></document>
		<document><![CDATA[@ChoiceBros how late is Husk open till tonight? Super late? Or super super late?]]></document>
		<document><![CDATA[A night of delicious food &amp; great beer at Salt &amp; Wood Waikanae. @Northendbrewing beers taste amaze @ the source. Wo… https://t.co/wvGLG7eQ51]]></document>
		<document><![CDATA[@smrtgirl you know what you did.]]></document>
		<document><![CDATA[The Rodenbach whanau: Classic, Grand Cru and Caractère Rouge. https://t.co/pUjNoid4bK]]></document>
		<document><![CDATA[Katrina's awesome top on @CheckpointRNZ is brightening my day. So good! https://t.co/B65yCvLwU5]]></document>
		<document><![CDATA[Looks like #eqnz somehow flattened our tyre? Can shaking do that? wasn't like that yesterday! https://t.co/sUrHG6RXYT]]></document>
		<document><![CDATA[Religious. - Drinking a Thomas Hardy's Ale (2004) @ Wellington Artificial Limb Centre - https://t.co/XtVrZxPh3U #photo]]></document>
		<document><![CDATA[@meganjwhelan I feel sorry for our neighbours. Surprised no one called the cops tbh. 🏉 😤 🚨]]></document>
		<document><![CDATA[Fitzpatrick's American Brown Ale is great again. https://t.co/KpeOycfI2g]]></document>
		<document><![CDATA[@BeermarkNZ New branding for Pilsner and Aotearoa Pale Ale, not new beer.]]></document>
		<document><![CDATA[@sobanz If Beery McBeerface wins can we then name the beer "RRS Sir David Attenborough"?]]></document>
		<document><![CDATA[@MeganWegan ummmmmm. I vaguely remember that too but can't remember what it was.]]></document>
		<document><![CDATA[Sports Journalist @DemiseG on the tele today! @HoppedUpJewelry too. https://t.co/aMwIPqAzlR]]></document>
		<document><![CDATA[@NZMorningReport @DemiseG links to "Double murder suspect in standoff with Cook Island police" netball's a lot more violent these days?]]></document>
		<document><![CDATA[@phil_cook @ThiloFobes also "ideally we don’t win any prizes" - ???]]></document>
		<document><![CDATA[In case you missed it, turns out IPONZ actually granted a trademark on a hop name back in March: Tomahawk. Cancelle… https://t.co/v3zl5Wl6dN]]></document>
		<document><![CDATA[A great blog from @jonogaluszka “'a rebranding should improve recognition of your beers, not create confusion'” https://t.co/EvsBpdGh86]]></document>
		<document><![CDATA[@asher_boote glad you like it, it's a damn cool beer that one. Almanac can pretty much do no wrong :-P]]></document>
		<document><![CDATA[Daaaaaank and tart — Drinking a Hoppy Sour: Citra by @AlmanacBeer at @hashigozake  — https://t.co/R37sKkXSIn #photo]]></document>
		<document><![CDATA[Today on trademark shenanigans: Dominic weighs in on #AmarilloGate and previews #KapaiGate https://t.co/TJienJlwNr]]></document>
		<document><![CDATA[@SomeGuyCalum @TuataraBrew you would think so... Which is why I'm interested in Tuatara's thinking beind the application.]]></document>
		<document><![CDATA[@TuataraBrew care to offer any insight into why you thought you should have the Trademark on the name of a hop being used widely across NZ?]]></document>
		<document><![CDATA[@timnicholas it's not trade marked in NZ though.]]></document>
		<document><![CDATA[@BarnBocock 'Farmhouse Ale' was actually granted last year.  SOBA opposed and it was smartly withdrawn. 'Kapai' is another upcoming one.]]></document>
		<document><![CDATA[@BarnBocock not an agreement,its law that you cant TM these sorts of terms.Theyll never get it but the fact that they're trying says a lot.]]></document>
		<document><![CDATA[In this episode of trademark shenanigans: @TuataraBrew try to trade mark 'Amarillo'. What the hell? #NotYoursToOwn https://t.co/o9X6PilYyx]]></document>
		<document><![CDATA[The room exploded when @ChoiceBros won their trophy! Great stuff Kerry! https://t.co/F9Bd164f0d]]></document>
		<document><![CDATA[Takoyaki &amp; @Garage_Project Pernicious Yuzu Weed is an excellent match @grillmeatsbeer. 2 courses to go! https://t.co/jwsCcCmsA2]]></document>
		<document><![CDATA[Cedar plank salmon @grillmeatsbeer matched with @Garage_Project Rosé de la Valée. Redonk @sobanz beer matching. https://t.co/mPAKSqb1db]]></document>
		<document><![CDATA[@DemiseG @gunnafanz @Rachlistic I'm so proud of you.]]></document>
		<document><![CDATA[Yuuuuuum. - Drinking a Zwanze 2016 - Cantillon Framboise @ Garage Project Taproom - https://t.co/6xx9mj467a #photo]]></document>
		<document><![CDATA[@NZbeercalendar @jedsoane @craftbeercoll naked calendar shoot? Surely you mean naked calendar *shoots*]]></document>
		<document><![CDATA[18 years on, still spectacular - Drinking a Benediction 1998 by Australis at @hashigozake  — https://t.co/IDnr1uP21f #photo]]></document>
		<document><![CDATA[Shirts are overrated. https://t.co/2w169BX70J]]></document>
		<document><![CDATA[Heading out to @162Karori for the @yeastieboys line cleaning tonight, been a while since I've been to K-Town!]]></document>
		<document><![CDATA[@buzzandhum @HashigoZake @Northendbrewing I learned how to draw dagrons from Strongbad himself.]]></document>
		<document><![CDATA[@stoneandwood anyone distributing Pacific Ale in NZ at the mo?]]></document>
		<document><![CDATA[Denise's team won their semi final 29-12, East 13 in the final next week! https://t.co/QvmlnYq2WD]]></document>
		<document><![CDATA[Denise's opinion article is front page on RNZ! https://t.co/0o6pDi1h4T]]></document>
		<document><![CDATA[@astVintageSpace you popping over to New Zealand while you're on this side of the globe?]]></document>
		<document><![CDATA[@JBmcleods stop reading untappd reviews Jason :-P]]></document>
		<document><![CDATA[Two years ago today apparently. @wildwoollybeer &amp; @TiamanaBrew's place has filled out a bit since. https://t.co/bqj3tKbDzb]]></document>
		<document><![CDATA[The band and the acrobats are on form at #GABS2016 AKL!! https://t.co/uGK11XzPpI]]></document>
		<document><![CDATA[28 lovely taps all ready for @sobanz #WAF16 tomorrow! Not pictured, 3 lovely handpumps courtesy of @southstarbrew. https://t.co/4g8mt66DkO]]></document>
		<document><![CDATA[@hoppysquire good piggyback game you two. https://t.co/pee6WhkX7O]]></document>
		<document><![CDATA[Martinborough sucks so far https://t.co/mOCGcH73DC]]></document>
		<document><![CDATA[@smcoutts @hoppysquire @DaveTheBeerGuy @DemiseG just arrived at our place, settling in]]></document>
		<document><![CDATA[@smrtgirl steve says I'm sexy #tigerblood #winning #NeverGiveUp #MakeAmericaGreatAgain @SchtevHersch https://t.co/hMWqM0RXLG]]></document>
		<document><![CDATA[@smrtgirl @DemiseG #gothemaroons https://t.co/EE51J6BAEg]]></document>
		<document><![CDATA[@smrtgirl I'm still in it #stubborn https://t.co/mx98wvddzQ]]></document>
		<document><![CDATA[@smrtgirl @DemiseG still winning https://t.co/LOmLzvAV6l]]></document>
		<document><![CDATA[@smrtgirl @DemiseG @theJDuce SO ITCHY. https://t.co/KZlOnmC9Rz]]></document>
		<document><![CDATA[@theJDuce @DemiseG @smrtgirl Checking in. Starting to irritate my skin. You might win. https://t.co/O2LDDAMJV5]]></document>
		<document><![CDATA[@Da_Waa @DemiseG @ThrstyBtches possibly a reason for my 'illness' yesterday :-P]]></document>
		<document><![CDATA[This is a fried chicken burger in a frosted doughnut bun with seaweed salad.It tastes as you expect #fomovanhaarlem https://t.co/hB31o72kD1]]></document>
		<document><![CDATA[Full glass of @KaijuBeer Betelgeuse RIIPA -  best IIPA I've had in Aus! #fomovanhaarlem #GABS2016 https://t.co/GdQbSg5z0X]]></document>
		<document><![CDATA[@scottjpalmer @Van_NZ @smrtgirl @Da_Waa got us a spot right next to the jenga #gameon #fomovanhaarlem https://t.co/60Jw0k87Fc]]></document>
		<document><![CDATA[First paddle at #GABS2016 peanut brittle &amp; choc banana ones are wild #fomovanhaarlem https://t.co/YEvoRXsMpY]]></document>
		<document><![CDATA[Fried chicken at Rockwell and Sons just as excellent as last year's pop up! I ate most of a chicken. Happiness. https://t.co/mp2NhBnXvr]]></document>
		<document><![CDATA[Shao long bao can be hard to eat, but so delicious. @DemiseG https://t.co/WGxJfpcGnq]]></document>
		<document><![CDATA[Working up a dumpling hunger at Mrs Parmas with @DemiseG. Mornington Sorachi Kolsch &amp; Bad Shepherd Oatmeal Stout. https://t.co/je9dHESw9q]]></document>
		<document><![CDATA[@yeastieboys if I see her I'll give her a hug from you 😁]]></document>
		<document><![CDATA[@smcoutts Herpy derp day. Here's a candelabra at our Fitzroy place I thought you might like. https://t.co/Dz3EiGscpZ]]></document>
		<document><![CDATA[@theJDuce the doughnuts are good https://t.co/SGRLG6kczD]]></document>
		<document><![CDATA[@theJDuce found your dream intersection. Cheese bar opposite a doughnut shop. https://t.co/8VROVY3MKy]]></document>
		<document><![CDATA[@ajoneil @mandrewnz yup! Got a season pass. All up in Melbs till next Monday.]]></document>
		<document><![CDATA[@Jforced @DemiseG defo. We're staying in Fitzroy near the rainbow hotel for a week. Not much planned yet!]]></document>
		<document><![CDATA[@Jforced Jaaaake! Yeah! @DemiseG &amp; I will be all up in your town in five hours.]]></document>
		<document><![CDATA[A couple quick @panheadbrewery before heading through customs. Off to Melbourne we go! https://t.co/7qj7mgv9oL]]></document>
		<document><![CDATA[@smcoutts installed any apps recently? Check the battery usage tool to see what apps are using the most power.]]></document>
		<document><![CDATA[@radionz what are the "Panana Papers"? ;-P https://t.co/PIp1zoiwwq]]></document>
		<document><![CDATA[My double pork @the_ramen_shop tonkotsu was SO GOOD. Now hoping to help @DemiseG finish hers... https://t.co/skkrvpfFRa]]></document>
		<document><![CDATA[@phil_cook Is the footnote format also a troll specially for @beertownnz? :P]]></document>
		<document><![CDATA[@KateLJordan @twistedlogicnz @BeerIQ @sobanz 
Go on go on go on, it's a blast! https://t.co/ogoDbrVuta]]></document>
		<document><![CDATA[@yeastieboys hope you're not taking screen shots of my nudie ones ;-) miss you too Stu!]]></document>
		<document><![CDATA[Pre-tour coffee @thelincolnlab, teaspoon game is strong. https://t.co/0C2txQO7Rq]]></document>
		<document><![CDATA[Imperial pints are too big. Sort it out south island. https://t.co/ZuWSVgzIag]]></document>
		<document><![CDATA[It's a @phil_cook! Excellent &amp; balanced talk. "I fucking hate Pineapples." https://t.co/U21EHlwCga]]></document>
		<document><![CDATA[All beers tasted at @MarchfestNZ, generally a good line up this year! https://t.co/CwQXm4fMU8]]></document>
		<document><![CDATA[@NZbeercalendar worked like a charm! https://t.co/bSqFuNIJ27]]></document>
	</documents>
</author>