<author lang="en">
	<documents>
		<document><![CDATA[@evanasmith @AshleyRParker chaser: https://t.co/XHb1Sr6nvZ]]></document>
		<document><![CDATA[This is what it's like to come to the United States as a refugee - stunning, exquisite piece by @juliaioffe https://t.co/V7NwjQNd5D]]></document>
		<document><![CDATA[@waybord well, yes.]]></document>
		<document><![CDATA[Julian Assange's lawyer to Justice Department: Your move https://t.co/X4kuWxV5Od]]></document>
		<document><![CDATA["The password on his [desktop] computer ... was 'Sparta'": Great @swin24 look at Bannon's obsession with war/battle https://t.co/fn5ymklgdS]]></document>
		<document><![CDATA[It's COMING TO DC. Get your tix now, folks. https://t.co/pvMuO4TFgU]]></document>
		<document><![CDATA[If you liked the Inquisition, you'll love the House Science Committee https://t.co/TeFXJXx8WB]]></document>
		<document><![CDATA[who gets the rose? https://t.co/7RVjE9G2Zj]]></document>
		<document><![CDATA[Trump’s ethics order might open the door for more so-called “shadow lobbying”: https://t.co/2lNGe3goIX]]></document>
		<document><![CDATA[Literally dizzying trying to follow all of this.]]></document>
		<document><![CDATA[That was fast https://t.co/LxuvHjSU4b]]></document>
		<document><![CDATA[More sharp analysis by @ProfSchooner &amp; Kathleen Clark on Trump conflicts: Exploiting Public Office for Private Gain https://t.co/XgjzFpAoCt]]></document>
		<document><![CDATA[I'm an Iranian woman whose dream is to study in America. Here's my message for Trump. https://t.co/QRS3LsJWnb]]></document>
		<document><![CDATA[Students with valid visas who went home for winter break are trapped in limbo abroad. https://t.co/AxDs2vVYLt]]></document>
		<document><![CDATA[This https://t.co/z5dj3oSklp]]></document>
		<document><![CDATA[This is a dark day.]]></document>
		<document><![CDATA[@AlecMacGillis @politico Public outrage stopped the ethics gutting. Protests restored ACA outreach. Smelling a strategy here...]]></document>
		<document><![CDATA[The complete visual guide to all of Trump's many peculiar entanglements with China https://t.co/LIM2lcazSR]]></document>
		<document><![CDATA[Donald Trump just spent the first week of his presidency proving your worst expectations right https://t.co/PfP4ipLzW8]]></document>
		<document><![CDATA[Americans Think Trump Will Be Worst President Since Nixon https://t.co/atVE59f9tj]]></document>
		<document><![CDATA[The key point: https://t.co/709cCkEn53]]></document>
		<document><![CDATA[All good points by @jonathanchait, especially #3, which for some reason Democrats can't seem to grasp at all https://t.co/dhKt2EYXVC]]></document>
		<document><![CDATA[The fight between California and Trump is no longer hypothetical. It's real. Time to read up on CA's battle plan https://t.co/we0tF8Lbyb]]></document>
		<document><![CDATA["It's the single biggest simultaneous departure of institutional memory that anyone can remember..." https://t.co/5rUzt5yeE0]]></document>
		<document><![CDATA[Strong statement by California Senate President @kdeleon and other CA Dems on @realdonaldtrump's immigrant orders: https://t.co/FMZ0ptUiVS]]></document>
		<document><![CDATA[Probably goes without saying but: All you @EPA, @TheJusticeDept, @NOAA and other USG employees, we want your tips &amp; docs. Email, DM, call...]]></document>
		<document><![CDATA[Rich Trump Cronies of Instagram https://t.co/YBAWTd7Ge5]]></document>
		<document><![CDATA[Your daily--hourly?--conflict of interest alert https://t.co/VLLGNQPzuA]]></document>
		<document><![CDATA[Woo more white dudes https://t.co/LKTHWXzmA2]]></document>
		<document><![CDATA[Federal Debt Projected to Grow by Nearly $10 Trillion Over Next Decade https://t.co/idL00KmO0m]]></document>
		<document><![CDATA[So bloody good:  Long on Trump - Meet the Wall Streeters Who Bet Heavy on Trump https://t.co/inKYsnWRE8]]></document>
		<document><![CDATA[@BraddJaffy so it's going out to media but they haven't gotten it on the website yet?]]></document>
		<document><![CDATA[No sign of the TPP and overseas abortion funding orders, either. Weird.]]></document>
		<document><![CDATA[Still no text of Trump's *actual* executive order freezing government hires. Nothing on WH website: https://t.co/CK3XwYEZlV Anyone got it?]]></document>
		<document><![CDATA[Hard to get more petty than this: https://t.co/uTFWiZDuJj]]></document>
		<document><![CDATA[Someone read the Hunger Games https://t.co/SOQaqMRQmo]]></document>
		<document><![CDATA[How the Trump administration could throw a "hand grenade" into global warming negotiations. https://t.co/T3q2QZLD7I]]></document>
		<document><![CDATA[@stevebrodner this is marvelous, Steve]]></document>
		<document><![CDATA[@RichardKay80 far from best, but the quickest? So ideal (in pltff's mind) is proof that foreign pmts swayed Trump/WH, hurt pltff's biz.]]></document>
		<document><![CDATA[@RichardKay80 I've heard that a lot. Gonna be fun argos on both sides. Would, say, a rival hotelier/developer have better standing?]]></document>
		<document><![CDATA[Lawsuit will be filed tomorrow saying foreign payments to Trump companies violate the Constitution. https://t.co/bRu0T0pUXf]]></document>
		<document><![CDATA[How many falsehoods can you squeeze into one five-minute statement? https://t.co/q0hCzz8tIv]]></document>
		<document><![CDATA[Protesters marching down K St toward 16th St. https://t.co/Jl8eJn8bVJ]]></document>
		<document><![CDATA[14th and K St, downtown DC. https://t.co/yh3gQlnBSw]]></document>
		<document><![CDATA[We asked Trump supporters at the Inauguration: What should he do first? https://t.co/OMxoQXZZiE Their answers are amazing.]]></document>
		<document><![CDATA[Another photo of the cops and protesters facing off in downtown DC, taken by a friend nearby https://t.co/N5tjoC1GND]]></document>
		<document><![CDATA[Photo of downtown DC #Inauguration protests, taken by a friend who lives close by https://t.co/36lgJqJUR1]]></document>
		<document><![CDATA[Here's everything Donald Trump has promised to do on his first day as president https://t.co/U7anG1O85e]]></document>
		<document><![CDATA[Now, President Trump (@POTUS), about that hotel of yours that you're not legally supposed to have... https://t.co/a59PYtVP1f]]></document>
		<document><![CDATA[Closest Trump White House website gets to environmental protection is this: https://t.co/0WZ0VxZ37y]]></document>
		<document><![CDATA[Oy: "The Trump Admin is also committed to clean coal technology, &amp; to reviving America’s coal industry, which has been hurting for too long"]]></document>
		<document><![CDATA[Not a single mention of climate change other than a pledge to eliminate Obama's climate action policies.]]></document>
		<document><![CDATA[Here is the Trump White House's official "America First Energy Plan": 

https://t.co/I6udSzfsvb

tl;dr: Drill, baby, drill.]]></document>
		<document><![CDATA[And here comes the rain]]></document>
		<document><![CDATA[At the entrance https://t.co/0IPNuujf4z]]></document>
		<document><![CDATA[Innovative use of DC city buses https://t.co/MCXMLpDj8z]]></document>
		<document><![CDATA[@ClaraJeffery this is my new hype tape]]></document>
		<document><![CDATA[Your day-one guide to (very soon-to-be) President Trump’s many conflicts of interest https://t.co/a59PYtEe9H #inauguration]]></document>
		<document><![CDATA["If you want to take on a forward-leaning state that is prepared to defend its rights and interests, come at us." https://t.co/we0tF8Lbyb]]></document>
		<document><![CDATA[Can't think of a better way to honor Wayne Barrett than to wake up tomorrow and report, report, report like hell.]]></document>
		<document><![CDATA[Endorse this https://t.co/S357ph9YQ2]]></document>
		<document><![CDATA[@danahull @CalSunday thanks, Dana!]]></document>
		<document><![CDATA[Tomorrow, Trump takes over. Here's the inside story of all the ways California plans to fight back https://t.co/we0tF8Lbyb]]></document>
		<document><![CDATA[A stray email exposes a prison company's rebranding efforts: https://t.co/m8Lnxh3N9F]]></document>
		<document><![CDATA[@GabrielleCanon @CalSunday thanks!!]]></document>
		<document><![CDATA[@SaraLibby The list of Prop 54 supporters was weird—Munger and Maldonado in there with Common Cause and Lge of Women Voters. hmmm]]></document>
		<document><![CDATA[@SaraLibby (and thx for the nice words!)]]></document>
		<document><![CDATA[@SaraLibby Yes! Charlie Munger's, right? I included it not as a Dem policy, per se, but as a fwd-looking, enlightened one CA-ians apprv'd]]></document>
		<document><![CDATA[@_jonathanstein @DireWolf11 alas, we diverge on the NBA. (Sam, you're a big NBA guy, no?) Though I do love Popovich...]]></document>
		<document><![CDATA[@ggreeneva thx, greg!]]></document>
		<document><![CDATA[Also new details here about how Xavier Becerra came to be Gov. Brown's pick for CA attorney general. https://t.co/nZqpN6gFyB]]></document>
		<document><![CDATA[In new @CalSunday story: A top aide says CA Gov. Jerry Brown is still eyeing 2018 ballot measure on climate change… https://t.co/u4wrt9Bzi0]]></document>
		<document><![CDATA[Remember California's viral post-election statement ("Today, we woke up feeling like strangers in a foreign land")?… https://t.co/Ahi7OnYV0b]]></document>
		<document><![CDATA["The Great Exception": My new @CalSunday cover story on California's battle plans for the Trump presidency. GET IT: https://t.co/we0tF8Lbyb]]></document>
		<document><![CDATA[For the first time since 2009, more Americans say Obamacare is a good idea than a bad one: https://t.co/9lorrQZpqP]]></document>
		<document><![CDATA[Trump's pick to oversee Obamacare's destruction will get a grilling today https://t.co/BW9EbPsG0f]]></document>
		<document><![CDATA[Bookmark 'em, follow these folks on twitter, subscribe subscribe subscribe https://t.co/FJcc1YrmTO]]></document>
		<document><![CDATA[This https://t.co/Oc5hWV8aND]]></document>
		<document><![CDATA[Op-ed by a man diagnosed with Parkinson's at 44: 

Without Obamacare, I Will Get Sicker, Faster, Until I Die https://t.co/lFUifJ4flH]]></document>
		<document><![CDATA[Love this ~so~ much https://t.co/0KVPYBqI6x]]></document>
		<document><![CDATA["To have one's novel translated...you might as well be trying to have sex using another person’s body." https://t.co/fIwP94z3CU]]></document>
		<document><![CDATA[Essential reading: @mtaibbi with some clear-eyed skepticism/analysis re Trump and the Russian dossier story. https://t.co/Zy1vBbIA25]]></document>
		<document><![CDATA[Awww yeah: @TheMorningNews announced the 2017 Tournament of Books bracket. https://t.co/0m85LpCpQI]]></document>
		<document><![CDATA[Dig this column by @jimrutenberg: 

As Trump Berates News Media, a New Strategy Is Needed to Cover Him https://t.co/BNg0F7L0b7]]></document>
		<document><![CDATA[he died as he lived, trying and failing to change his Apple ID password]]></document>
		<document><![CDATA[Anti-abortion activists say Trump's court picks aren't extreme enough. https://t.co/I0UmzsdTJ9]]></document>
		<document><![CDATA[Democrats want to revive Obama's overtime rule state by state - nice @josheidelson scoop at @bloomberg https://t.co/Ub0L4Ohrht]]></document>
		<document><![CDATA[Ben Carson’s prepared HUD testimony included plagiarism — but he didn’t use it https://t.co/0UZbCnwonj]]></document>
		<document><![CDATA[Quite a lede from @eosnos here: Senate Republicans Gut the Confirmation Process https://t.co/Giga9JwNzW]]></document>
		<document><![CDATA[@_jeffguo "much like pokemon go, these programs remain in hiding," the senator said, "but we have to catch 'em all" 😭]]></document>
		<document><![CDATA["The money was used to pay for a giant glow-in-the-dark doobie" - now showing on the U.S. Senate floor https://t.co/xDHESWCMn6]]></document>
		<document><![CDATA[Nice look at Trump EdSec pick @BetsyDeVos' political influence and history - by @noamscheiber https://t.co/fO7AWlhMge]]></document>
		<document><![CDATA[The voter fraud case Sen. Jeff Sessions—Trump's pick to run the Justice Dept.—lost and can’t escape: https://t.co/PyO5rGM8BX]]></document>
		<document><![CDATA[Can't get over this hauntingly good photo of @JaredKushner by Mark Peterson, one of the best photographers in the b… https://t.co/eeK5q4Y6Dh]]></document>
		<document><![CDATA["...picture the always possible combination, suggested by a barber’s shop, of blood and water, water and blood." https://t.co/vMn3FCzdb1]]></document>
		<document><![CDATA[Cities are increasingly labs for progressive policies. Republicans now want to rein in cities with preemption laws https://t.co/ylnOd5fCLJ]]></document>
		<document><![CDATA[The FBI never asked for access to the DNC's hacked computer servers https://t.co/54oCQalc2S]]></document>
		<document><![CDATA[Monthly jobs for December - +156,000 - is OK, but Dec as the 75th straight month of job growth (longest streak since 1939) is impressive.]]></document>
		<document><![CDATA[Good reminder that everyone's health insurance is affected if the ACA goes away. https://t.co/C94WhdzgEp]]></document>
		<document><![CDATA[California hires serious legal muscle to fight against Trump admin: https://t.co/wfxAa1VBfj]]></document>
	</documents>
</author>