<author lang="en">
	<documents>
		<document><![CDATA[Thank you John McCain https://t.co/YNR0GK4BCC]]></document>
		<document><![CDATA[@politico @mike_pence It is the Media's duty to cover a newly sworn in @POTUS going awol about crowd size.]]></document>
		<document><![CDATA[@SureshChadda @Reuters @POTUS NO, google it. A Refugee flees to avoid persecution, war and proves it. A migrant leaves for a better life.]]></document>
		<document><![CDATA[Learning on the job does not count as knowing what your doing. https://t.co/gRtLDrJUk9]]></document>
		<document><![CDATA[@thehill So he was "joking'?]]></document>
		<document><![CDATA[@thehill I'd sure feel better with Arnold in.]]></document>
		<document><![CDATA[I suspected as much, more civilian casualities as well. https://t.co/9lXxCG2QCE]]></document>
		<document><![CDATA[@Reuters I think it is important to clarify he calls them illegal immigrants, he doesn't know the difference? @POTUS]]></document>
		<document><![CDATA[@politico @realDonaldTrump @BarackObama @ludacristiano But he calls them illegal immigrants...he doesn't know the difference?]]></document>
		<document><![CDATA[@realDonaldTrump @POTUS WE have extreme vetting for them, WHAT is YOUR extreme vetting? Difference?]]></document>
		<document><![CDATA[@realDonaldTrump @POTUS You better check your numbers,100 was detained in LAX alone]]></document>
		<document><![CDATA[They Lied: McConnell And Ryan Just Blocked Expanded Russia Probe To Shield Trump From Impeachment https://t.co/5V2VnE44Sr via @POLITICAL DIG]]></document>
		<document><![CDATA[Sign Sherrod's petition against Trump's executive order https://t.co/mhMtU01zBR]]></document>
		<document><![CDATA[Already plans in the work to sell them off. Check Congress. https://t.co/kDDIIjMt34]]></document>
		<document><![CDATA[@KeithOlbermann His plan will be to blame CNN and other "fake news" outlets.]]></document>
		<document><![CDATA[Mar-a-Lago Protest being planned! Show those paying 200K what they are in for during Trumps vacations. :)  https://t.co/uDzucHjdsv]]></document>
		<document><![CDATA[How is this NOT ok?? How many vets could we shelter? How many can this feed? This 2nd spot should be paid for by th… https://t.co/MAB12kgFVj]]></document>
		<document><![CDATA[@RawStory I agree, it's BS only in politics would some get away with it. #firethem]]></document>
		<document><![CDATA[Need Arizona ppl to call Jeff Flakes DC Office 202-224-3121
Tell them to #DumpDevos!]]></document>
		<document><![CDATA[@POTUS  Why did she donate to all the GOP senators campaigns as well? @BetsyDeVos https://t.co/0V3UAIbp9k]]></document>
		<document><![CDATA[@thehill We don't like watching a "fake president" either @POTUS Grow the f up.]]></document>
		<document><![CDATA[@cnnbrk Come one senators, no grizzlies in our schools!]]></document>
		<document><![CDATA[@thehill Good, save taxpayers from paying her staff? Military kids move..so should their kid, why ask of others what he won't do? @POTUS]]></document>
		<document><![CDATA[Thank you @POTUS44 https://t.co/qbY5IvI0ed]]></document>
		<document><![CDATA[@RawStory Ya and how much did that parody cost us?]]></document>
		<document><![CDATA[@KeithOlbermann There is a Iraqi burned baby without it's parents as well, ironically they named a newborn Trump]]></document>
		<document><![CDATA[@KeithOlbermann @realDonaldTrump @seanspicer @KellyannePolls That's what #alternativefact are for! #boycott the WH]]></document>
		<document><![CDATA[@cnnbrk Rules are for Dems only 2018 #wearewatching]]></document>
		<document><![CDATA[@thehill HE didn't cancel, HARLEY cancelled it!  Facts matter! @POTUS]]></document>
		<document><![CDATA[@SenSherrodBrown @SenateFinance Rules are only for Dems...GOP has believed they are above for a long time..we r watching, we r waiting 2018]]></document>
		<document><![CDATA[@mcuban @POTUS Media should not cover his tweets, they are NOT to the public only his base.]]></document>
		<document><![CDATA[@FrankBruni @nytimes What was the tax payers dime for this unveiling game?]]></document>
		<document><![CDATA[@ananavarro He continues to think the majority of us are to stupid to remember...]]></document>
		<document><![CDATA[@politico @CNN I changed the channel when Conway came on anyway, she is rude and does nothing but lie. Media should boycott Trump. @POTUS]]></document>
		<document><![CDATA[@thehill Only after Trudeau contacted them and TOLD them to remove the fake news. @FoxNews]]></document>
		<document><![CDATA[@nytpolitics I skipped it, but I would like to know how many of our taxpayer $ was used for this???? @POTUS  @Reince]]></document>
		<document><![CDATA[@POTUS @CNNPolitics How many tax $ were used to bring in the SCOTUS loser for the new WH show? Taxpayers want to know. @Reince]]></document>
		<document><![CDATA[@politico @tedcruz We watched for 6 years, we will not forget.]]></document>
		<document><![CDATA[@maddow @nytimes Regrettable? Tell that to the son of the woman who died while waiting to get back home with her green card. @SpeakerRyan]]></document>
		<document><![CDATA[@ABCPolitics Can they name the last terrorist attack on US soil by an immigrant?]]></document>
		<document><![CDATA[@thehill Unfortunately well aware, they still have to represent the American People over Tyranny!]]></document>
		<document><![CDATA[“Just like you would call your member of Congress, take your views to the White House. Your the right to be heard,” https://t.co/xSQbxDJbQh]]></document>
		<document><![CDATA[So how many Us vets want to relocate to live in other countries to be baristas? #noboycott]]></document>
		<document><![CDATA[@thehill @PressSec So tell us how many would be terrorists you caught with your ban?]]></document>
		<document><![CDATA[@thehill So the ones helping / living in America are pretending? The 2 year vetting =useless, your ppl can do it in 3 hrs at the airport.]]></document>
		<document><![CDATA[@KellyannePolls They need to follow the Constitution and do what is best for American not follow a blind president… https://t.co/VSJHyQRGLT]]></document>
		<document><![CDATA[American thoughts and prayers are you our neighbors tonight @quebecity "Quebec City"]]></document>
		<document><![CDATA[Finally jobs Mr Trump can say he brought in! @POTUS https://t.co/nL6rSQr7Dq]]></document>
		<document><![CDATA[Five dead in Quebec City mosque shooting: mosque president https://t.co/y617UUQ0Fc via @Reuters]]></document>
		<document><![CDATA[Dear World, From America     https://t.co/9i8Be8z1Lt]]></document>
		<document><![CDATA[@Reuters I hate to see what he considers a disaster.]]></document>
		<document><![CDATA[I hope so because your the only one in line! https://t.co/KBciPemgPX]]></document>
		<document><![CDATA[@thehill @POTUS  Dory's been detained check with your CBPO!]]></document>
		<document><![CDATA[@thehill @POTUS Stop covering his stupid whiney FAKE tweets.]]></document>
		<document><![CDATA[@politico @realDonaldTrump Your immigration ban is "fake news now!" America was /  is already great.]]></document>
		<document><![CDATA[I no longer watch CNN when J Lord is on @CNN ...can't stomach the run around he's allowed to play.@PoppyHarlowCNN… https://t.co/mS2sYuFVD6]]></document>
		<document><![CDATA[@ananavarro Sadly them backing Trump it is who they are becoming.]]></document>
		<document><![CDATA[Where is our true leadership? https://t.co/Y0S5ePzWyn]]></document>
		<document><![CDATA[@HoBart999 @DHermanUSA Yes we do need, this is the heart of America, without this there is no America. Be stronger than the fear.]]></document>
		<document><![CDATA[@DHermanUSA @HoBart999 You do not need to be Muslim to be a radical, we have more Americans do harm here than refugees.]]></document>
		<document><![CDATA[@ananavarro A shame huh! America is losing it's soul and our representatives are allowing it.]]></document>
		<document><![CDATA[@thehill @SpeakerRyan BS another #alternativefact America's losing its soul and standing in the world, a dark hour.]]></document>
		<document><![CDATA[@thehill That @newtgingrich is an #alternativefact]]></document>
		<document><![CDATA[Can I report any tweet that has a Trump pic?]]></document>
		<document><![CDATA[@ABCPolitics @keithellison Where are our 5 previous Presidents ? They have to step up and disavow unless they agree with this.]]></document>
		<document><![CDATA[@DHermanUSA @ABCPolitics @SenSchumer he also said Mexico would pay for the wall, he also said he would use a blind trust so your point is?]]></document>
		<document><![CDATA[It used to be our strength too Mr. @JustinTrudeau Thank you dear friends for staying true! https://t.co/qqdEmXMP32]]></document>
		<document><![CDATA[@ABCPolitics FK Trump! Trying his best to destroy America.]]></document>
		<document><![CDATA[Many people ordered not just fraternity. Way to sock it to US companies... https://t.co/GsaKG3h7LU]]></document>
		<document><![CDATA[US REP &gt; Menards 2 pay millions 4 computer glitch, make it a law? pay everyone who ordered them not just fraternity https://t.co/uKgPhKdiQS]]></document>
		<document><![CDATA[@ABCPolitics He's an idiot!]]></document>
		<document><![CDATA[He's a dumb ass and it's complete chaos! It's against every thing America stands for!  @POTUS https://t.co/9RSixsRRsC]]></document>
		<document><![CDATA[What a difference a VP offer makes huh? https://t.co/Szy7gnxgkw]]></document>
		<document><![CDATA[This girl is smarter than Mr Trump https://t.co/xl12IYLmSq]]></document>
		<document><![CDATA[@thehill Trump and Bannon aren't very bright]]></document>
		<document><![CDATA[@seanspicer @CNN  And what should they be called? Protestors? Alternatespeakers?]]></document>
		<document><![CDATA[Americans need to join him, let your voice be heard! https://t.co/LSgD2X33cn]]></document>
		<document><![CDATA[Further proof that Trump is an #idiot https://t.co/BsOofaDuUe]]></document>
		<document><![CDATA[I'll be muslim as well #boycotttrump https://t.co/UfyrB3l4wP]]></document>
		<document><![CDATA[@nytopinion @NickKristof Acts like both to me! #boycotttrump]]></document>
		<document><![CDATA[@RawStory No thank  #boycotttrump]]></document>
		<document><![CDATA[Can't say I blame him #boycotttrump https://t.co/TBRDRwHiJC]]></document>
		<document><![CDATA[@thehill @SpeakerRyan  Americans already knew we'd pay for it...we've seen Trump fabricate before. #boycotttrump]]></document>
		<document><![CDATA[What / How can we force this? #boycotttrump https://t.co/jWYlB2fMrA]]></document>
		<document><![CDATA[I boycott anything live with him or his cabinet #boycotttrump https://t.co/G6mISkDoOM]]></document>
		<document><![CDATA[America wants Single Payer, if everyone would pay fair taxes we could have this easily. https://t.co/hntUZKzOLZ]]></document>
		<document><![CDATA[Americans will pay dearly for this gossip https://t.co/lSXWD6xTqN]]></document>
		<document><![CDATA[Proofcheck him first! https://t.co/UpzdYUDjQm]]></document>
		<document><![CDATA[Trump issues gag on federal employees, press room of #alternative facts, no longer a democracy. R we great yet? https://t.co/YvPENxNEgn]]></document>
		<document><![CDATA[He's a fraud! https://t.co/OfKS93iCb2]]></document>
		<document><![CDATA[@thehill One was an empty house he never lived in!]]></document>
		<document><![CDATA[@thehill #boycott]]></document>
		<document><![CDATA[If Mexico will reimburse 4 the wall, Trump can pay for it,reimburse him! @realDonaldTrump  @CNN @ABFalecbaldwin @SarahKSilverman @SNLUpdate]]></document>
		<document><![CDATA[@ABCPolitics @NancyPelosi  Don't feel sorry for him, feel sorry for the Americans being represented by a Clown!]]></document>
		<document><![CDATA[@SeanSpicer Runnnnnnnnnn, Get out now while you can! https://t.co/4ZbBKyfYyZ]]></document>
		<document><![CDATA[#boycott https://t.co/QWME6MCq6V]]></document>
		<document><![CDATA[@KeithOlbermann Maybe he can't read? #Dipshit]]></document>
		<document><![CDATA[US Ambassador to Singapore, fired by Trump, wears Obama T-shirt as he leaves https://t.co/xhnV1zU7Qe via @The Independent]]></document>
		<document><![CDATA[Just disagree with the facts huh? https://t.co/MecXIeDtWW]]></document>
		<document><![CDATA[He's fully lost his mind, can't we get a 5150 on him???? https://t.co/fvrU14amsv]]></document>
	</documents>
</author>