<author lang="en">
	<documents>
		<document><![CDATA[@bzamayo Somewhat relatedly, using my dell 4k monitor really messes up wifi. 2Ghz band usable. So shielding is not only an LG issue.]]></document>
		<document><![CDATA[@wickedgeekie +1 for not blowing up in flames just yet. :)]]></document>
		<document><![CDATA[@wickedgeekie "risk of" blowing up a building should be enough for that hotline to send someone.]]></document>
		<document><![CDATA[@wickedgeekie The state doesn't want buildings to blow up bc people re worried about paying the fee…]]></document>
		<document><![CDATA[@wickedgeekie Called them once after boiler guys forgot to close a valve, they cam in 10-15, didn't charge.]]></document>
		<document><![CDATA[@wickedgeekie Sounds risky! There is a free Gas Emergency Services emergency line on 0800 111 999. Engeneer comes asap.]]></document>
		<document><![CDATA[@yandle Go to the police!]]></document>
		<document><![CDATA[@jegtnes @laurakalbag @Twitterrific iOS supports it. https://t.co/xlz9DmAr1Q]]></document>
		<document><![CDATA[@harrybr yes. Often use PDF tickets with barcodes from my phone.]]></document>
		<document><![CDATA[With failures like that… https://t.co/ncjzBketNS]]></document>
		<document><![CDATA[Mindlessly wrote up a current start date in a sketch. Wrote 2001. #amOld]]></document>
		<document><![CDATA[@reyhan Not as catchy as that Verve tune… https://t.co/RFhSjmFoQN]]></document>
		<document><![CDATA[@vinchubang Well old Palm pilot UI was all stylus no finger… What new here is mixing normal finger tech + specifics for pencil]]></document>
		<document><![CDATA[@harrybr Y eat I saw that tweet and felt, "man you're optimising blindly for a single metric at the cost of your whole ux" @lukew]]></document>
		<document><![CDATA[Finger and pencil touch design is very different. Seems like a great and appropriate use of the later. https://t.co/33bX0GRop9]]></document>
		<document><![CDATA[@OwenJones84 @piersmorgan @sparrk Nobody made a greater mistake than he who did nothing because he could do only a little. Edmund Burke]]></document>
		<document><![CDATA[@gilescolborne Non citizen UK residents can also sign.]]></document>
		<document><![CDATA[@wnialloconnor Yes. So at least do it when easy. Then let ones with spines also do it when it's hard.]]></document>
		<document><![CDATA[. @jasonmesut Until policy change, in future orgs that have confs in the US are actively discriminating on religion/nationality.]]></document>
		<document><![CDATA[@jasonmesut I know you mean well but the "you could be lucky by getting a ticket from someone discriminated against" part is crass.]]></document>
		<document><![CDATA[Read this thread...
No innocent citizens should ever wonder “How long before they show up at our door?” https://t.co/hfMgP7OIt4]]></document>
		<document><![CDATA[If you think trumps' immigration close up doesn't affect you, think again. https://t.co/uCi5nBqhN0]]></document>
		<document><![CDATA[Account tweet names/ picture of refugees turned down then killed. Great reminders refugees aren't number but people… https://t.co/gtOuZ9yR63]]></document>
		<document><![CDATA[If this account is legit, they're taking massive risks… https://t.co/eznQtIV3iK]]></document>
		<document><![CDATA[@jwaterworth I'd say the biggest difference is macOS vs iOS.]]></document>
		<document><![CDATA[Unfair but relevant: just realised that my (new) work phone is a faster computer than my (3 year old) work computer. Wow.]]></document>
		<document><![CDATA[@wnialloconnor Yup. great change.]]></document>
		<document><![CDATA[@beccafinnegan I was thinking of that quote when I read you last blogpost… https://t.co/7oS6Hugt2p]]></document>
		<document><![CDATA[@jk_rowling can be proud. #WomensMarch https://t.co/OHWrHoaFBm]]></document>
		<document><![CDATA[@feather often have issue getting device recognised. Was solid in iOS 9, shit in 10.0, now almost always detect first time w 10.2.1]]></document>
		<document><![CDATA[Currently: Set up as new (long) &gt; software update &gt; delete iPhone &gt; set up from backup. Should be setup from backup… https://t.co/85YnFSCpok]]></document>
		<document><![CDATA[Upgrading to a new iPhone that ships with an outdated version of the OS is really slow, clumsy and unintuitive. Not a premium experience!]]></document>
		<document><![CDATA[Photoshop and Sketch iOS design resources, straight from the Apple mothership. https://t.co/1XYsXX6CNy]]></document>
		<document><![CDATA[Loving this. https://t.co/uGo5foGcFZ]]></document>
		<document><![CDATA[@Gringomoses From experience, the left one probably sends contact requests to your full address book, while the right one installs win 10.]]></document>
		<document><![CDATA[@jegtnes Don't forget the many EU migrants who have no MPs…]]></document>
		<document><![CDATA[@fehrtrade Yup it's real. + most browser (esp mobile) hide the :// Most people likely have no idea. Looks like unhappy :/ with an 2 lips.]]></document>
		<document><![CDATA[… even @timberners_lee regrets using the unnecessary // syntax originally https://t.co/U2bFri6OOZ 3/3]]></document>
		<document><![CDATA[…Positioning internet as by geeks for geeks only…and not as a thing for people, unlike warm, cuddly thing like their Firefox logo… 2/3]]></document>
		<document><![CDATA[.@mozilla "moz://a" rebrand is awful, picking the uber geeky protocol syntax that not ones sees anymore https://t.co/VPSTZpABpb 1/3]]></document>
		<document><![CDATA[@sophiedennis @b_seven_e every communication having two sides, it should be obvious that a remote communication also impacts two sides.]]></document>
		<document><![CDATA[@xychelsea going free is the best news in a long while. But she  should never have been jailed at all, let alone so… https://t.co/EeUufMSTWC]]></document>
		<document><![CDATA[@mattgemmell it's almost as if they want us to forget the FBI tried to blackmail and deny death threats to King…]]></document>
		<document><![CDATA[@poshaughnessy @ade_oshineye @Photoshop these app are nicely telling you you don't use them. No surprise uninstall after these is so high!]]></document>
		<document><![CDATA[@fdevillamil why not do it client side, like @Twitterrific and other already do?]]></document>
		<document><![CDATA[@wickedgeekie Sure. Was even wondering if that one wasn't actually u + looked for another person. But poor quality pic + only from an angle.]]></document>
		<document><![CDATA[@wickedgeekie Freaky! Long lost twin?]]></document>
		<document><![CDATA[Wondering about the rationale of charging per day as a consultant… yes Seniors charge more, but still. https://t.co/TOQzDLLxqj]]></document>
		<document><![CDATA[Echo, a new NHS service + app to deliver and remind you to take you meds. 
https://t.co/WlHBM0Pivu [take 2 w link] (cc @falkowata)]]></document>
		<document><![CDATA[The pure love and respect between Obama and Biden is amazing. Can't help but admire that. Such deeply honourable le… https://t.co/5pXLrTh5xK]]></document>
		<document><![CDATA[@PhilipMorton I used to love it but their complication on the Watch never worked well w watchOS3. Now switched to CarrotWeather.]]></document>
		<document><![CDATA[That demo on an iPad my seem silly (slower than touch), but think of the same on a TV, Glasses... or with impaired… https://t.co/8jEJqGLcW0]]></document>
		<document><![CDATA[Just a concept, and pretty imperfect, but Adobe demos voiceUI photo editing.
Voice isn't just for questions. https://t.co/98sPzgF4DY]]></document>
		<document><![CDATA[@silverbackapp Not that I'm accusing you of malware, I know you guys. But this can be used for evil so people sd be suspicious.(see Dropbox)]]></document>
		<document><![CDATA[@silverbackapp App records my mouse mouse even while denying that permission. This can be use by malware, so you would do well to explain it]]></document>
		<document><![CDATA[@FrasSmith @cjforms no, bad programming. (That's the beginnings of the unix epoch i.e. Time 0 in many date/time systems.)]]></document>
		<document><![CDATA[@Brilliant_Ads Nope, look at the corner says "out football star as kids", so it's a recent packaging.]]></document>
		<document><![CDATA[@silverbackapp Also, why does the app ask for Accessibility access premission? I denied and all seems to work.]]></document>
		<document><![CDATA[@silverbackapp Hi!  Site seems to have the app as out of beta, but no mention of that on the Twitter. Is it stable enough for prod work?]]></document>
		<document><![CDATA[@pefrase Seem to be a weird bug in iBooks when searching for you: your name is in the list, but clicking it get onl… https://t.co/wTekuPSmsF]]></document>
		<document><![CDATA[Survey design pro tip: start with easy questions to get user invested. i.e. not "What is your definition of UX?" 😂
https://t.co/VvmQjx3vF6]]></document>
		<document><![CDATA[The unbelievable, insane back story to the iPhone intro keynote. So close to the edge yet so successful. Must read! 
https://t.co/bfTQT1mVmA]]></document>
		<document><![CDATA[@myddelton from St Pancras to Stratford international, unaffected just a tad busier.]]></document>
		<document><![CDATA[@greg_taylor no transparent iPhone until batteries and Silicon chips are transparent…
Yet Tim Cook's public comments on AR are intriguing.]]></document>
		<document><![CDATA[@greg_taylor Mixed reality?]]></document>
		<document><![CDATA[@tfadell I'm sure you're glad you didn't have to try to make that point to Steve (also Hi, love your work!)]]></document>
		<document><![CDATA[@bensauer Good one! Consistency/predictability thanks to strong platform guidelines is an often underestimated reason people prefer apps.]]></document>
		<document><![CDATA[@objectCreate Went from iPad 2 to iPad Pro 9.7, so 5 y gap.]]></document>
		<document><![CDATA[https://t.co/14aCd32ZLy @tfadell lost an iPhone prototype a few months pre launch. Not a Steve pleasing move.]]></document>
		<document><![CDATA[10y post iPhone stories: 
"Until you can agree with us you can’t come back in this room" Good old Steve Jobs.
https://t.co/14aCd32ZLy]]></document>
		<document><![CDATA[A world changing product, and a master presentation. All with a demo device that was nowhere near ready but miracul… https://t.co/xcGLGTfPRq]]></document>
		<document><![CDATA[@stroughtonsmith Great that it helps you. I've greatly enjoyed following your hacks with iOS releases.]]></document>
		<document><![CDATA[@stroughtonsmith Don’t want to kill you fun, but am curious why are you so keen to do that with every short lived build?]]></document>
		<document><![CDATA[@MarkSkinner_ I think https://t.co/bXHe09NKW1 uses location+ weather info to select which activities it suggests. What’s climate forcing?]]></document>
		<document><![CDATA[@tvaziri All since the Pixar heads took charge without forcing Disney into Pixar. @edcatmull tells that fascinating story in his book]]></document>
		<document><![CDATA[… @ElgatoSupport What happens when the wifi is down or the battery empty?]]></document>
		<document><![CDATA[.@ElgatoSupport I’m interested in your Thermo radiator valve. Is there a way to control the radiator manually? …]]></document>
		<document><![CDATA[Mac reconnected to the wrong Wifi, can't see wireless speaker. Very good message from @Sonos, clear, specific, with… https://t.co/8gEW2agTCn]]></document>
		<document><![CDATA[@KotoLabs Any idea when Koto Air might be available? "Be the first to get the new Koto Air in Summer 2016!" doesn't build confidence…]]></document>
		<document><![CDATA[Beyond parody :-( https://t.co/yvvJBLzK6U]]></document>
		<document><![CDATA[TIL The animal Turkey was given name of country people imported it from: Turkey (en), D[']inde (fr, from India) galopoúla (gr, from Gaul)]]></document>
		<document><![CDATA[Greats stats! Most significant: eTicket use (where available) is most popular delivery method, with 55% update. https://t.co/Ry9KSeLHP9]]></document>
		<document><![CDATA[@myddelton @trello should have an ester egg when you move all the cards to the right column with that end of game animation.]]></document>
		<document><![CDATA[Google's "Up button". 🤣 Up/back is a inconsistent mess on Android. https://t.co/U85JsILEzN]]></document>
		<document><![CDATA[@wickedgeekie Hum, seems like a graphic processing bug :/]]></document>
		<document><![CDATA[@wickedgeekie floating as in indented in the sidebar?]]></document>
		<document><![CDATA[@sparrk would love to see a graph tracking size of the British empire when you were in school vs Brexit sentiment.]]></document>
		<document><![CDATA[@GlennF she did in the Expended Universe novels, but never got good at it, being busy ruling most of the universe a… https://t.co/iLNTrMPArF]]></document>
		<document><![CDATA[@falkowata in the Expended Universe, Leila was nothing less than president of the new republic.]]></document>
		<document><![CDATA[@edeverett Yes! Everyone around me got bronchitis, but am somewhat avoid it it so far. Feel like in a zombie flick.]]></document>
		<document><![CDATA[Funny because true. So many usability are simply lawyers / solicitors writing copy unchecked. https://t.co/hFmSst2vnG]]></document>
		<document><![CDATA[@tomscott hum, if you see this email in gmail, surely you're already logged in, and any other login prompt is fake?… https://t.co/NUhWgpPGOw]]></document>
		<document><![CDATA[Lovely Easter Egg in @Spotify: plays the Star Wars Force Awakens soundtrack, the progress bar turns into a lightsab… https://t.co/LdLu3Dq6b6]]></document>
		<document><![CDATA[@mrjoe oh congratulation and welcome to the club!
It's a fantastic and frightening ride.]]></document>
		<document><![CDATA[@edeverett sounds like an awesome result to me…]]></document>
		<document><![CDATA[Couldn't put it in a clearer graph. Also why only talking about average GDP/capita is useless. https://t.co/52TxdsFzOx]]></document>
		<document><![CDATA[@jvagle @doctorow You guys heard about https://t.co/vND51tJhZp Not very adapted to a modern free faith world...]]></document>
		<document><![CDATA[@sparrk Great, that's actually what I was hoping. I was so shocked when I learnt we reject untreated shit right into Thames/Sea so often :-?]]></document>
		<document><![CDATA[@sparrk I see. What's that tunnel for?]]></document>
		<document><![CDATA[@fehrtrade Did they dismantle the mooring?]]></document>
	</documents>
</author>