<author lang="en">
	<documents>
		<document><![CDATA[How I feel about it being Monday again!👅 #mondays #mondayagain #eventfulweekend #tired… https://t.co/nE2Z4ceYNt]]></document>
		<document><![CDATA[💃🏻✨🍴🍷🍾 #ITBAAwards #portlaoiseheritage @ Kildare, Ireland https://t.co/RUeQSbqa6R]]></document>
		<document><![CDATA[Horrible weather and a half day leads to cuddles in bed with this one and her @buildabear teddy… https://t.co/jC67rSrmof]]></document>
		<document><![CDATA[Beautiful sunrise this morning. 💛💕💜💙  #sunrise #goodmorning #humpday #beautifulsky #dublin… https://t.co/QXGdW9XoeI]]></document>
		<document><![CDATA[Happy to see this still standing @kildarevillage ☺️😍❤️ #happy #happiness #pretty #prettylights… https://t.co/EvuYoH9zLr]]></document>
		<document><![CDATA[Needed!! 🐼 I've tried these already and thought they were good so giving them another go. This… https://t.co/HXSLsLDy4m]]></document>
		<document><![CDATA["Yeah babe I'm just going into penny's for tracksuit bottoms!" 👍🏻😘 Tracksuit bottoms got and a… https://t.co/A73bLRpX1i]]></document>
		<document><![CDATA[⚫️⚫️⚫️⚫️ #blackeverything #blackeveryday #fashionblogger #fashion #fashionbloggers #style… https://t.co/Ftqi0JhU1O]]></document>
		<document><![CDATA[Hello new beauts 👋🏼✔️ another Christmas present from himself 🤓 calvinklein #hedonegood… https://t.co/ApUYmCdg2q]]></document>
		<document><![CDATA[When your boyfriend takes hints really well and you finally get the yslbeauty perfume you've… https://t.co/VukDsLS4FM]]></document>
		<document><![CDATA[Sleepy cloud 🐶💤☁️☁️☁️☁️ #bichonfrise #bichon #sleepyhead #sleepingdog #bichonlove #dogstagram… https://t.co/xr00SFqcKD]]></document>
		<document><![CDATA[Legit jealous that's I found the marble bed spread and the fluffiest blanket in the world from… https://t.co/8oj4qoLNur]]></document>
		<document><![CDATA[❤️❤️❤️ #lastnight #dinner #drinks #ginandtonic #lilnightout #newbridge #judgeroybean #fabfood… https://t.co/odqraDT23p]]></document>
		<document><![CDATA[In love with my @ameliajaneldn pom hat and scarf 😍 such a lovely Christmas present from… https://t.co/QJZdCyBExH]]></document>
		<document><![CDATA[A lil Christmas selfie in my lovely new @riverisland jumper ✨⭐️💕💙 #style #fashionbloggers… https://t.co/qVXCuWqbPf]]></document>
		<document><![CDATA[Off out with my fav 👭🍾🎉💕 #boxingnight #ststephens #christmasouting #riverisland #fashion… https://t.co/zVeaBxdPGE]]></document>
		<document><![CDATA[Finally got my hands on this!🙌🏼 Love it after one use. Well done @bboldtan 👏🏼😁 #bbold #bboldtan… https://t.co/UCoVky6csV]]></document>
		<document><![CDATA[The cutest 🐶❤️ #bichonlove #bichonfrise #doglove #dogstagram #dogsofinstgram #christmas… https://t.co/kWp00LBiwO]]></document>
		<document><![CDATA[Merry Christmas everyone 🔥🎄🐶🎅🏼🎁⛄️🍴🍾❤️💚 #christmas #christmasday #merrychristmas #fire #dog… https://t.co/ZqztnRSCyV]]></document>
		<document><![CDATA[Christmas Day outfit. ❤️💚 #pennys #pennysbest #pennyshun #kneehighboots #playsuit… https://t.co/sVEzyjqXyM]]></document>
		<document><![CDATA[Christmas nails 😍👏🏼🌨❄️💙 #shellac #shellacnails #shellacmanicure #christmasnails #snownails… https://t.co/No3vlLugl5]]></document>
		<document><![CDATA[Just 3 reindeer heading for the 12 pubs 😄🎄🍻🎅🏼 @ Castleblayney https://t.co/ezOpspfNeO]]></document>
		<document><![CDATA[Just 3 reindeer heading for the 12 pubs 😄🎄🍻🎅🏼 #12pubs #12pubsofchristmas #nightout… https://t.co/ezOpspfNeO]]></document>
		<document><![CDATA[A fabulous dinner and giant gin and tonics to celebrate a year since our first date in the same… https://t.co/YzlEVjar6O]]></document>
		<document><![CDATA[A year today since we met and had our first date. The reason why I've been smiling since. Thanks… https://t.co/iklM0jSyQ6]]></document>
		<document><![CDATA[Grafton street looking all pretty 💡💡💡💡 #christmasdecorations #christmas #christmaslights… https://t.co/UFPc2nGoiQ]]></document>
		<document><![CDATA[The cuteness of @kildarevillage 🎁🎄💡✨#unwraphappy #mykildarevillage #christmas… https://t.co/DhBXzFAT3y]]></document>
		<document><![CDATA[Magical ✨✨✨✨ #coffee #coffeegram #coffeetime #coffeelover #coffeelove #coffeelife #coffeequotes… https://t.co/UmSfwEs8Nk]]></document>
		<document><![CDATA[Just another photo of these two sleeping cuddling each other. My phone mostly consists of many… https://t.co/nXBK4wfIn8]]></document>
		<document><![CDATA[Absolutely loving this lil gem from my @lizearle gift set I bought for myself in bootsuk 👌🏼… https://t.co/4oEg61zxma]]></document>
		<document><![CDATA[Best day ever yesterday killasheespa @killasheehotel 🛁🏊🏼👌🏼💆🏽💕 #spaday #hydrotherapy… https://t.co/DbeXxBkR4U]]></document>
		<document><![CDATA[Life!!! 😐😳😩 #roast #jokes #cangiveitbutcanttakeit #softy #lilprincess #wah #boohoohoo #lols @… https://t.co/18K66LqR3D]]></document>
		<document><![CDATA[She was very unsure at the dog park but warmed up and ran around like a nut job eventually. 😊🐶💕… https://t.co/EvK7d7lYTF]]></document>
		<document><![CDATA[@taraofarrell ✅ my good deed done for the day 😊 https://t.co/NFMpSkJkry]]></document>
		<document><![CDATA[Absolutely loving this colour 💚✨ #shellac #shellacnails #manicure #cndshellac #cnd @ Dublin,… https://t.co/EvnGkfrnqt]]></document>
		<document><![CDATA[Current situation minus the drink in my hand 🙄🤔😒😤 https://t.co/Od6GpsKM6H]]></document>
		<document><![CDATA[My favourite teddy cuddling a teddy 🐶💕 #nightnight #sleepydog #sleepingbeauty #cute #cutie… https://t.co/iPWw97ItfQ]]></document>
		<document><![CDATA[💭💭💭 #decisions #life #lifequotes #quotes #quoteoftheday #latenightthoughts #cantsleep… https://t.co/sBdzA9Auzc]]></document>
		<document><![CDATA[Baby sis 👶🏼💕 @narrysmocha #cutie #loveher #lilsis #babyofthefam #cute #sistertime #family #home… https://t.co/39VV5qGs3r]]></document>
		<document><![CDATA[Dundrum looking all pretty and ready for Christmas 💡💡💡💡 @dundrumtc #dundrumtowncentre #dundrum… https://t.co/VgPvEC2SHw]]></document>
		<document><![CDATA[Mid giving bad manners 🙄🤔🤓😄 #whatababe #twat #cutie #datenight #funnight #goodtimes #fabfood… https://t.co/RRgvJmbuc1]]></document>
		<document><![CDATA[Lovely food tonight @wearezizzi @dundrumtc #datenight #zizzis #sundaynights #dundrum… https://t.co/9xMTEeLGBU]]></document>
		<document><![CDATA[Living in my boots 💃🏻 #overthekneeboots #primark #pennys #pennysoutfit #fashionbloggers #fashion… https://t.co/RvSdxuOm9M]]></document>
		<document><![CDATA[Choker bitch 💁🏻✌🏼️ #fashion #riverisland #fashionbloggers #chokers #chokerstyle #selfie… https://t.co/w2VNDmajZo]]></document>
		<document><![CDATA[Missing waking up to this cuteness this weekend!!😍❤️ they adore each other and I don't get a… https://t.co/IlUE4ZWdYu]]></document>
		<document><![CDATA[Hard at work apparently 😍🙈😂 #bichonlove #bichon #bichonfrise #dogsofinstgram #dogstagram #dogs… https://t.co/02OCVXlSah]]></document>
		<document><![CDATA[Apparently Millie is Patrick's new Sexretary 😂😂😂😂 he's on dogsitting duties and she's loving… https://t.co/DYhNj8W4Ec]]></document>
		<document><![CDATA[🙌🏼💕 #yup #prettymuch #weallhaveflaws #fuckedup #quote #quoteoftheday https://t.co/qq9pdp4hpN]]></document>
		<document><![CDATA[I've never related to a meme more in my life 🙈😂 sorry not sorry patrickdiamond 😛😘 #ha #lol… https://t.co/g0aj5yQ5K4]]></document>
		<document><![CDATA[I did it again 🙈 another fab find in penny's on O'connell street. Always quickly stop in there… https://t.co/ZdmwKztPik]]></document>
		<document><![CDATA[Swoon 😍 hot stuff patrickdiamond 😛 #hottie #sneakypic #swoon #whatababe #beardonpoint… https://t.co/Fgfr5EVAY6]]></document>
		<document><![CDATA[Possibly the best thing he's bought me yet!! These boots from penny's 😍👌🏼😁 @primark so comfy and… https://t.co/DpWmubP9TU]]></document>
		<document><![CDATA[Just your casual tit grab in da club 🤔😏🙄😂 Cheers patrickdiamond 😛 #pimpandhoe… https://t.co/gPeBBpVOy8]]></document>
		<document><![CDATA[Mood 😴😴😴 #tired #mood #sleepy #isitbedtimeyet #yawn #sleepy #onlytuesday #fuck… https://t.co/gFhvyjOFKS]]></document>
		<document><![CDATA[Selfie throwback just cause 💁🏻 #selfie #throwback #whatwhat #riveeisland #choker #chokerbitch… https://t.co/9umxCPfo03]]></document>
		<document><![CDATA[Two posers 👧🏽🐴 @narrysmocha and hurricane fly. #beaut #ireland #kildare #irishnationalstud… https://t.co/tSGRaVBkg9]]></document>
		<document><![CDATA[Dragon pulse 🐲🐴❤️ #dragonpulse #irishnationalstud #kildare #ireland #beaut @ Irish National Stud https://t.co/EFCYyfwLd6]]></document>
		<document><![CDATA[Three legends 🐴🐴🐴 #hardyeustace #riteofpassage #hurricanefly #feedtime #carrottime… https://t.co/7NwUANRGHG]]></document>
		<document><![CDATA[🐴❤️ #ireland #kildare #lovelyday #yay #erincametovisit #irishnationalstud #horse #carrottime… https://t.co/E0MYWmJQ57]]></document>
		<document><![CDATA[Too much cuteness in one photo 😍🐴🐶❤️ @narrysmocha #babysister #dog #horse #irishnationalstud… https://t.co/GjECmG5jun]]></document>
		<document><![CDATA[Patrick photobombing my picture because he's sick of me taking photos of everything 🙈😂… https://t.co/Km83oBHRQp]]></document>
		<document><![CDATA[Just Millie posing on a log 😍🐶❤️ #walktime #walk #emopark #october #autumn #dayout #bichon… https://t.co/GmMB6kyZ8A]]></document>
		<document><![CDATA[What a day 🌲🍂🍁 #dayout #lovelyday #autumn #october #emopark #walk #walktime @ Emo Court https://t.co/dymTx8mXIq]]></document>
		<document><![CDATA[Wrestling a stick of him. 🐴❤️ #ireland #kildare #irishnationalstud #beeforsalmon #dayout #horse… https://t.co/daa0yNGU9A]]></document>
		<document><![CDATA[Stepping stones in the gardens #dayout #irishnationalstud #kildare #japanesegardens #ireland @… https://t.co/BxogeS4G6i]]></document>
		<document><![CDATA[Beef or Salmon having a munch 🐴❤️ #beeforsalmon #ireland #kildare #irishnationalstud #dayout… https://t.co/SFxJXGtdSg]]></document>
		<document><![CDATA[Japanese gardens 🌿🌾🍁🍂 #dayout #irishnationalstud #kildare #ireland #japanesegardens @ County… https://t.co/jWmak2LEz6]]></document>
		<document><![CDATA[Invincible spirit strutting his stuff 🐴❤️ #kildare #ireland #irishnationalstud #dayout #horses… https://t.co/7xGUmIZZ9y]]></document>
		<document><![CDATA[Gale force ten 🐴❤️ #horse #horses #dayout #irishnationalstud #ireland #kildare #kildare @ County… https://t.co/pzQBO3GyuS]]></document>
		<document><![CDATA[Day out exploring irishnationalstud on Tuesday this guy came right over to say hello 🐴❤️… https://t.co/dwjCjpUUNX]]></document>
		<document><![CDATA[🍂🍁😍🐶❤️ #bichonfrise #bichon #bichonlove #dogsofinsta #dogs #dogstagram #dogsofinstgram #doglife… https://t.co/jYfj8stfiU]]></document>
		<document><![CDATA[Two coffees needed after that day!😴🙈☕️❤️ @starbucks @kildarevillage #longday #busjourney #tired… https://t.co/vd5VOU5hXm]]></document>
		<document><![CDATA[Just another night with my main hoe 👭💕 xoxo gossip girl ✌🏼️ #besties #mainhoe #nightout #drinks… https://t.co/hmXOZNSZVZ]]></document>
		<document><![CDATA[Autumn colours 🍁🍂❤️ cndworld nuubeautyandnails #shellac #shellacmanicure #shellacnails… https://t.co/Bke8qvnYuE]]></document>
		<document><![CDATA[The night I met my honey 😍👭💕 met a friend for life that night! Can't wait to see you next week!… https://t.co/DLBbONj4RH]]></document>
		<document><![CDATA[So much fluffiness 😍😍😍😍 #sofluffy #fluffy #bichon #bichonlove #bichonfrise #dogmom #dog… https://t.co/3TPAWua0Yx]]></document>
		<document><![CDATA[Don't normally like strawberry milkshakes but this was just unreal!!!👌🏼🍓😍 #milkshake #milshakes… https://t.co/3v77nsH1e8]]></document>
		<document><![CDATA[He's an idiot but he's my idiot 😊😁🤓👫❤️ #idiot #myidiot #tookovermysnaphat #lastnight #cinema… https://t.co/vg4JXDvHLL]]></document>
		<document><![CDATA[👫❤️ #randomnight #drinks #lastnight #justoneortwo #pints #ginandtonic #happy #boyfriend #cute… https://t.co/x7kOzUVDYI]]></document>
		<document><![CDATA[God help us all roisindaly91 😭💔🙈😂 #birthdaytime #turning25 #iknowthatpain #wearenot22… https://t.co/kCt5C2ymhw]]></document>
		<document><![CDATA[Puppy cuddles and Calvins 👌🏼🐶❤️ #dogstagram #doglove #doglife #dogsofinsta #dogs #bichonfrise… https://t.co/aeJvdebKfe]]></document>
		<document><![CDATA[My snuggle butt!!! Missed her so much!! 😍🐶❤️ #happygirl #happy #millie #missedher #snugglebutt… https://t.co/DOhSlZCecL]]></document>
		<document><![CDATA[I mean 🙌🏼😍 #stylish #style #fashion #fashionbloggers #pennysbest #primark #dress #newdress… https://t.co/7vIiImNYGv]]></document>
		<document><![CDATA[Last night 👌🏼🍟🍔❤️ #datenight #fiveguys #fiveguysburgersandfries #dundrum #dublin #yum #yummy… https://t.co/ShzVR6bJ3w]]></document>
		<document><![CDATA[Date night 👫❤️ #hesback #yay #happy #excited #datenightoutfit #fashion #style #pennys… https://t.co/eh8eFZlITV]]></document>
		<document><![CDATA[😂😂😂😂 patrickdiamond get ready to be tortured when you get back 😁😘 #clingygirlfriend #dontcare… https://t.co/Eiw7vxCbIt]]></document>
		<document><![CDATA[Need this fleece duvet cover in my life!! 😍 #homeware #bedding #nextireland #nexthomeware… https://t.co/liCwpwa1EL]]></document>
		<document><![CDATA[Selfie from Saturday night 📸 only decent photo from the night!🙈😂👭 #girlsday… https://t.co/o15fmI7Tt9]]></document>
		<document><![CDATA[☕️🙌🏼 #coffeelover #coffeetime #coffeeneeded #coffee #coffeelife #coffeesesh #coffeeaddict… https://t.co/6SSmu1BSak]]></document>
		<document><![CDATA[❤️✌🏼️☮ #worldmentalhealthday #strength #strong @ County Dublin https://t.co/dw1GaYXbVU]]></document>
		<document><![CDATA[Grateful you are mine ❤️  #missinghim #comehome #ineedcuddles #hurryupwednesday #cantwait #love… https://t.co/IiolaqLLku]]></document>
		<document><![CDATA[Is it lunch time yet? I'm going home for a nap!! 😴😴😴 #tired #badnightsleep #yawn #needsleep… https://t.co/5lCzbOkOTc]]></document>
		<document><![CDATA[Facemask time 🤓🙌🏼💚 #facemask #mask #facialmask #pureclay #detoxmask #clay #beautifulskin #glow… https://t.co/qoXkHdtqW0]]></document>
		<document><![CDATA[Finally got myself a bomber jacket, glad I waited and found this beauty in @pullandbear 😍👏🏼😁🛍… https://t.co/O1U5gh1aSO]]></document>
		<document><![CDATA[He's so handsome I can't deal!!😍😍😍👫❤️ #wedding #fridaynight #handsome #beautifulman #gorgeousguy… https://t.co/qOi8rYpQHz]]></document>
		<document><![CDATA[Cinema date last night with sjacob101 👭☺️💕 #cinema #cinemadate #popcorn #butterpopcorn #nom #yum… https://t.co/UWqqyxd1Y0]]></document>
		<document><![CDATA[Went for the same nude as last time and just like when I was in salon I can't remember the name… https://t.co/EY6Xxc0FNx]]></document>
		<document><![CDATA[Sorry but am I actually in Ireland!!! No filter the sky is really that blue today!!🙌🏼😍💙… https://t.co/i0VUA3l2Gu]]></document>
		<document><![CDATA[New favourite product!!!👌🏼💙 I have been using this for a few weeks now and I love it!! @lizearle… https://t.co/9Z4DKWKTJR]]></document>
		<document><![CDATA[Couldn't take this poser back to Dublin with me after the weekend and I miss her so much… https://t.co/4f88ZdsZqD]]></document>
	</documents>
</author>