<author lang="en">
	<documents>
		<document><![CDATA[The longest university subject reading list in @talisinsight is 1606 items! #goodbyeweekends #talisinsight]]></document>
		<document><![CDATA[@kimtairi @aut_library Libraries are very proficient at collecting incredibly useless data]]></document>
		<document><![CDATA[@uow gives student analytics data to students to track their interaction levels against the cohort. An interesting motivator #talisinsight]]></document>
		<document><![CDATA[An amazing team, facing a horrifying reality https://t.co/YzQc0b7E2U]]></document>
		<document><![CDATA[Look Ma, I'm in the papers! Read about our innovation program at @qutlibrary in @ALIANational Incite magazine https://t.co/fGtI89DDJo]]></document>
		<document><![CDATA[A morning well spent! Read to your kids! Thanks #memfox &amp; #pyjamafoundation https://t.co/VJed7MvHfx]]></document>
		<document><![CDATA[RT @TashaRobinson: "How Finding A Fat YA Heroine Changed My Life." Raw, riveting writing about identification. https://t.co/mGD3ahbtxn]]></document>
		<document><![CDATA[Cake activism IS a thing  https://t.co/x5fT5v20hy]]></document>
		<document><![CDATA[@HughRundle Airport management have already removed them]]></document>
		<document><![CDATA[@betsybookworm @madradish After 4 rounds of dye it eventually went brown ;)]]></document>
		<document><![CDATA[@madradish Brilliant! I have a 6 heddle table top loom that I never quite cracked #inspiring]]></document>
		<document><![CDATA[@suehutley OMG that looks amazing!]]></document>
		<document><![CDATA[@acrystelle I listened to this story on @themoth just this morning. https://t.co/dG83LWyYFv You're not alone and it's totally fine :)]]></document>
		<document><![CDATA[Childcare funding changes leave disadvantaged children with fewer hours of early education https://t.co/To68MbHVpM via @ConversationEDU]]></document>
		<document><![CDATA[@susiepkmelb Where did you get those VHC sheets? I NEED some]]></document>
		<document><![CDATA[Spent the morning #doingabradbury https://t.co/lByXYaD58M]]></document>
		<document><![CDATA[@betsybookworm  :O https://t.co/dcDUcP21tw]]></document>
		<document><![CDATA[Tweet of the day  https://t.co/CN0c7qnJO2]]></document>
		<document><![CDATA[Puppy cuddles achieved next to P block at Gardens Point #qut Today has significantly improved]]></document>
		<document><![CDATA[@bonitoclub So true. I've been using the same one for about 6 years]]></document>
		<document><![CDATA[The worst part of conference submissions: your biography. Blergh]]></document>
		<document><![CDATA[RT @ASRC1: We expected change @TurnbullMalcolm Sending a #refugee woman who has been raped &amp; is pregnant back to #Nauru is simply horrifying]]></document>
		<document><![CDATA[Join me at ALIA Qld Mini-Conference: Together We Are More! https://t.co/I5eWYCQ6xc #aliaqldminiconference2015 | Powered by #RegOnline]]></document>
		<document><![CDATA[@FiFYI Have a cup of tea, a Bex and a good lie down. I'm pretty sure that's what Tones is doing]]></document>
		<document><![CDATA[Fashion collectors! If you're an 8 this unworn #prueacton gem in pure silk is at Salvos Alderley for… https://t.co/jENriiiOJD]]></document>
		<document><![CDATA[@QUTAlumni But who won the trivia comp??]]></document>
		<document><![CDATA[@lyndelleg Good library PR, but all I can think is gee that cake looks good. Seeing everything through 3pm sugar-low glasses]]></document>
		<document><![CDATA[!!!! #explodingkittens #gametime https://t.co/HyC73w2HdC]]></document>
		<document><![CDATA[I think the Muddle Cakes have been the star performers today in the  #cookingforcopyright campaign. They look gorgeous!]]></document>
		<document><![CDATA[I made a batch of Ag's Illicit Coconut Biscuits with GF flour. Delicious! #cookingforcopyright… https://t.co/FbcTv6wTaD]]></document>
		<document><![CDATA[Male, Mad and Muddleheaded: The portrayal of academics in children's books is shockingly narrow. http://t.co/f7jICku2HO]]></document>
		<document><![CDATA[@RobynDennis Pouring $$ into a university to develop more online learning to replace regional access doesn't make me feel +ve :(]]></document>
		<document><![CDATA[A little whimsy for a Wet Wednesday morning http://t.co/iVr0U2Wgm4]]></document>
		<document><![CDATA[RT @markleggett: Dress for the job you want. http://t.co/tqYndROTyg]]></document>
		<document><![CDATA[RT @victoriapolice: Fantastic news! Missing boy Luke Shambrook has been found alive. Further information to follow → http://t.co/3Nseg7trRo]]></document>
		<document><![CDATA[Australian grocery shopping habits. A couple of years old now but surprisingly interesting http://t.co/zO0rSJ8IHC]]></document>
		<document><![CDATA[I has officially reached that time of the week when I all I want to do is crawl under my desk and do some knitting]]></document>
		<document><![CDATA[@saml_s Aww, worth every cent :)]]></document>
		<document><![CDATA[Quick tweet poll: would a kettle/tea station built into your desk be ideal or horrible? Constant tea vs probable immobility? #assignmenting]]></document>
		<document><![CDATA[First undergrad Pedro sighting of the new academic year :D #VoteForPedro]]></document>
		<document><![CDATA[Nearly forgot to gram my Super new tshirt! #fbcustomisedadvertisingFTW http://t.co/4RFrMoyADP]]></document>
		<document><![CDATA[@amyecroft @CQUniversityVC Is that popping candy on top??]]></document>
		<document><![CDATA[Shirley Manson perfectly nails what’s wrong with Kanye http://t.co/6SiG9eIFoq via @Salon]]></document>
		<document><![CDATA[RT @ALIAonline: Papers and presentations are now available on the conference website. #online15]]></document>
		<document><![CDATA[Screw Pinterest quotes, THIS is inspirational. Especially for you @kimtairi http://t.co/eR3nb5uWYH #sourceunknown #Bowie]]></document>
		<document><![CDATA[RT @flexnib: They Came For The Abbott Spill, And Missed The Only Real Story In Town http://t.co/jxaBRB95JJ]]></document>
		<document><![CDATA[RT @Annar: The future of libraries by @janecowell8 #digitalrevolution #futureoflibraries http://t.co/HUqwKX1Oxg via @SlideShare]]></document>
		<document><![CDATA[RT @Blackdoq: The question that came back to haunt Tony Abbott #auspol #libspill http://t.co/O4r2IbWDim]]></document>
		<document><![CDATA[@Bibliothecaire3 But there is always a reason. We can't keep ignoring politics because we don't like it, or we'll always be victims/pawns]]></document>
		<document><![CDATA[The generic professional skills like people, change, project, financial &amp; relationship management are often wanting in librarians #online15]]></document>
		<document><![CDATA[@strangestories S'ok, this is the only day it was there. You didn't miss anything!]]></document>
		<document><![CDATA[Careful listening: Tempting to just collect analytics, but log in and read the content- look beyond the hashtag @ellenforsyth  #online15]]></document>
		<document><![CDATA[Accountability in sm use is critical, but experimenting is essential @ellenforsyth #online15]]></document>
		<document><![CDATA[Honey hiccups #FyouFODMAPs]]></document>
		<document><![CDATA[@ACatAteMyTweets @suehutley 's table 59 :)]]></document>
		<document><![CDATA[Via @nprnews: Harper Lee Plans To Publish A New Novel Featuring 'Mockingbird' Hero http://t.co/RtjK7quBXD]]></document>
		<document><![CDATA[JCU have unlocked the Puntastic Presenter badge for #online15]]></document>
		<document><![CDATA[ie students take shortcuts and the easy road #online15 http://t.co/lZBoxiXCFF]]></document>
		<document><![CDATA[You know what we need? A new word for literacy. Librarians love it but everyone else hates it, it's so patronising #notaconferencenote]]></document>
		<document><![CDATA[Client personas developed by USYD library project team are being shared with the whole organisation #online15]]></document>
		<document><![CDATA[Keeping users at the heart of the design project make you look past the micro of the project and at the macro of the organisation #online15]]></document>
		<document><![CDATA[Clients wanted graphical representation of facilities and resources at Uni of Sydney #online15]]></document>
		<document><![CDATA[@alysondalby In 3 days this will either be incredibly soothing or the soundtrack to my madness]]></document>
		<document><![CDATA[Copyright: The short term financial interests of private companies should not be holding up the growth of human knowledge #online15]]></document>
		<document><![CDATA[@KatrinaMacADL @LA101x I think any library I know certainly would]]></document>
		<document><![CDATA[@KatrinaMacADL @LA101x "I have made it my mission to have librarians make their communities better through active service" YES]]></document>
		<document><![CDATA[@SarahLibrarina @Fiona_KerrNZ Sounds PERFECT]]></document>
		<document><![CDATA[@coffeemiss @statelibrarynsw He looks distressed about his fate]]></document>
		<document><![CDATA[RT @mrbenjaminlaw: Our school reading program was RIBIT (Read In Bed, It’s Terrific!). Now things are just weird. http://t.co/iQkOwrpqRS]]></document>
		<document><![CDATA[RT @ALIAnls7: NLS7 Call for Papers out now. See http://t.co/aHTnrpyHtL for details. Help us RT :) @AIIP @HLInc @CAULalert @hacklibschool]]></document>
		<document><![CDATA[Come work with me! RT @qutlibrary: Work for us! We need a Liaison Librarian at our Caboolture campus http://t.co/2dwNpq3WQg #libraryjobs]]></document>
		<document><![CDATA[@FiFYI It's all over your face! Adorkable!!]]></document>
		<document><![CDATA[@suehutley @AcademiaObscura Put a cat on it. Works every time ;)]]></document>
		<document><![CDATA[RT @ittykat:  MT: "The tributes to #sydneyseige victims continue to grow as Sydneysiders go about their daily life http://t.co/N0O7Vev7Nq"]]></document>
		<document><![CDATA[@library_anthony Don't google anything!!]]></document>
		<document><![CDATA[RT @matthewbrala: 3 hours ago NSW Police asked the media to be responsible regarding speculation. News Ltd responds http://t.co/fn4hNijE6w]]></document>
		<document><![CDATA[Don't allow your anger to be turned towards those who have made homes amongst you, who work beside you &amp; have caused you no harm]]></document>
		<document><![CDATA[RT @HelenRazer: A modest tribute to big ideas. On the thought and action of Stella Young.  
http://t.co/ssmYTi8Lmx]]></document>
		<document><![CDATA[RT @CQUni_Library: Feeling the holiday spirit at @CQUniversity - check out our 'upcycled' book wreath! http://t.co/Ipgw0Ibram]]></document>
		<document><![CDATA[Santa sent me some naughty boys to sort out :D #earlyxmasFTW http://t.co/hBwlG0BzsE]]></document>
		<document><![CDATA[A few people around Brisbane may find this handy today http://t.co/3E2zwuelz9 #bnestorm]]></document>
		<document><![CDATA[Agile leadership: what it is and how to get it http://t.co/nDc28Fflsw via @mjasmus]]></document>
		<document><![CDATA[RT @slqld is a little under the weather so we'll be closed on Fri 28 Nov. Check online for updates. Apologies for any inconvenience.]]></document>
		<document><![CDATA[The Librarian Mystique]]></document>
		<document><![CDATA[Judging presentations by some very smart kiddies at the First Lego League at #QUT #caboolture]]></document>
		<document><![CDATA[RT @ispinyarn: Seriously awesome job opening at Pandora: Lead Librarian: http://t.co/rMfX4BX0Hg #libraryjobs]]></document>
		<document><![CDATA[#qutmovember #caboolture http://t.co/vDNN5lt8J5]]></document>
		<document><![CDATA[#qutmovember #caboolture http://t.co/gsw6sXKtdj]]></document>
		<document><![CDATA[Segways are so lame #THIS RT @HistoryInPics: A salesman has his motorised rollerskates refuelled, Conneticut, 1961 http://t.co/K7cINkxJzR]]></document>
		<document><![CDATA[Props @qutlibrary! MT @AlsurfM: QUT is ranked #10 worldwide for library web repository. It's the top Australian uni http://t.co/0QhMr3189Q]]></document>
		<document><![CDATA[Abbott/Pyne didn't think they'd be caught talking during Plibersek's entire Whitlam eulogy. Well, they were! #AusPol http://t.co/AW5H1dlBen]]></document>
		<document><![CDATA[Ugh. The only things I hate more than possums are ibis #idontcareifuourenativeyouregross]]></document>
		<document><![CDATA[The worst part of queues in hipster locales: listening to the conversations. My God I hope I wasn't this mundane when I was 20]]></document>
		<document><![CDATA[@wendyldavis @deborahbrian @adelaidejerks I think your analogy was SPOT ON]]></document>
		<document><![CDATA[Luxury Cars Are Music to Your Ears! http://t.co/tBHEBYLDOt]]></document>
		<document><![CDATA[“@MuseumofBris: Been meaning to post this all day… Is there a cure to Procrastination? http://t.co/Z85sBnrKN1” @ittykat]]></document>
		<document><![CDATA[Delightful “@MuseumofBris: Been meaning to post this all day… Is there a cure to Procrastination? http://t.co/Z85sBnrKN1”]]></document>
		<document><![CDATA[RT @slipperyseal: Here is a thing i made http://t.co/USC89HlzX7]]></document>
		<document><![CDATA[RT @WtfRenaissance: Wes had gotten drunk on Black Sambuca, fallen asleep on the tram and woken up at the end of the line....]]></document>
		<document><![CDATA[RT @mrbenjaminlaw: Another white reporter puts on a hijab/niqab for a day! FASCINATING. Off to adorn black paint so I discover what it's...]]></document>
	</documents>
</author>