<author lang="en">
	<documents>
		<document><![CDATA[Imagine how much better off America would be if Joe Biden ran for president]]></document>
		<document><![CDATA[I don't see the point in blocking trump from the country... What will that get done? How will we debate him? How will we prove him wrong?]]></document>
		<document><![CDATA[Listen to my beets 

Listen to MART - 豆 by TV HEAD #np on #SoundCloud
https://t.co/RWzDItyEga]]></document>
		<document><![CDATA[@Complete_Tosser @SkyWilliams you gotta give the man credit where credit's due, family guy season one and two were gold]]></document>
		<document><![CDATA[@L0Litsmonica @vivaciousjacky I'd say pastel colours, but that's just cause I'm hipster trash]]></document>
		<document><![CDATA[@L0Litsmonica make this a print when it's done cause it looks TIGHT]]></document>
		<document><![CDATA[@PodcastSchmucks is off to the strongest start of all time, keep it up baby boy https://t.co/tRUFVTTbeE]]></document>
		<document><![CDATA[I was gonna fall asleep listening to this but I can't stop laughing https://t.co/z1xVvVX5wg]]></document>
		<document><![CDATA[@MBhoops13 they're actively changing nothing, you think trump's gonna resign cause a few folk in another country are protesting]]></document>
		<document><![CDATA[the word slacktivism comes to mind]]></document>
		<document><![CDATA[don't think the folk protesting Trump n Edinburgh know that he's not the president of our country and has little to no impact on their lives]]></document>
		<document><![CDATA[@TwigNightclub @OwensTheWorld is this no from your Halloween costume?]]></document>
		<document><![CDATA[@CathyisScared aw naw man it actually posted this. sorry @Svengali__ lmao]]></document>
		<document><![CDATA[[Secret Crush] Your Secret Crush is @FutureHobo1998! Who's yours?
via https://t.co/C74MbvD9wS https://t.co/CjzHZjn9lx]]></document>
		<document><![CDATA[[Valentine] @FutureHobo1998's Valentine should be @CathyisScared! Who should be yours?
via https://t.co/C74MbvD9wS https://t.co/8nlHbvQfsA]]></document>
		<document><![CDATA[@bec_leslie_ Dunkin has the best fucking coffee of all time don't diss]]></document>
		<document><![CDATA[most agora clothes are cringy sadboi shirts but this is actually pretty cool https://t.co/uYGCsDLpxI]]></document>
		<document><![CDATA[48 years today since the last Beatles concert https://t.co/btnCHQG9dH]]></document>
		<document><![CDATA[@IuIucia she cleans it all out and shit she's pro]]></document>
		<document><![CDATA[David Harbour's speech put Meryl streeps to shame, what a legend]]></document>
		<document><![CDATA[Note to self... If you call a racist a racist they will block you @FacMagnaAmerica https://t.co/7pI32aLEA8]]></document>
		<document><![CDATA[@FacMagnaAmerica @Riskarr5 do you not see how you are a racist]]></document>
		<document><![CDATA[@FacMagnaAmerica @Riskarr5 why do you give a shit though, Why does it matter what colour someone's skin is]]></document>
		<document><![CDATA[@FacMagnaAmerica @YouTube such an outdated world view, honestly you are grasping at straws]]></document>
		<document><![CDATA[@FacMagnaAmerica what's wrong with diluting races?]]></document>
		<document><![CDATA[@FacMagnaAmerica @MsBlaireWhite Becky you are a despicable human being]]></document>
		<document><![CDATA[WHY DO YOU NEED SCANNED PROOF OF MY QUALIFICATIONS I'M APPLYING FOR LIDL NOT NASA]]></document>
		<document><![CDATA[@mklachu "who is she?" https://t.co/aqixLelmyM]]></document>
		<document><![CDATA[@L0Litsmonica Might be a bit of a dialect barrier here but what the fuck are Lady Pants?]]></document>
		<document><![CDATA[New 4 track TV HEAD mixtape MART out on Soundcloud now https://t.co/K9S3GEN0Pl]]></document>
		<document><![CDATA[He would literally unplug my phone if I tried to put on anything that wasn't exactly what he wanted...absolute worstcunt avoid at all costs]]></document>
		<document><![CDATA[I love cheesy dad rock as much as the next guy but when you're pished you just want to listen to something different]]></document>
		<document><![CDATA[Guy who was hogging the aux last night had the worst choice in tunes I've ever heard]]></document>
		<document><![CDATA[Calling the right wing Nazis is like calling the left wing Commies... Neither is clever, neither is productive, get a grip]]></document>
		<document><![CDATA[probs shouldn't be eq-ing beats with my headphones over my beanie]]></document>
		<document><![CDATA[He was 7 years old in 2003... https://t.co/1wmiJhutA1]]></document>
		<document><![CDATA[with the moon music from duck tales]]></document>
		<document><![CDATA[I need an edit of this where he just keeps flying off into space https://t.co/hojjJEAHiI]]></document>
		<document><![CDATA[why wont nerd get back together https://t.co/05OrVzciJD]]></document>
		<document><![CDATA[14 likes on my new track damn... that's good for me i guess lmao https://t.co/jXtioM8AkH]]></document>
		<document><![CDATA[@IuIucia I'd pay 27 dollars a month for that hell yeah]]></document>
		<document><![CDATA[Textbook sectarianism.]]></document>
		<document><![CDATA[The whole Muslim ban thing doesn't even seem real man... Actual American citizens aren't being allowed back in... Ridiculous.]]></document>
		<document><![CDATA[@HaVaHa @unkle_joe Joe, I can't believe you're burning bridges over political opinions, get a grip]]></document>
		<document><![CDATA[Last night was weird as hell but fun https://t.co/GKXdLKkODW]]></document>
		<document><![CDATA[Need to get pished before they start playing oasis]]></document>
		<document><![CDATA[@BasicallyAmSam unfollowed blocked reported]]></document>
		<document><![CDATA[Was it really worth it? the question on everyone's mind after buying the new Sherlocks' record... the answer?... no https://t.co/l1HQAJkpSf]]></document>
		<document><![CDATA[@TheWreckaStow7 any idea what I'd get for this? https://t.co/nnFcnzodxZ]]></document>
		<document><![CDATA[@NathanZed's story had me dying 😂 https://t.co/jvPWsEryEH]]></document>
		<document><![CDATA[and also cause they sent me 2 different discount codes and they stacked lmao]]></document>
		<document><![CDATA[just bought a sweater from vapor95 cause i'm a pure melt]]></document>
		<document><![CDATA[JTC removed my fave Guthrie track, so I went digging and found it on some obscure Japanese site.. so i reuploaded it https://t.co/dMw6xMLp3C]]></document>
		<document><![CDATA[It also took borderline slavery, excuse the pun https://t.co/oQOYRJPps4]]></document>
		<document><![CDATA[@OneyNG but now that you've taught everyone how to troll your server will be a hot mess]]></document>
		<document><![CDATA[I don't fully agree with everything @JonTronShow said, but I'm not going to stop watching his content because we have different worldviews]]></document>
		<document><![CDATA[Ppl are emailing nd tweeting his sponsors to get him blacklisted because he spoke his mind on politics,That kind of censorship is ridiculous]]></document>
		<document><![CDATA[How dare people call @JonTronShow a Nazi, just because he has opposing opinions to you doesn't mean you should try and ruin his career.]]></document>
		<document><![CDATA[Can't think of a single reason why someone would do that... It's pretty fucked]]></document>
		<document><![CDATA[Somebody's smashed the window in our living room...]]></document>
		<document><![CDATA[@RicepirateMick mustache game was so strong]]></document>
		<document><![CDATA[yer da buys lean on depop]]></document>
		<document><![CDATA[@sparkleboob what a hunk]]></document>
		<document><![CDATA[Man... Rest in peace John Hurt, one of the greats in acting/moustaches https://t.co/7jkx3Qcjcl]]></document>
		<document><![CDATA[@AnnStann @WilliamBGooode My Papa, the most American man on the planet is moving to Scotland soon... that's how u know shit's going down]]></document>
		<document><![CDATA[@AnnStann @WilliamBGooode Times like these I'm glad I don't live in America]]></document>
		<document><![CDATA[Listen to nerd for 10 minutes and try and tell me Tyler hasn't been copying them since day 1]]></document>
		<document><![CDATA[it doesn't look good... it's never subtle, everybody can tell you're using it...]]></document>
		<document><![CDATA[if you actually use prisma in ur band's logo, just die... please]]></document>
		<document><![CDATA[what kind of dog is this? https://t.co/kgmRVviH3t]]></document>
		<document><![CDATA[gonna buy this so i can get mad at people and face no repercussions https://t.co/LWHbhPVRPy]]></document>
		<document><![CDATA[if this stays under 200 it's mine https://t.co/B1uK6bDRGX]]></document>
		<document><![CDATA[this is great https://t.co/L5P9sFtCQm]]></document>
		<document><![CDATA[I'm off to Sauchiehall Street to busk this https://t.co/LG53PRzIlK]]></document>
		<document><![CDATA[If you're a fan of vaporwave go listen to it's real origins. https://t.co/8iJXeUkG2t]]></document>
		<document><![CDATA[Can't beat it https://t.co/WLhnZwtW7S]]></document>
		<document><![CDATA[@L0Litsmonica @JohnnyUtah_ng Jeff is an AMERICAN his liver can take a pounding]]></document>
		<document><![CDATA[@StamperTV @Sabtastique copyright 
Stam
Per]]></document>
		<document><![CDATA[@DaftLimmy how did you get silver healing as 76? did you only have one healer?]]></document>
		<document><![CDATA[There's no seats on the train and this woman has her handbag and phone taking up a seat... Why]]></document>
		<document><![CDATA[@Dinnerjoe thought this was real for a sec omg]]></document>
		<document><![CDATA[My grandad's getting out of hospital tomorrow! The man's indestructible]]></document>
		<document><![CDATA[@rachael_close I'm 20 minutes early]]></document>
		<document><![CDATA[Gotta run to the train station tonight https://t.co/cXwKwquU74]]></document>
		<document><![CDATA[ROLLING AROUND AT THE SPEED OF SOUND https://t.co/IjK8YuLN1s]]></document>
		<document><![CDATA[who made these omg https://t.co/ILVZaqmgK2]]></document>
		<document><![CDATA[howling https://t.co/ZA9Xv90HJe]]></document>
		<document><![CDATA[@MerkDEnglish has fallen on hard times https://t.co/JeZOCOD2Jv]]></document>
		<document><![CDATA[@Buzzkill_er greigs getting kicked out the band]]></document>
		<document><![CDATA[@Buzzkill_er bassist/backing vocals, but he secretly wants to be lead singer https://t.co/8YaUF5Qp6W]]></document>
		<document><![CDATA[@h0rrible_kids you need to be educated... ON MEMES #YouDip]]></document>
		<document><![CDATA[@h0rrible_kids it needs eradicated]]></document>
		<document><![CDATA[@Buzzkill_er you can tell he's the drummer https://t.co/Q0B1OpNGVs]]></document>
		<document><![CDATA[alert alert, the media has found MGTOW alert alert https://t.co/f2ejRafh8g]]></document>
		<document><![CDATA[@Buzzkill_er *puts smiths record in mouth*]]></document>
		<document><![CDATA[@CathyisScared the fact that people find this shit acceptable chills me to the bone.]]></document>
		<document><![CDATA[@CathyisScared it's not racist for anyone to be proud of their race but clovergender is possibly the most disgusting thing on the planet]]></document>
		<document><![CDATA[updated the url on my soundcloud https://t.co/2HBssawemY]]></document>
		<document><![CDATA[@HollyConrad you're implying white people means white American....]]></document>
		<document><![CDATA[@AnnStann yeah me too lemme grab my 3D glasses https://t.co/556STOLEM4]]></document>
	</documents>
</author>