<author lang="en">
	<documents>
		<document><![CDATA[If only photos came with sound...
Playlists on point. #FridayFeeling #agencylife https://t.co/F0heOvDMOQ]]></document>
		<document><![CDATA[Digital trends to watch out for this year via @FlywheelStrat https://t.co/hHLxNtexlP  #Marketing #trends2017 https://t.co/t2ZTfRg6zS]]></document>
		<document><![CDATA[Excellent article on 2017 trends and existing truths via @scottsnowden #Marketing #Strategy #BizDev https://t.co/GGMIl63UcV]]></document>
		<document><![CDATA[Take me to church ✨#NotreDame #Montreal #mtlmoments https://t.co/LOOSSnIUxs]]></document>
		<document><![CDATA[@mwildrose69 @DailyBreadTO And look at what ya could have won.... 🙈]]></document>
		<document><![CDATA[@luvdaiseez @Ticketmaster @Metallica @DailyBreadTO $100 to charity, $5650 to...who exactly? Would love to hear a good news story!]]></document>
		<document><![CDATA[@mwildrose69 @StubHub @Kijiji That's insane. So much for a charity gig.... I'm out!]]></document>
		<document><![CDATA[@mwildrose69 All good for PR, but no good for actual fans!]]></document>
		<document><![CDATA[@koalafireball Same here! So frustrated.]]></document>
		<document><![CDATA[@mwildrose69 @Ticketmaster @Metallica I was refreshing from 10.55 and gone before anyone I know got 'em. Gutted!]]></document>
		<document><![CDATA[Do you need to hire a social media agency, or can you do it yourself? Here's my thoughts! https://t.co/z7h4M6Aglx…… https://t.co/xrXLmWk3Us]]></document>
		<document><![CDATA["The future of travel just got a lot more interesting!" Via @DailyHiveTO @Airbnb #Travel https://t.co/fG1rf7NU6f]]></document>
		<document><![CDATA[Do you need to hire a social media agency, or can you do it yourself? Here's my thoughts! https://t.co/vUWsJd86x2… https://t.co/fzhCfjExuf]]></document>
		<document><![CDATA[Unveiling Christmas windows with @MariahCarey, fireworks and confetti cannons. Toronto takes this season seriously!… https://t.co/mUNqwTgkaB]]></document>
		<document><![CDATA[New favourite comic at my old favourite club! Thanks for an epic Tuesday @TVFunnyman #Toronto]]></document>
		<document><![CDATA[@worldarchery @zoenose ooh were you at this?]]></document>
		<document><![CDATA[Great deal with @VicinnityHotels tomorrow night for anyone in town! #Toronto #nbTO16 https://t.co/oTuipp8J4B]]></document>
		<document><![CDATA[Not convinced that the gender gap is as omnipresent as implied, but love this piece! #WomeninBusiness #EqualPay   https://t.co/pLfzZBObek]]></document>
		<document><![CDATA[@missomens I highly recommend the Gin Weasley. Befuddlement Draft is also quite delightful. Book the flight? #MichiefManaged]]></document>
		<document><![CDATA[Cocktail bar of the week. @missomens I believe you'd be a fan.  #Toronto https://t.co/svYgWCkFAk]]></document>
		<document><![CDATA[The edge of the world @NiagaraFalls #TravelTuesday https://t.co/wtOOzq2tkh]]></document>
		<document><![CDATA[Butterfly Conservatory @NiagaraParks #Nature #ExploreCanada https://t.co/zfIahdFfkC]]></document>
		<document><![CDATA[The beautiful road home from @NiagaraFalls #RoadTrip #Niagara. https://t.co/Yk16snjuMQ]]></document>
		<document><![CDATA[Churches, catwalks and clothes @DowntownYonge #OOTD #FashiononYonge https://t.co/3GgitzMMqs]]></document>
		<document><![CDATA[New app for Toronto-based hotels has just launched with some insane discounts! #Toronto #Tech   https://t.co/xSldytMIjh]]></document>
		<document><![CDATA[The CNE is back! @LetsGoToTheEX #FBF #Toronto #TheEx #CNE https://t.co/xWnKT3CULW]]></document>
		<document><![CDATA[The 8th Wonder of the World! Photo of the Horseshoe Falls, July '16. #NiagaraFalls #Claimthe8th #TravelPics https://t.co/r1FYC4TuAn]]></document>
		<document><![CDATA[@poloconghaile My days at @VisitDublin trained me well! #LoveDublin]]></document>
		<document><![CDATA[@poloconghaile @Indo_Travel_  Poolbeg Lighthouse at sunset, @CBL_Dublin and fish&amp;chips/ice cream in Howth. Perfect days!]]></document>
		<document><![CDATA[Under the sea @RipleysAquaCA #TorontoTravels #LoveYourCity https://t.co/r1V2KtQWfz]]></document>
		<document><![CDATA[@junkycosmonaut Isn't it?! I can't wait to go back. Algonquin in fall is next on my Canadian bucket list.]]></document>
		<document><![CDATA[@duey_the_irish Thanks! I'm no photog but it's hard not to make scenery like this look incredible. #Ontario #Canada https://t.co/tkm7cntuzx]]></document>
		<document><![CDATA[@duey_the_irish Gorgeous isn't it? Already planning the next road trip back to see the grotto!]]></document>
		<document><![CDATA[Flowerpot Island #Ontario #Canada #30x30challenge https://t.co/C98D8nfyqD]]></document>
		<document><![CDATA[I always thought photos of this place were heavily photoshopped. I was wrong. Pure beauty! #Ontario #30x30challenge https://t.co/pkTDVDsCYM]]></document>
		<document><![CDATA[I could go buy tarp to prep for a camping weekend of thunderstorms...or I could coffee. #Priorities #CoffeeRequired https://t.co/WGCUEdtM8j]]></document>
		<document><![CDATA[#WorldElephantDay #FBF https://t.co/wsboDOzkkR]]></document>
		<document><![CDATA[30 minutes turned into a six hour hike. #30x30challenge #Toronto https://t.co/m43FcIbITJ]]></document>
		<document><![CDATA[About last night. Crowds are crazy at #TOTD2016 https://t.co/3x8sx4sPJx]]></document>
		<document><![CDATA[My life right now. #AmReading  https://t.co/io1V0XTNmo]]></document>
		<document><![CDATA[Really wish I'd bought an iced coffee instead of this delicious molten lava Americano. #HeatWarning]]></document>
		<document><![CDATA[No place I'd rather be. #Toronto #30x30challenge https://t.co/JjfLkcGsTK]]></document>
		<document><![CDATA[@aleeshajulia I'm not easy to offend but that's just stupid marketing.]]></document>
		<document><![CDATA[Travel starts right on your doorstep. #NiagaraFalls #ngtravelhappy #Panorama https://t.co/ovc0swkM6u]]></document>
		<document><![CDATA[Last week: #BTS at @TheSocialCTV. What a genuine &amp; engaging group of women (girls?!) Thanks for having us! #Toronto https://t.co/oleNRuT1vU]]></document>
		<document><![CDATA[@PeopleOfCanada This happens to me more than I care to admit. Cue 1am when the project I was planning to start pops into my head!]]></document>
		<document><![CDATA[Had a blast at @ELORAGORGECA thanks to @Parkbus Looking forward to a summer full of more adventures! #Canada #Travel https://t.co/NevudSHlF2]]></document>
		<document><![CDATA[@TD_Canada Loving the "needs"/"wants" breakdown - very accurate and it's great to see my spending segmented! Here's to better budgeting :)]]></document>
		<document><![CDATA[Just downloaded TD MySpend app: Great job @TD_Canada, really impressed!]]></document>
		<document><![CDATA[Wherever in the world I choose to live, I'll always be by the water #LakeOntario #PortCredit #TO https://t.co/n45B7t2gie]]></document>
		<document><![CDATA[The countdown is on! Mardi Gras for @TheRedwoodTO happens this Saturday night. Get your tickets now #dosomegood https://t.co/zVPBlInvXB]]></document>
		<document><![CDATA[Looking for something to do Saturday Night? Come out to #MardiGras and dance in support of @TheRedwoodTO #DoSomeGood https://t.co/k2MYrccR7k]]></document>
		<document><![CDATA[Sunset on the island #Toronto https://t.co/q4yYk07Ukd]]></document>
		<document><![CDATA[Great news! @SteamWhistle is the official sponsor of #MardiGras! Find out more https://t.co/hhwz6MywHg #DoSomeGood https://t.co/HqBAxsEClL]]></document>
		<document><![CDATA[Tickets are available for #MardiGras in support of @TheRedwoodTO. Party for a good cause! DM for info #DoSomeGood  https://t.co/osCnt3FLKS]]></document>
		<document><![CDATA[Great news for content creators everywhere! https://t.co/lirsLTmiJd #Biz]]></document>
		<document><![CDATA[Sign the petition to support ridesharing and tell your Councillor to vote for smart regulations on May 3rd: https://t.co/RjNqhtbiJt #TO4Uber]]></document>
		<document><![CDATA[Very smooth first experience with @Zipcar! Really enjoyed my morning drive #GoodFriday https://t.co/0l3XQtlpiV]]></document>
		<document><![CDATA[This view will never get old, even on a dull day like today. #Toronto @thompsonhotels https://t.co/qS4DNoM4WD]]></document>
		<document><![CDATA[When the sun is shining, there's no better place in the world than where you are right now. #LoveYourCity https://t.co/nnVDmGwpGe]]></document>
		<document><![CDATA[The @google #StPatricksDay animation could keep me entertained all day long!]]></document>
		<document><![CDATA[Happy #StPatricksDay! Best seat in the house for the parade #StPatricksfest live stream on @RTEplayer #IrishInCanada https://t.co/D3qg3ODY2h]]></document>
		<document><![CDATA[Watch: Freedom: a 1916 story. Told via @LEGO_Group #Ireland2016 https://t.co/f1i81bhex4 #StPatricksDay #Ireland #EasterRising #Lego]]></document>
		<document><![CDATA[@sinead_mccarthy Some things never change 😉 #geeklife]]></document>
		<document><![CDATA[Just starting: LIVE webinar with @IanCleary on Optimizing Your Social Media Results. Join now https://t.co/BpsHSBYzKb #razorwebinar]]></document>
		<document><![CDATA[@AlexHelena Just saw this now: didn't see you there. Hope you enjoyed the talk @torontolibrary  #AppelSalon]]></document>
		<document><![CDATA[Finding inspiration in the everyday and the ordinary. "Take time to listen to people" @davidwalliams #AppelSalon https://t.co/ByPs40VjBI]]></document>
		<document><![CDATA[Love this video by @JetBlue, &amp; now we know two more destinations they fly to: smart move! #TravelTuesday #CostaRica https://t.co/X2ZIcWEuV1]]></document>
		<document><![CDATA[It's a wrap! Wonderful weekend at the @toirishfilmfest. Looking forward to seeing what's next! #LoveIrishFilm #TO https://t.co/ddhawmLhrp]]></document>
		<document><![CDATA[It's the final night of the 6th annual @toirishfilmfest at @TIFF_NET. What a weekend! #LoveIrishFilm #Toronto https://t.co/LimvXeVQfL]]></document>
		<document><![CDATA[Stunning complication of 9 shorts commissioned by the @IrishFilmBoard to commemorate the 1916 centenary #Ireland2016 https://t.co/DeEeOYiNdv]]></document>
		<document><![CDATA[It was a full house last night at @toirishfilmfest. Now for day2! #LoveIrishFilm #Toronto https://t.co/dXd5pD1LJl]]></document>
		<document><![CDATA[It's opening night! Get ready for an amazing weekend of film and fun with @toirishfilmfest #LoveIrishFilm https://t.co/D4eAj07uGa]]></document>
		<document><![CDATA[The festival clock is counting down! Only one day to go until @toirishfilmfest. Tickets at https://t.co/yf0neSKkNY  #loveirishfilm #TO]]></document>
		<document><![CDATA[Discover what to watch at the @toirishfilmfest this weekend via @nowtoronto https://t.co/Uqkjk97BCj #LoveIrishFilm https://t.co/I3cu6Lrokt]]></document>
		<document><![CDATA[They tried to kill him but couldn't. NameYourPoison is at @toirishfilmfest this weekend #toronto #luckoftheirish https://t.co/MWbSg44yBN]]></document>
		<document><![CDATA[Countdown to @toirishfilmfest is on! 3 days to go. Get your tickets now #LoveIrishFilm  https://t.co/yf0neSKkNY https://t.co/xnfj87I0hd]]></document>
		<document><![CDATA[Poker fans in #Canada: great opportunity to win a $1100 #WPT Canadian spring championship freeroll! #Win @partypoker https://t.co/WiaNLHwFYg]]></document>
		<document><![CDATA[Love is in the air! Great atmosphere at @BloorYorkville this weekend #Icefest16 #Toronto https://t.co/Mkft1Hw1Y9]]></document>
		<document><![CDATA[@JCGalway Gorgeous. Looking forward to seeing another JC special!]]></document>
		<document><![CDATA[Home or away, it's a big year for Irish history! #Ireland2016 @ireland2016  https://t.co/pC0XGx69De]]></document>
		<document><![CDATA[An amazing line up of feature film, guest star appearances and documentaries #LoveIrishFilm https://t.co/yf0neT1Wcy https://t.co/LZiOY68h9f]]></document>
		<document><![CDATA[Another beautiful night in #Toronto - when is this Canadian winter everyone told me about?! #TravelTuesday https://t.co/axqWcsC2fi]]></document>
		<document><![CDATA[I know I'm late to the party, but I just watched the finale of @SHO_Dexter and am genuinely angry at how bad that was. 8 seasons wasted #TV]]></document>
		<document><![CDATA[@lonelyplanet @missomens I'm just going to leave this here...]]></document>
		<document><![CDATA[@PeterPauperPres Hi guys: can you tell me when the weekly planners will be available? Specifically ISBN# 9781441317148. Thanks!]]></document>
		<document><![CDATA[@skift I'm a huge fan of @Skyscanner and @LateRooms - always have smooth experiences with both!]]></document>
		<document><![CDATA[@TazMoMedia Never get tired of seeing this one! Happy New Year :)]]></document>
		<document><![CDATA[The year I made stuff happen. #ByeBye2015 #HappyNewYear everyone! Let's make 2016 great. https://t.co/gmYmn7ZTYw]]></document>
		<document><![CDATA[Kinda wish this whiteout would last! #ONStorm #Toronto https://t.co/zJPVaDzSuQ]]></document>
		<document><![CDATA[The best day at @ROMtoronto made even better by a long walk home in the snow! #WinterIsHere https://t.co/THGphcwgk3]]></document>
		<document><![CDATA[@blogTO @Bigsmokeburger needs to be added to this list. Go for the burger, come back for the fries!]]></document>
		<document><![CDATA[Is the cold finally coming to Toronto?! #TO #Weather #WinterIsComing https://t.co/jrtqJTF59b]]></document>
		<document><![CDATA[@bryanyabish Agreed! No home alone or die hard on @Netflix_CA  is breaking my heart #Christmas]]></document>
		<document><![CDATA[Did not predict that! Unbelievable #UFC194]]></document>
		<document><![CDATA[Really excited for this show tonight! @leah_mci  #NaughtyNutcracker  https://t.co/2E5uqFUNN4]]></document>
		<document><![CDATA[Smart sponsorship of @TTCnotices from Twitter! #TTC #Canada #Advertising]]></document>
		<document><![CDATA[@TekSavvyCSR No DSL light: technician on the way tomorrow so hopefully gets sorted. @Netflix_CA withdrawals already! Thanks for the reply :)]]></document>
		<document><![CDATA[When @TekSavvyBuzz fails you, there is always @Starbucks! #wifidown #firstworldproblems https://t.co/ZKn9ErUoIN]]></document>
		<document><![CDATA[@_kirstyyyxo I didn't know what I was going to do tonight...now I do! :)]]></document>
	</documents>
</author>