<author lang="en">
	<documents>
		<document><![CDATA[@Styla73 Just imagine tho. Sigh.]]></document>
		<document><![CDATA[@Pseudony_Ms Ha, thx.  And congrats to her! Always great to hear those finish line stories.]]></document>
		<document><![CDATA[@Pseudony_Ms I get brutalist architecture + the wilds of Palmy.  (Or a large hedge when @ home.)  And no BBQ ;-) . https://t.co/9NqKZjhMjw]]></document>
		<document><![CDATA[@Lavender_Loves_ I am putting on my cat cafe t-shirt immediately in honour of this news!]]></document>
		<document><![CDATA[@Pseudony_Ms *Sharon immediately transfers uni &amp; discipline for the view &amp; food*]]></document>
		<document><![CDATA[@bootstheory Need to extract this whole thread for Ms17 to read. She will totally +1.]]></document>
		<document><![CDATA[@DeaExLena  It me this morning too! [Current bank balance stopping me emailing.]]]></document>
		<document><![CDATA[Jaysus. "I have a sort of feel that I'll buy a piece of that, ta." https://t.co/9vLpXzOXsK]]></document>
		<document><![CDATA[@Pseudony_Ms Without getting context I feel this may be the same as me saying I'm from Wgtn but really I live in Upper Hutt ;-) .]]></document>
		<document><![CDATA[@Pseudony_Ms @LI_politico What a shit show.]]></document>
		<document><![CDATA[@LewSOS Agreed. Bill sounded so flaccid and a bit rattled. Great to hear NZ media doing job in election year.]]></document>
		<document><![CDATA[@mizjwilliams @hadyngreen @ghettoanger @KaiserSuzi Much better than the stalky photo I tried to take of it one day. Best.]]></document>
		<document><![CDATA[@Pseudony_Ms We feel exactly the same at our place.]]></document>
		<document><![CDATA[@DearMama_ Well then he'll hv as much luck getting through to Beelengla as everyone else this morning.]]></document>
		<document><![CDATA[@chrishipkins @pmbillenglish Cheers for the response, Chris.]]></document>
		<document><![CDATA[@LI_politico The passivity is disgusting &amp; makes NZ complicit.]]></document>
		<document><![CDATA[@Styla73 Of course this one [showing my age]: https://t.co/bjKn8bNKHi]]></document>
		<document><![CDATA[@Styla73 @ToppTwins Every time I repost my Mururoa bombs at you, Kylie, I have the sound of NZ resistance music in my ears.]]></document>
		<document><![CDATA[@chrishipkins @nzlabour @NZGreens Also watching this arvo to make sure your shared vision sets the tone to resist discrimination in NZ.]]></document>
		<document><![CDATA[@chrishipkins
As my MP I'm asking you to ensure that Labour strongly condemns Trump's #MuslimBan &amp; also asks @pmbillenglish to do the same.]]></document>
		<document><![CDATA[@Tea_plus_orange Him &amp; Jacinda are PM &amp; deputy-PM in my heart ;-) .]]></document>
		<document><![CDATA[@finah_k Yes, I'm aware of a case of another national based in Oz who had trouble getting visa for conference in NZ too.]]></document>
		<document><![CDATA[@JLSousaSantos What does @pmbillenglish have to say about this since we are mucking around in Iraq as well?!]]></document>
		<document><![CDATA[So much this! That's why I'm directing any energy I have to calling it out &amp; resisting it right here! https://t.co/jsBGmRaUJk]]></document>
		<document><![CDATA[As academic I know it's already hard for those from Global South to get visas to attend conferences in US. Many more voices not heard now.]]></document>
		<document><![CDATA[Little time, little energy, little money BUT I gots some brains &amp; can write &amp; talk like a fiend and will march when… https://t.co/F0rCnstzCt]]></document>
		<document><![CDATA[@Knhannah Good list Kate. Hubs &amp; I gonna draw up a similar 3 pt list for action in our worlds.]]></document>
		<document><![CDATA[@LI_politico Shit. Lotta people.]]></document>
		<document><![CDATA[@grumpybirb I had to draw that line in November and focus my energy &amp; rage on NZ in 2017. The helplessness is debilitating otherwise.]]></document>
		<document><![CDATA[@LI_politico You think he's going to try to add those countries to the list too?]]></document>
		<document><![CDATA[It me. Trying to chillax while the kids are scrapping. @WellingtonZoo https://t.co/G8seTTrDp4]]></document>
		<document><![CDATA[@BMHayward Our current gift book of choice for pre-teens/early teens.]]></document>
		<document><![CDATA[Gus was also worried that 2016 would take out David Attenborough so I think he's pleased he's sorted out a replacement in @TwoPaddocks now.]]></document>
		<document><![CDATA[Mr 11 is fkn buzzing that Sam is narrating this. https://t.co/PBtmHezC4p]]></document>
		<document><![CDATA[I legit had this problem. Supervisors banned me from reading anymore until I started writing. #phdlife https://t.co/Li0QHoPsRX]]></document>
		<document><![CDATA[@myscienceylife Ha, love the mug!]]></document>
		<document><![CDATA[Actively sitting at my desk in my active wear activating my #coffeeselfie https://t.co/MK7DRyTFEk]]></document>
		<document><![CDATA[So proud, as a Kiwi woman &amp; global dev person, of the work Helen has done with UNDP. All the best for whatever adve… https://t.co/xeGcjBp3SC]]></document>
		<document><![CDATA[@grumpybirb @ParryKylie @reckonsemoji Luckily we're getting to stage of looking at ours &amp; thinking what a fkn great job we're doing ;-) .]]></document>
		<document><![CDATA[@librarykris @grumpybirb Oh, this is good one for all of us with lack of time.]]></document>
		<document><![CDATA[@ParryKylie @grumpybirb +1 this cliche. U can't guarantee how they'll turn out but def great investment of time/energy for a short season.]]></document>
		<document><![CDATA[So. I just ordered A Handmaid's Tale, 1984 and Animal Farm for my kids to read. Fun times.]]></document>
		<document><![CDATA[Curiouser &amp; curiouser? About the time he chucked his $ @ Xero? [Geez, why do I even care so much?] https://t.co/FjNsSqZLEs]]></document>
		<document><![CDATA[@Kim_Jolliffe Planning to get thesis into more shareable shape later in year &amp; get to you &amp; others.]]></document>
		<document><![CDATA[@Kim_Jolliffe Drift of international $ into these initiatives rather than ethnic gps = problem. (About to write thesis chapter on it. Ha.)]]></document>
		<document><![CDATA[@Kim_Jolliffe "The government said the Peace Fund will allow public “ownership” of the peace process." Hmmmm.]]></document>
		<document><![CDATA[@elebelfiore Added to post-PhD reading list, thx!]]></document>
		<document><![CDATA[@ChelleHopeBlog @Styla73 So much of the hovering! I'm OK to move on if cafe looks busy but seems counter productive for them if cafe slow.]]></document>
		<document><![CDATA[@Styla73 @markboynz  I'm trying to incorporate this into my writing to shake things up. Hv a prob with who watches laptop if I need loo tho.]]></document>
		<document><![CDATA[Honestly, quite happy if these two are preoccupied with shouting at each other during 2017. https://t.co/8fwoUpL24d]]></document>
		<document><![CDATA[Welcome back @CheckpointRNZ! (P.S. Always appreciate a little warning before seeing footage of distressed animals.)]]></document>
		<document><![CDATA[One of my @IDS_Massey colleagues is researching this very issue. So right - humanity should win over "earning" a pl… https://t.co/qgdZIDxH4N]]></document>
		<document><![CDATA["One-off gestures can be really important. People who are busy but want to make a statement, they're the foot soldi… https://t.co/x8vT3JsSdW]]></document>
		<document><![CDATA[@Styla73 Thanks from Mags.]]></document>
		<document><![CDATA[Mother and Child. #CoffeeSelfie https://t.co/uQJzjjY3Tj]]></document>
		<document><![CDATA[8 years ago I got up early to cry watch Obama's Inaugural Address. Sure as hell won't be doing this tomorrow.… https://t.co/dFC7IEQ9Op]]></document>
		<document><![CDATA[The dogs on the streets of Yangon gave me the sh#ts. Friend had had rabies jabs. I hadn't. Always brolly at ready.

https://t.co/aNw2R4yHft]]></document>
		<document><![CDATA[@Lavender_Loves_ Sitting in a beanbag watching the news about Erebus.]]></document>
		<document><![CDATA[@Jacky_Braid Was useful for Hubs to understand what one daughter had been through. We'd seen one of mums model this behaviour - excluding.]]></document>
		<document><![CDATA[@qui_oui Complete with Manukura, the white Kiwi!]]></document>
		<document><![CDATA[@qui_oui Drive past it on way up to Uni.  A friend has taken her kids &amp; says it's a rocking good time.]]></document>
		<document><![CDATA[@Pseudony_Ms @Lavender_Loves_  Better be as good as the hype!]]></document>
		<document><![CDATA[@grumpybirb That first ENORMOUS wee you do is incredible. You forget your bladder has that much capacity.  TMI?]]></document>
		<document><![CDATA[@Pseudony_Ms Might invite myself in for a nosy one day :-)]]></document>
		<document><![CDATA[@NZGreens putting up stellar candidates like Golriz. [While Greg O'Connor mooted for Labour = how do I tell the old… https://t.co/29w4PneFRH]]></document>
		<document><![CDATA[@Pseudony_Ms Doing same up in Palmy in our building - they must have got idea from Vic ;-)]]></document>
		<document><![CDATA[@Pseudony_Ms Good set of noise cancelling headphones = a must.]]></document>
		<document><![CDATA[@Pseudony_Ms Ha, I meant is the open plan space working for you. Massey CoHSS mooted a postgrad space for 55 of us but we didn't like idea.]]></document>
		<document><![CDATA[@Pseudony_Ms How many of you in there? Working for you?]]></document>
		<document><![CDATA[Welp, I guess Xero has secured its business interests in the US for now? https://t.co/DyhKbvqv24]]></document>
		<document><![CDATA[@radionz The radio programmes produced by the AUT students have been bloody brilliant.]]></document>
		<document><![CDATA["...authorities should urgently provide information on...two ethnic Kachin Baptist leaders who were apparently forc… https://t.co/Qb8Bd3trgb]]></document>
		<document><![CDATA[@Styla73 M has possible work trip there in May. He thinks it might not even be there by then.]]></document>
		<document><![CDATA[@Styla73 But nail magic loop = easy sock knitting ;-) .]]></document>
		<document><![CDATA[@Styla73 Magic loop OR you can use two circulars as well.]]></document>
		<document><![CDATA[@Dovil Yeah, did a little vom in my mouth as they panned around her lounge. "Minimalism" as an aesthetic.]]></document>
		<document><![CDATA[Loved Babette Cole's work. Remember being asked to hide 'Mummy laid an egg' from prudish friends' kids cuz of sex i… https://t.co/1YZVhFhDYn]]></document>
		<document><![CDATA[Landmines problem in these new conflicts AND in old/ongoing conflicts such as in #Myanmar. Has one of highest landm… https://t.co/nI0fiCgqD5]]></document>
		<document><![CDATA[@LI_politico Yeah, always question the back story/structures that allow someone to maintain 'work hard/boot straps' trope.]]></document>
		<document><![CDATA[@DearMama_ "AND I might even actively undermine you too." Ugh.]]></document>
		<document><![CDATA[@DearMama_ This has been my experience in another profession too. "You have to go through what I did AND I'm not going to help you either."]]></document>
		<document><![CDATA[Grew up with fear of nuclear annihilation. When the Wind Blows, Threads, The Day After, Reagan’s Star Wars Programm… https://t.co/pR20nsjMS0]]></document>
		<document><![CDATA[#Myanmar spends approx 2% of GDP on health. Little of this reaches conflict-affected areas. In comparison Aotearoa/… https://t.co/Fov3YjvTMC]]></document>
		<document><![CDATA[@bootstheory @grumpybirb This. Eye roll so hard.]]></document>
		<document><![CDATA[For those other easily distracted #phdlife kids. Focusing on half hour 1st thing. @tarabrabazon recommends same her… https://t.co/T1z3iNPY8X]]></document>
		<document><![CDATA[@Megapope Cute &amp; cunning but my god I love that blue handbag!]]></document>
		<document><![CDATA[@raulpacheco @josephenderson @CMcGranahan
@hilhorst_thea wrote this nice wee fieldwork guideline too https://t.co/l8R5LNP0KI .]]></document>
		<document><![CDATA[+1 @CircuitIntl, eh. Local resilience (bit of a buzzword sorry) overlooked &amp; undermined by outsider response. https://t.co/7xljdA7M4V]]></document>
		<document><![CDATA[@DearMama_ Best. Going to take up the "no more Janets" war cry &lt;3.]]></document>
		<document><![CDATA[@myscienceylife Faaaaark. Sigh. (My TA salary rate is only $4k more than what I earned working for not-for-profit 15+ years ago. Dire!)]]></document>
		<document><![CDATA[@ayleighk shaking my damn head]]></document>
		<document><![CDATA[@ayleighk Good to know if INGO I'm with are looking to put staff in some time. Ugh.]]></document>
		<document><![CDATA[@ayleighk Is this if you're resident with whatever visa?  Like you?]]></document>
		<document><![CDATA[@Styla73 Wowzer.  I think I usually spend around $60-70 for quite a sweet but not too stingy one? (Plus they're total sweethearts.)]]></document>
		<document><![CDATA[@Styla73 I only ever use Bud so no help soz.]]></document>
		<document><![CDATA[@Styla73 It is actually quite cute too.  Let me know if you need a hand with that task.]]></document>
		<document><![CDATA[@Lavender_Loves_ Now THAT would be soul destroying research.]]></document>
		<document><![CDATA[@grumpybirb When pg I once cried watching a documentary about bees because they were doing such a nice job.]]></document>
		<document><![CDATA[@DearMama_  I REALLY hope you have this on your wall like I do next to my desk. https://t.co/UZptLW6kcM]]></document>
		<document><![CDATA[@CamillaBurkot I don't envy you. (Hard to reconcile with my last experience of Canberra when it was -6 though!)]]></document>
	</documents>
</author>