<author lang="en">
	<documents>
		<document><![CDATA[@mrtonymartin holy SHIT]]></document>
		<document><![CDATA[@cathywilcox1 or maybe this bloke? https://t.co/Dm2v29RIDj]]></document>
		<document><![CDATA[@piattgray @grumpyoldman418 @internetalena agree it's appalling, policy is vile and shameful. Trump is still farking NUTS tho amirite?]]></document>
		<document><![CDATA[@BehrouzBoochani he doesn't need to. Our govt has already humiliated us with their abhorrent actions]]></document>
		<document><![CDATA[@cathywilcox1 exactly how I felt when I first trolled him. A curious mix of pride and mortification....]]></document>
		<document><![CDATA[@usagovgoogles naaahhhh mate!!! 😂😂

(or WERE they......?)]]></document>
		<document><![CDATA[@adamhillscomedy YES!!! But sadly this isn't the reason the Pig-in-Chief thinks it's "dumb" is it?]]></document>
		<document><![CDATA[@usagovgoogles don't mess with us Aussies mate 🖕🏻]]></document>
		<document><![CDATA[@SolomonWakeling @internetalena I hear ya]]></document>
		<document><![CDATA[@grumpyoldman418 @internetalena it's all right mate, we know Trump is bonkers and doesn't represent the US majority 😊 (but bloody hell...)]]></document>
		<document><![CDATA[@MikeCarlton01 @I_stand_for @smh at the very least, agreement not to publicly criticise his abhorrent immigrant exec orders, obviously!]]></document>
		<document><![CDATA[@sacarlin48 @I_stand_for @JulieBishopMP did our taxes pay 4 yr bf 2 go? So pleased at this point in world history u have ur priorities right]]></document>
		<document><![CDATA[@billshortenmp ur kidding right? 4 as long as u support nauru, manus &amp; morally corrupt boat arrivals policy u have no right 2 say this. NONE]]></document>
		<document><![CDATA[@DannyZuker Make no mistake, these people are no followers of Christ.]]></document>
		<document><![CDATA[@KKeneally @australian and how many of them were questioned by journalists about its impact on their ability to do the job? 0 of 2.]]></document>
		<document><![CDATA[@POTUS think people are going to forget you actually said this? Ain't gonna happen. https://t.co/oZB0hHCYTa]]></document>
		<document><![CDATA[@POTUS @realDonaldTrump wow you really did have a record breaking turnout today! Huuuuuuge! (Sad!) https://t.co/d5qkJtp99W]]></document>
		<document><![CDATA[@North2North @DannyZuker Apparently Mike you missed the point of the joke..check Dictionary #hyperbole]]></document>
		<document><![CDATA[@SteveKingIA oh yeh 😂😂😂😂 that thing is real impressive 😂😂😂😂😂]]></document>
		<document><![CDATA[@buckleup @nicschleicher not sure, one minute he was scaling the wall the next he either fell or jumped :(]]></document>
		<document><![CDATA[@realDonaldTrump WELL WHY DONCHA JUST GO MARRY HIM THEN??]]></document>
		<document><![CDATA[@TwoPaddocks nawww he's more scared of you than you are of him nahhh fuckit squash the bastard]]></document>
		<document><![CDATA[@AntonyGreenABC ahhhh our favourite rat in the rank....]]></document>
		<document><![CDATA[@jeremycoombes but he's great in that musical tho amirite!?]]></document>
		<document><![CDATA[@buckleup @YahooNews there is someone trapped inside that poor kid]]></document>
		<document><![CDATA[@arielwinter1 this photo kinda makes me sad. You're worth so much more than this x]]></document>
		<document><![CDATA[@VanityFair and that's because TRUMP DOESN'T KNOW WHAT HE'S DOING !!]]></document>
		<document><![CDATA[@realDonaldTrump "IT'S NOT FAAIIIRRR! WAAAHHHHH!!!!" said the emotionally stunted clueless man baby https://t.co/YsyoeIpke3]]></document>
		<document><![CDATA[@TonyAbbottMHR what an utterly moronic waste of space you are.]]></document>
		<document><![CDATA[@cathywilcox1 my sentiments exactly. 
*trembling, reaches for 5th cup of coffee...*]]></document>
		<document><![CDATA[@whedonesque Joss Whedon's greatest on screen role 😂😂😂]]></document>
		<document><![CDATA[@bairdjulia it's a horrible, confronting thing to go through. That question is painful and stark. Thinking of you and hope kitty is better❤️]]></document>
		<document><![CDATA[Our taxes are paying for THIS horseshit? https://t.co/1thSV3Eao4]]></document>
		<document><![CDATA[@robbiefarah We love you Robbie. Doesn't matter where you go you will always be a Tiger legend and your contribution won't be forgotten 😽👊🏻]]></document>
		<document><![CDATA[@Toby_Francis "gonna take a lot to do things we never had"? Whatever do you mean sir?]]></document>
		<document><![CDATA[@GreenJ @PaulBongiorno same. But I'm keeping that on the down low...]]></document>
		<document><![CDATA[@myleftfang that's the spirit! 😽]]></document>
		<document><![CDATA[@VanityFair @MargotRobbie Here's a great alternative to Cohen's vomitous piece masquerading as journalism. Enjoy! https://t.co/APH8IuBeYo]]></document>
		<document><![CDATA[hey @VanityFair check out this vastly superior alternative to Rich Cohen's vomitous piece on Margot Robbie https://t.co/APH8IuBeYo]]></document>
		<document><![CDATA[@SenatorWong @ADomesticGoddes @leighsales what a sensational post. And it's absolutely true.]]></document>
		<document><![CDATA[@adamhillscomedy well, that cup song she does IS perfection...]]></document>
		<document><![CDATA[@cox_tom yeh I wouldn't mess with him. He looks kinda determined....]]></document>
		<document><![CDATA[@leighsales and @annabelcrabb you have been interrupting and cutting across @SenatorWong all night. Shame on you. #ausvotes]]></document>
		<document><![CDATA[Ok I'm going to call it. The ABC election team are trying to keep hysteria at bay but as of 11:53pm are now losing their shit #ausvotes]]></document>
		<document><![CDATA[@annabelcrabb for the love of god can someone feed these people?! @abcnews]]></document>
		<document><![CDATA[@ABCnewsIntern is ScoMo capable of saying anything of substance? #auspol]]></document>
		<document><![CDATA[@WestsTigers huuuge roar from the Tigers faithful "ROBBIE! ROBBIE! ROBBIE!..."]]></document>
		<document><![CDATA[@JB_AU ah yes that pesky time difference....😆]]></document>
		<document><![CDATA[@bronte__lee oooh classssy...]]></document>
		<document><![CDATA[Oh ffs! https://t.co/LIgWzoGfUn]]></document>
		<document><![CDATA[@WestsTigers would love to sing this song but apart from the first line I have NO IDEA WHAT THEY'RE SINGING! Please, please post lyrics  😊]]></document>
		<document><![CDATA[@adamliaw Hilare! I did the same thing just an hour ago and frecklemph sfff mmmepplebnnn]]></document>
		<document><![CDATA[@KieraGorden @facebook FB don't you realise that Adam Goodes is an Aboriginal man and former Australian of the Year? GET YOUR ACT TOGETHER!]]></document>
		<document><![CDATA[@ABCthedrum @JacquelineMaley Agreed. We have waaaay more important issues to address in the workplace around gender diversity and equal pay!]]></document>
		<document><![CDATA[Is their drummer caged for their safety or ours? #SBSEurovision #CYP]]></document>
		<document><![CDATA[Go Elijah! You're doing the club proud @WestsTigers #NRLTigersBulldogs  https://t.co/7ShncLhfBv]]></document>
		<document><![CDATA[On our way to tiges match and we find out our beloved @robbiefarah was here at espresso96 today! Kids v. excited 😊 https://t.co/z1FjrEPGol]]></document>
		<document><![CDATA[And this is one of the reasons why traditional Labor voters in inner city seats are turning to the Greens @AlboMP  https://t.co/RePRn6Fmqb]]></document>
		<document><![CDATA[@amandaharra she has braces]]></document>
		<document><![CDATA[@sarahinthesen8 sadly, the answer is obviously yes.]]></document>
		<document><![CDATA[@NothingButWT disgraceful. Utter contempt for long suffering fans and members.]]></document>
		<document><![CDATA[@cschleichsrun forget George who's that little minx with the handbag?]]></document>
		<document><![CDATA[@EddyJokovich they just sound desperate, trying to present like they have an even remote clue about 'the ordinary Australian' 🙄]]></document>
		<document><![CDATA[@LindenFurnell my sister and I there tonight ;) you were all sensational. Was like I saw Rent for first time. Incredible, moving production.]]></document>
		<document><![CDATA[@ABCthedrum It's appalling people read this respectful sign and still climb, and a disgrace that Govt has enabled them to continue #Uluru]]></document>
		<document><![CDATA[@Raymartin55 @johndory49 Nope. Almost as painful as Pyne.]]></document>
		<document><![CDATA[@buckleup adore this ☺️]]></document>
		<document><![CDATA[@joecraiguk hullo there :) no further dog walking incidents in East Finchley I trust?]]></document>
		<document><![CDATA[@joecraiguk well this story just gained you an Aussie follower, off the back of a retweeted retweet. Well done Twitter and well done you.]]></document>
		<document><![CDATA[@adamliaw yes I'm predicting a Barry White tribute]]></document>
		<document><![CDATA[@cox_tom followed closely by Edwin Starr's version of War, what is it good for? (good god yo...)

You got that tune in your head now huh?]]></document>
		<document><![CDATA[@ACurrentAffair9 you really are the most appalling, moronic little boil on the butt of free to air tv aren't you ACA?]]></document>
		<document><![CDATA[Nice work dickhead! https://t.co/gq9foFy4u8]]></document>
		<document><![CDATA[@JB_AU New York New Yooorrrrk! And, you know, do lots of New Yorky stuff....]]></document>
		<document><![CDATA[“@LeagueHQ1: John Cartwright cites jealousy as reason NRL fans dislike Manly Sea Eagles https://t.co/Il9LA3hQKI” 😂😂😂😂😂😂😂😂]]></document>
		<document><![CDATA[@loupascale @GoggleboxAU it's a surprisingly good little show isn't it?]]></document>
		<document><![CDATA[@RosieWaterland hey Rosie, what station is that on?]]></document>
		<document><![CDATA[@TurnbullMalcolm you should be ashamed. You are no better than Abbott. We'll remember on election day. https://t.co/i0DZaaOAHs]]></document>
		<document><![CDATA[What a privilege to be here for the book launch of the courageous and gracious @gayambassador Anthony Venn-Brown #alou15 👏🏻👏🏻]]></document>
		<document><![CDATA[@VanityFair https://t.co/fE342Xtsdb   This photo is like a cross between a promo pic for Dexter, and Orange is the New Black.]]></document>
		<document><![CDATA[Did. Not. See. That. Coming. #thebachelorAU]]></document>
		<document><![CDATA[@amandaharra he cried when she told him she was in love with him. And not in a good way. Any other non TV world he would've ended it there]]></document>
		<document><![CDATA[OMG IS THAT YELLOW CANDLE WAX ALL OVER THEIR COATS? #thebachelorAU]]></document>
		<document><![CDATA[“@JulianBurnside: Sorry to see Abbott go: Libs more likely to win next election. But he had to go: he was truly awful” Exactly.]]></document>
		<document><![CDATA[Ok Labor, now's the time to get the girls in and give Turnbull and Bishop an actual run for their money #votetanyaandpenny #libspill]]></document>
		<document><![CDATA[“@EmRusciano: I'm reading that Abbott was 4 days from securing his PMs pension.. Ouch. #libspill” oh that is too good 😆😆]]></document>
		<document><![CDATA[@Tim_Omaji anything is better than Abbott. A hamster even.]]></document>
		<document><![CDATA[LOOK EVERYONE!! I LIKE THE WOMEN!! #libspill #toolittletoolate http://t.co/AcUBEpEBG3]]></document>
		<document><![CDATA[@cathywilcox1 that already happened as they each walked in with their posse. Abbott won.]]></document>
		<document><![CDATA[@naomiwoodley @abcnews Who, Whatsy, Thingo and Huh?]]></document>
		<document><![CDATA[@MiaFreedman HELL YES!]]></document>
		<document><![CDATA[@MarriageAll @Wil_Anderson you mean the 72% of Aussies who support legalising same sex marriage? Those Aussies?]]></document>
		<document><![CDATA[@johndory49 the thing is, comparatively speaking, that is a pretty good week for this miserable excuse for a government]]></document>
		<document><![CDATA[@amandaharra ohhhhhhh yeh]]></document>
		<document><![CDATA[Here this  @TonyAbbottMHR, Sydney says refugees are welcome here!!! #LightTheDark http://t.co/TMZe4QOysq]]></document>
		<document><![CDATA[@rupertmurdoch ARE YOU COMPLETELY INSANE!!????]]></document>
		<document><![CDATA[Wests Tigers hooker Robbie Farah victim of Jason Taylor power play http://t.co/1ImMae1LHR via @smh @WestsTigers WTF IS GOING ON!?]]></document>
		<document><![CDATA[@MYSWEARYCAT my god you really are a rude bastard aren't you?]]></document>
		<document><![CDATA[@MYSADCAT that happened a lot back in the 80's and 90's but not so much now]]></document>
		<document><![CDATA[@rickygervais "you sonofabitch...."]]></document>
	</documents>
</author>