<author lang="en">
	<documents>
		<document><![CDATA[I'm supposed to drive from DC to Florida. Road trip. I think i should fly. Or would I be safe with a Trump bumper sticker on my car😕]]></document>
		<document><![CDATA[Then the 13th amendment turned into locking us up for petty crimes so we could continue to build this country. https://t.co/nIi7Iq17vk]]></document>
		<document><![CDATA[@realJeffreyLord @WashTimes of course he did. The police will be killing us for real now]]></document>
		<document><![CDATA[In other words the police is going to get the blacks in order. He has someone for every group https://t.co/EIcOy1eWXT]]></document>
		<document><![CDATA[@MitchMcConell You politicians kill me with your double speak. #stfu https://t.co/ZIq2cHPmPD]]></document>
		<document><![CDATA[@sandra8301 um the people who voted for Trump need jobs. Cant imagine them being able to afford starbucks😕 #ijs]]></document>
		<document><![CDATA[@cultcommoncore @Starbucks why is everybody so upset about about actors and business owners being political? We have a reality star as pres]]></document>
		<document><![CDATA[@ShellyLeigh123 @thehill @POTUS most people who follow him probably don't support him. Like me. I just want to see his tweets live.]]></document>
		<document><![CDATA[@Alyssa_Milano @realDonaldTrump utter bullshit! Now he wants to use something of Obama's.😕👀😂😂]]></document>
		<document><![CDATA[@usamom25 @trumpbigregrets @realDonaldTrump um because he businesses there😕]]></document>
		<document><![CDATA[@laurenwilltellu @RNB1212 @Trump_Regrets @realDonaldTrump right and the States in between. By that time Sessions will have the police on us]]></document>
		<document><![CDATA[@laurenwilltellu @RNB1212 @Trump_Regrets @realDonaldTrump supposed to drive to florida from dc. Fuck that. I might end up as a #]]></document>
		<document><![CDATA[@MikeReilly77 @Trump_Regrets @realDonaldTrump You did vote for this. He is doing everything he promised. Weren't you listening?]]></document>
		<document><![CDATA[@iceblademan @Trump_Regrets @realDonaldTrump Um what part did you miss? He is doing everything he promised. Sessions is really gonna fuck us]]></document>
		<document><![CDATA[@laurenwilltellu @RNB1212 @Trump_Regrets @realDonaldTrump shit...if we make it. He got the Mexicans and Muslims. Sessions gonna get blacks]]></document>
		<document><![CDATA[@IntiAmaterasu @LorrieHope1955 @RNB1212 @Trump_Regrets Um right. What part did you guy's miss? He said he was going to ban Muslims😕]]></document>
		<document><![CDATA[@merleb51 @Trump_Regrets @realDonaldTrump honestly? I'm curious to know what you expected? He's doing what he said. Really curious...]]></document>
		<document><![CDATA[Exactly! A Muslim ban. Own that shit @realDonaldTrump https://t.co/3c9qtjh0fx]]></document>
		<document><![CDATA[Make up your mind are you fulfilling campaign promises for Muslim ban or not? https://t.co/NUnBAPUkAL]]></document>
		<document><![CDATA[Lets sew id he gives DC residents a right to own firearms😕 https://t.co/KVEOE52vRM]]></document>
		<document><![CDATA[The old swamp. But he has a whole new one filled by wealthy L. Sachs https://t.co/cr5iHnPGPq]]></document>
		<document><![CDATA[Sure is weird that countries with Trump ties and proven 9/11 terrorists aren't banned😕 https://t.co/siIo1PUQ6K]]></document>
		<document><![CDATA[Since when did you guys want to keep anything from P. Obama? This is utter bs😂😂😂😂😂. Why do they think we're this du… https://t.co/k8sxRMUmKd]]></document>
		<document><![CDATA[Well ban Saudi Arabia as well. 9/11 and S. Aberdeen terrorists came from S. Arabia. https://t.co/oBrCEhYfPs]]></document>
		<document><![CDATA[Yeah it would really be back had he banned the people from countries who actually attacked us😕 https://t.co/seUUNK7nUa]]></document>
		<document><![CDATA[That's why he removed joint chiefs  from NSC. How can you trust this bs? https://t.co/bM4Nkg21lu]]></document>
		<document><![CDATA[@FoxNews and remove joint chiefs. I'm a nurse. That's like a pt with a tumor being discussed w/o an oncologist or surgeon. #y'allcrazy]]></document>
		<document><![CDATA[@nurserenee1 @rainbow_laura @discreetsecure @TheTylerWest You're a Nurse? Damn I'm ashamed that someone caring is so disrespectful #icunurse]]></document>
		<document><![CDATA[@nurserenee1 you realize Trump is not a conservative? Its funny how repubs want to take so much credit for Trump. His voters hate all Wash.]]></document>
		<document><![CDATA[We also need to unfollow Trump https://t.co/nQ6K2dPxu4]]></document>
		<document><![CDATA[@Mama3Cubs Um you're a steelers fan? I thought you were cool. Have to rethink following you. #RavensFlock 😘. Jk. Lets worry about that later]]></document>
		<document><![CDATA[@Mama3Cubs We can defeat trump by unfollowing him. He thinks his followers equal approval #unfollowTrump]]></document>
		<document><![CDATA[@BeauWillimon Please #UnfollowTrump if you don't support him. That will really get under him skin. Losing followers will be torture]]></document>
		<document><![CDATA[#unfollowTrump if you don't support him. He's obsessed with numbers]]></document>
		<document><![CDATA[@angela_rye We can defeat trump by unfollowing him. He thinks his followers equal approval. #unfollowTrump]]></document>
		<document><![CDATA[@VanJones68 We can defeat trump by unfollowing him. He thinks his followers equal approval. Please retweet this]]></document>
		<document><![CDATA[@HillaryClinton You should have chosen @BernieSanders dammit!]]></document>
		<document><![CDATA[@SenWarren finally! i thought Congress had died with all the radio silence. Where the heck is Congress?]]></document>
		<document><![CDATA[@McQuade925 @brunelldonald @POTUS why didn't he put ban on Muslims from S. Arabia where 9/11 and san aberdeen terrorists came from😕 very odd]]></document>
		<document><![CDATA[People believe this. He was born in illinois and she was from pakistan. Still would have happened😕 7 countries bann… https://t.co/4neqzz7P7H]]></document>
		<document><![CDATA[@Stevenwhirsch99 um yes it would have. The male was born in illinois. The wife was from Pakistan by way of s. Rabia. not the 7 banned]]></document>
		<document><![CDATA[@LisaBloom @nytimes Please tell those people who dont support Trump to stop following. He thinks all his followers support him]]></document>
		<document><![CDATA[Donald Trump has gotten the Mexicans and Muslims together. Um yall realize blacks are next right?]]></document>
		<document><![CDATA[@Trump_Regrets Why are you guys so surprised? Wth were you watching and listening to? Thanks for helping fuck us all]]></document>
		<document><![CDATA[@lc4kids @Trump_Regrets @realDonaldTrump Duh. How was he ever going to make Mexico pay for the wall? Made no sense. Their pres told him NO]]></document>
		<document><![CDATA[@DianeDemoss @Trump_Regrets @realDonaldTrump What did you miss? He's the same man. He has not changed one thing from his campaign.]]></document>
		<document><![CDATA[#WhereDafaqIsCongress?]]></document>
		<document><![CDATA[Nurses rock. I rock! Love being a nurse! https://t.co/7kYT0XDVvO]]></document>
		<document><![CDATA[@CNN i need to buy all the bottles i can...I'm a tequila drinker. My hubs and i just spoke about this. 😕]]></document>
		<document><![CDATA[@PRevere1776 what is he going to do about Americans who follow ISIS Because those are the terrorist  we should worry about. Already here😕👀]]></document>
		<document><![CDATA[@ShaunKing @NYDailyNews i just went to the African American museum and this was the story in his exhibit. So sad.]]></document>
		<document><![CDATA[@JayTeeBird @reaIdunaIdtrump for once. Don't worry the real one will be tweeting soon enough]]></document>
		<document><![CDATA[@ccjan67 Like Obama was respected? Republicans yelling liar during State of Union. No one was appalled then. Reap what you sow.]]></document>
		<document><![CDATA[@TueborFrog auction it off and pay for some of the wall. 😕]]></document>
		<document><![CDATA[@foxandfriends ok take ur federal money. But stop making me pay fed taxes w/o rep. In congress. And we can't own firearms in DC.]]></document>
		<document><![CDATA[@MaryBakerUSMC no more hate than Trump spews.]]></document>
		<document><![CDATA[I miss Obama. I miss George W. Bush. Shit I'm wishing Mitt Romney was our president. Anybody but Trump. Am I going crazy?]]></document>
		<document><![CDATA[This my friends is real. Someone  actually believes this. This is ludicrous. 😶 https://t.co/dtNGzezNDe]]></document>
		<document><![CDATA[@MaryBakerUSMC @Uber @pewresearch 😂😂😂😂 i knew plenty of nurses and doctors who went. You mean to tell me that many women aren't working?]]></document>
		<document><![CDATA[@MaryBakerUSMC @Uber @pewresearch But those libs turned republicans now right. They're red states now😕 we need up to date research]]></document>
		<document><![CDATA[@MaryBakerUSMC @Uber You want jobs for people on gov. Assist? Yeah me too but i doubt they're all liberals. 😕 #alternativefacts]]></document>
		<document><![CDATA[@MaryBakerUSMC @Uber #alternativefacts]]></document>
		<document><![CDATA[@mutt1960 @ckchitwood @AmySherman1 @MiamiHerald Trump is the one who had issues with those reg. In 2 states. It was part of his argument😕]]></document>
		<document><![CDATA[@VP @SecondLady @POTUS I hope when you're president you really bring us together.]]></document>
		<document><![CDATA[@UncleRUSH @realDonaldTrump @HuffPostPol i just said the same thing. They're pretending to support him and then they're going to destroy him]]></document>
		<document><![CDATA[@Frozensolid the dems nor repubs kept promises. That's how Trump won. People were tired of Wash. Conservatives stop takin credit.]]></document>
		<document><![CDATA[We pay federal taxes w/o rep in Senate. #fuckfunding Give me my money back and we good. I rather keep my federal ta… https://t.co/TY4dSKIbPX]]></document>
		<document><![CDATA[@MysteryMeatX i live in sanc city. But diff with DC residents we pay fed taxes w/o rep in Senate So he can keep funding. Give me my fed back]]></document>
		<document><![CDATA[@schwaid @FoxNews they talked about her a dog]]></document>
		<document><![CDATA[@eavesdropann @FoxNews 😕accept anything]]></document>
		<document><![CDATA[@NeverHildabeast I know I'm tired. This was a nice conversation. I have people to take care of. No hate just honesty. Thanks for listening]]></document>
		<document><![CDATA[@NeverHildabeast its funny I've lived here my whole life and the politicians are soooo irrelevant to me. I guess I'm immune to them]]></document>
		<document><![CDATA[@NeverHildabeast maybe. I don't have Obama care. I have no idea the cost of it. I work on the front lines though and people seem satisfied]]></document>
		<document><![CDATA[@NeverHildabeast thats why i said it depends on the hospital. But in DC its against the law to turn pts away.]]></document>
		<document><![CDATA[@NeverHildabeast republicans had years to come up with something Still waiting Further more why do conservative keep taking crdit for trump]]></document>
		<document><![CDATA[@NeverHildabeast the renowned everyone has great insurance so they are able to cut more losses. All patients have to be seen no matter insur]]></document>
		<document><![CDATA[@NeverHildabeast depends on the type of hosp. I work at a city hosp and a renowned hosp. The city hosp needs the medicaid funds and patients]]></document>
		<document><![CDATA[@NeverHildabeast we'll see. I'm a nurse and they've already started warning us about the more strict medicaid order. Sound like less people]]></document>
		<document><![CDATA[@NeverHildabeast Are those cuts in medicaid helping those people as well😕]]></document>
		<document><![CDATA[@NeverHildabeast well great. Not the water though😕 the Chicago thing is in violation of the 10th amendment. Wish he knew the constitution]]></document>
		<document><![CDATA[@rbbcha unfortunately since it seems even our pres doesn't understand constitution let me help 10th amendment states it's illegal]]></document>
		<document><![CDATA[@alecia_noelle Has anyone taken a basic gov class (including Trump) Its against the 10th amendment.]]></document>
		<document><![CDATA[@fdell3 exactly! how dafuq did we get a president who doesn't understand the constitution? *sigh*]]></document>
		<document><![CDATA[@NeverHildabeast i think sending feds to flint for clean or to assist with tornadoes should be priority]]></document>
		<document><![CDATA[I can't do this]]></document>
		<document><![CDATA[Is this for real https://t.co/hdz8N0NNHc]]></document>
		<document><![CDATA[@ConstanceQueen8 @SandraTXAS @Lrihendry @debsellsslc @LVNancy And he should have excluded nurses and docs for VA hospitals]]></document>
		<document><![CDATA[@ConstanceQueen8 @SandraTXAS @Lrihendry @debsellsslc @LVNancy For us? Yeah by raising mortgages. Cutting medicaid #winning #4thepeople]]></document>
		<document><![CDATA[@youlivethrice hopefully he excludes nurses needed at VA hospitals. 😕]]></document>
		<document><![CDATA[@TaylorEgly but what about the nurses needed at VA hospitals? Such a huge shortage. Vets will suffer Obama care went nowhere.  bs order.]]></document>
		<document><![CDATA[So excited for this movie https://t.co/f0sGqKUqCQ]]></document>
		<document><![CDATA[@VoteTrumpPics @POTUS @AppSame @CarmineZozzora @LindaSuhler @AmericanMex067 @Lrihendry @seanhannity mortgages increased medicaid cut woo!!!]]></document>
		<document><![CDATA[@mikandynothem well since Trump Is not a conservative...]]></document>
		<document><![CDATA[@2016Deplorables why do conservatives  take credit for Trump He is NOT a conservative They hated him until he was all they had]]></document>
		<document><![CDATA[@winegirl73 mortgages increase, medicaid cut, we are on our way #MAGA]]></document>
		<document><![CDATA[@cher neither are they. Executive orders to raise mortgages and cut medicaid. Only rich are his America #MAGA😕]]></document>
		<document><![CDATA[He fucked me on mortgage. But damn i feel sorry for people who's medicaid will be cut. Wow! He really tricked his v… https://t.co/FvEx4D5oN4]]></document>
		<document><![CDATA[@ThePatriot143 😂😂tell him that. He's the one so concerned about his crowd😕 please remind him.]]></document>
		<document><![CDATA[#alternativefact I'm not gonna eat at list 10 oreo mint thins tonight]]></document>
		<document><![CDATA[@JOHNCOSSEL @KatiePavlich @POTUS @FoxNews its funny how conservatives want to take credit for Trump. People voted for him cuz they hate DC]]></document>
	</documents>
</author>