<author lang="en">
	<documents>
		<document><![CDATA[Wishing a very happy Birthday to my B @sachahooper5 Hope you have a… https://t.co/XPb8XHKsKr]]></document>
		<document><![CDATA[Was so looking forward to a night of binge tv and the bloody internet has gone! 😭 🙄#TechProbs #Eyeroll]]></document>
		<document><![CDATA[People EVERYWHERE in the gym... exactly why I don't come peak times. Why did I do it!? 😩😭 #Gym #People #Noooo]]></document>
		<document><![CDATA[2 more exams in the bag! 10 down, 4 to go! 👊📚📊🖍]]></document>
		<document><![CDATA[This is probably a snooze tweet but I really do LOVE @edsheeran #HesBack 👌🏻]]></document>
		<document><![CDATA[Wishing my fabulous friend sophiepennzo the happiest 30th birthday!!… https://t.co/p5bfPDQdDn]]></document>
		<document><![CDATA[That steak was delicious, even if I do say so myself. #PracticeMakesPerfect 😋]]></document>
		<document><![CDATA[Opting tea over wine &amp; actually feeling smug about it... 😌

😳]]></document>
		<document><![CDATA[Christmas chocolates are finally gone! 🎉]]></document>
		<document><![CDATA[Can't decide whether I have back to work fear, and I'm dreading it, or whether I'm looking forward to it for some routine.. 😏 #2017 👊]]></document>
		<document><![CDATA[Staying in the bath until the water is practically cold then not wanting to get out because it's too cold out of the water... #everytime ❄️🙄]]></document>
		<document><![CDATA[Here's to 2017! Make it a good one! 🎉 https://t.co/gNxniDfaCy]]></document>
		<document><![CDATA[Been awake far too long. Achy, too warm &amp; sore throat. #noooooooooo 👎]]></document>
		<document><![CDATA[My first Christmas Eve in for about 12 years... mixed emotions 🎄]]></document>
		<document><![CDATA[Shopped out!!]]></document>
		<document><![CDATA[This one beats it @Shaunsmith81 😱 #Scrooge https://t.co/OOPeZIWMGd]]></document>
		<document><![CDATA[Watching #Elf for the first time. I'm quite excited 😁🎄]]></document>
		<document><![CDATA[Shedding a tear at #StrictlyFinal @bbcstrictly 💃👌🏻]]></document>
		<document><![CDATA[Finally put the tree up but don't have an extension lead for the lights... 😏🎄🎄]]></document>
		<document><![CDATA[Back to work tomorrow after 10 days off... boohoo.#Ew]]></document>
		<document><![CDATA[Does anyone have some motivation they want to give to me? #LosingThePlot #NoConsentration 😖]]></document>
		<document><![CDATA[It's December tomorrow and I don't have an advent calendar.... 😱]]></document>
		<document><![CDATA[@ACCAWales @samnewman2058 2 very different reasons to visit this venue! 😄 xx]]></document>
		<document><![CDATA[Assignment down! Yay! Just need to pass the exams now! 😬👊 #ACCA #AnotherStepCloser]]></document>
		<document><![CDATA[Been awake since 2am.... it's gona be a loooong day.... 😫]]></document>
		<document><![CDATA[Falling asleep at 8:30 longest Monday everrrrr]]></document>
		<document><![CDATA[#QOTD no time for hangover 😫👊 https://t.co/aiDRFv7Frm]]></document>
		<document><![CDATA[💋 love these babes ✨✌️️ https://t.co/wlUzlWI9a9]]></document>
		<document><![CDATA[Happy birthday to this absolute diamond! Hope you have a lush day!… https://t.co/ze2o6LBwkS]]></document>
		<document><![CDATA[IFRS15 you will not break me mother ******! 👊]]></document>
		<document><![CDATA[First 5k since the ark was built! Loved it, nothing makes me feel better than a bit of cardio #SaturdayGym 👊🏃🏼‍♀️💦]]></document>
		<document><![CDATA[Tuesday 😖😖😖ew! Sooo tired! #Meh!!!!]]></document>
		<document><![CDATA[Great laugh at Oktoberfest with these lovelies. Those steins were… https://t.co/b8mzFyNpta]]></document>
		<document><![CDATA[The Spurs were right! Preparation is key! #BePrepared god damn!]]></document>
		<document><![CDATA[Awww goosebumps watching the #GBHeroesMCR 🙌]]></document>
		<document><![CDATA[A day of work so guilt free chilling; film, food, book, online shopping and of course, a gin (or 2) ☺️#WeekendVibes ✌️️]]></document>
		<document><![CDATA[Happy happy birthday to amypeglerx the look on your face in this pic… https://t.co/N4Zti84IQW]]></document>
		<document><![CDATA[Probably shouldn't be carrying my lunch in my work bag. It likely wouldn't pass level 1 hygiene standard... 😬👜 #TooMuchCrap]]></document>
		<document><![CDATA[Eaten too much, drank too much &amp; up too late but had a lush night with @5arahLou83 looking forward to the new week after some #R&amp;R. ☺️💛]]></document>
		<document><![CDATA[New favourite place!! 😍😍😍@nineyards_crdf https://t.co/yteTW8HlU1]]></document>
		<document><![CDATA[When you 'bump into' your mukkas the night before an exam.… https://t.co/b7tSCczwgn]]></document>
		<document><![CDATA[Been in Cardiff one day. Morning run and I'm already wishing I lived here again 😬 💛#Cardiff]]></document>
		<document><![CDATA[Massive Happy Birthday to everyone's favourite party animal… https://t.co/ujGAhrUmOJ]]></document>
		<document><![CDATA[Love these two beauties! So many lols! 🎉🍹👯 https://t.co/jYncWh01Gi]]></document>
		<document><![CDATA[Can't believe I didn't even take one sky pic 😱 stole this from… https://t.co/y1J01FziAw]]></document>
		<document><![CDATA[Sunday chilling before sorting my life out again tomorrow. Shame about the shocking choice of tv programmes. 🍫☕️📖]]></document>
		<document><![CDATA[Busting for a chocolate biscuit 🍪☕️]]></document>
		<document><![CDATA[Ahhh I need to get a fan in my room! #TooHot #WhiteNoise #CantSleep 😖]]></document>
		<document><![CDATA[Regretting the reckless weekend. Deadmills say #Ibiza #1Week 👊💦☀️👙🍹🎧]]></document>
		<document><![CDATA[Digging deep I the gym this morning. 😥 Coffee please #Black]]></document>
		<document><![CDATA[Too many emotions today. 😬]]></document>
		<document><![CDATA[@5arahLou83 I know the feeling! 🙈🙈]]></document>
		<document><![CDATA[Massive Happy Birthday to my girl @KeiraPenn would be lost without… https://t.co/P7VCJX8euI]]></document>
		<document><![CDATA[Massive Happy Birthday to Yokohama @5arahlou83  looking forward to… https://t.co/fn27USF6qz]]></document>
		<document><![CDATA[Goes shopping, comes home at 10:45pm with 1 item... 😂 @cmwxx 💁💁]]></document>
		<document><![CDATA[What is a bath without bubbles!? 🛁☁️☁️]]></document>
		<document><![CDATA[My nails are gone... GONE! I feel like a boy 😢😢😢 #Stubs]]></document>
		<document><![CDATA[How I am I supposed to deal with this monstrosity? 😭 https://t.co/TJv0v1rWr2]]></document>
		<document><![CDATA[Would anyone like to bring me breakfast in bed? Please...]]></document>
		<document><![CDATA[Friday night chilling. Can't beat it! ☺️]]></document>
		<document><![CDATA[Haven't stopped eating for days but it would be rude not to have had any wedding cake!! #TomorrowIsANewDay 🍰🙈😬😋💁 https://t.co/PyKGOgFRP7]]></document>
		<document><![CDATA[@jonesalex94 😂😂 gutted I can't retweet 👍🙌]]></document>
		<document><![CDATA[@SachaHooper5 lol! U deserve it! Celebration time now xxx]]></document>
		<document><![CDATA[Massive happy birthday to this beauty! 😘 have a fab day 1auraash1ey… https://t.co/DGppcGMzaL]]></document>
		<document><![CDATA[2 weeks until the big day. 😬👰💍 #MrsEdwards #Mr&amp;Mrs #FullSquad… https://t.co/ln714tXTp1]]></document>
		<document><![CDATA[@Elinor_Hughes this made me Lol!! X]]></document>
		<document><![CDATA[Considering I've had one of the laziest weekends everrr, not enough sleep. #Shattered #AnotherSleepTweet 🙊💤😴]]></document>
		<document><![CDATA[Congratulations to u both! 😁🎉❤️ https://t.co/ZoausK2Ck1]]></document>
		<document><![CDATA[A weekend just isn't long enough for a holiday! 🙄]]></document>
		<document><![CDATA[Completely addicted to cooking shows!!! 🍏🍎🍐🍊🍋🍅🍆🍠🍠🍇🍉🌶🧀🍠🍕🍤🍖🍗🍔🌭🍥🍳🌮🍣🍰🍧🍩🍪]]></document>
		<document><![CDATA[Forgot to turn off my work alarm.... Feels like it should be 10am.... 😒]]></document>
		<document><![CDATA[A RAT ran out in front of me today. In broad daylight 😱😩😭👎👎]]></document>
		<document><![CDATA[Can't wait for a lie in tomorrow ☺️☺️☺️☺️]]></document>
		<document><![CDATA[Is it too early for bed?]]></document>
		<document><![CDATA[Wish it was acceptable to wear my trainers to work tomorrow... Blisters 😩😩]]></document>
		<document><![CDATA[Someone bring me food.... Pwease 😢]]></document>
		<document><![CDATA[@jonesalex94 I'm actually not too bad but sooo tired.What the hell happened?Lol!!🙈cannot drink with u youngsters haha! Xx]]></document>
		<document><![CDATA[65% battery at 7:40 must have been busy!]]></document>
		<document><![CDATA[@Shaunsmith81 maybe it's an update.... ? Lol!]]></document>
		<document><![CDATA[How have I only just noticed that the clock app on iPhone is the correct time and the second hand moves?.... ⏰😄 little things!]]></document>
		<document><![CDATA[What a busy day!! Last two weeks in the job are going to fly by 😬]]></document>
		<document><![CDATA[Kez getting in on the St David's day action 😆🌾👍 https://t.co/FuuTiPHXYj]]></document>
		<document><![CDATA[Absolutely rocking at @antanddec @Ginofantastico 😂😂😂😂👍 #Brilliant]]></document>
		<document><![CDATA[Lush afternoon with my girls 👭☕️🍰]]></document>
		<document><![CDATA[Is there a more gorgeous couple? 😍😍 https://t.co/Wq5dr3kVCO]]></document>
		<document><![CDATA[Happy Birthday @sachahooper5 have a fab weekend!! 😘👯🎂🍾 xxxx https://t.co/8574CoEizP]]></document>
		<document><![CDATA[Watching BBC3 Murder Games. What an eye opener. Awful!! #BBC3]]></document>
		<document><![CDATA[Can I start that weekend again please? #Monday too quick!]]></document>
		<document><![CDATA[Happy birthday @jonesalex94 have a fab day lovely! 😘🎉🎈🎁]]></document>
		<document><![CDATA[Happy birthday lovely lady!!! 😘 nataliagrooves 🎉🎂 https://t.co/667VpE8EZ8]]></document>
		<document><![CDATA[Massive Happy Birthday to my babes!! 😘 sophiepennzo #Pennzo… https://t.co/VwrHsFXk0g]]></document>
		<document><![CDATA[@TheRealLeeT thanks Lee! X]]></document>
		<document><![CDATA[@jonesalex94 thanks lovely xxx]]></document>
		<document><![CDATA[Fab night last night! Happy 30th Dave drilledmirror 🎂🍾🎉#30 #birthday https://t.co/QMkjRW0gZM]]></document>
		<document><![CDATA[@SachaHooper5 thanks bae!! 😘 xxxx]]></document>
		<document><![CDATA[Excellent service from @SkyUK and @BTCare #OpenReach! #Sky 👍]]></document>
		<document><![CDATA[@sheenster1973 of course!]]></document>
		<document><![CDATA[What a week! 🍷]]></document>
		<document><![CDATA[Only 4090 more emails to delete.... 😩]]></document>
		<document><![CDATA[I should not still be awake!! https://t.co/e4tRqwKN5l]]></document>
	</documents>
</author>