<author lang="en">
	<documents>
		<document><![CDATA[? @realDonaldTrump They are not FROM or even residing IN Australia They are in detention in the nations of Papua New Guinea &amp; Nauru #POTUS]]></document>
		<document><![CDATA[Yes @DebbieKennett @Bennett_G Highly regarded researcher @charlesmurray retweeted=concerned @FTDNANews See AU News https://t.co/dZ4acnV5rG]]></document>
		<document><![CDATA[Interesting - @Bennett_G @FTDNANews @DebbieKennett https://t.co/qXYSfXmFp0]]></document>
		<document><![CDATA[That is soo cooool @BDMurray @charlesmurray 🐘]]></document>
		<document><![CDATA[#ChristopherSteele needs to address this analysis from other Intelligence Agents- re #FAKENEWS s/be #fiddlegate
https://t.co/BwyC1ibEaf]]></document>
		<document><![CDATA[Surely that isn't @MichaelGove with @RealDonaldTrump ? @Julian5News @angusde]]></document>
		<document><![CDATA[Whatacutie = @Number10cat]]></document>
		<document><![CDATA[Analysis from @Forbes regarding #Goldenshowergate &amp; #TRUMP 
&amp; #FAKENEWS . Christopher David Steele- Where are you! https://t.co/BJUV1MvN10]]></document>
		<document><![CDATA[A bit of a #PICKLE going on for @BorisJohnson re #goldenshowergate and Christopher David Steele -looks quite bad fo… https://t.co/iOaPxMat3W]]></document>
		<document><![CDATA[RT from @GylesB1 - Perfect ! 
#Trump https://t.co/HWxdi3XJDg]]></document>
		<document><![CDATA[Hmm @GylesB1 typical Scottish B&amp;B Brekkie -but minus BlackPud so must be English ? you could cut the cholesterol with lemon juice of course]]></document>
		<document><![CDATA[Now=  #FAKENEWS era- such as it is- Would you take this report seriously? EXPLOSIVE new information: #TRUMP #FBI… https://t.co/HJM3vCI7g8]]></document>
		<document><![CDATA[Excellent @JulieBishopMP with @AbeShinzo 頑張ってください . https://t.co/vmcB9uVcU1]]></document>
		<document><![CDATA[Well @buccleucharms Now that is rather nice.🤣Well]]></document>
		<document><![CDATA[Also @piersmorgan reiterated: You’d be hard-pushed to find an industry that encourages more disrespect and violence than Hollywood.]]></document>
		<document><![CDATA[So @piersmorgan moons @MerylStreepPage over #TRUMP rant #GG awards. https://t.co/hAgarriRbD]]></document>
		<document><![CDATA[Gosh @GylesB1 Now that certainly is something to bark about ;)]]></document>
		<document><![CDATA[With trepidation. https://t.co/40Lrs3q0z4]]></document>
		<document><![CDATA[@darkdirk Such a pain especially if you have comprehensive insurance. Look on the bright side though-only 2 tickets in a lifetime is AAA+]]></document>
		<document><![CDATA[Well @darkdirk , a GPS that reminds you of the speed limit may have been helpful, however would need to have been updated. Signs anywhere?]]></document>
		<document><![CDATA[Revolutionary War 1765 -1783 . https://t.co/iZ4vmVBzKs]]></document>
		<document><![CDATA[Look @Number10cat Best if you keep your paws out of it .]]></document>
		<document><![CDATA[Hilary Clintons domain name owned by Nicholas Merrill : https://t.co/Jz55GIeTwa Check it out #wikileaks @wikileaks]]></document>
		<document><![CDATA[That's the problem with a paperless record...future generations of Historians will bemoan. https://t.co/CpfHB1DjHE]]></document>
		<document><![CDATA[Really?? https://t.co/d9UNS9cLH6]]></document>
		<document><![CDATA[What a wit! @Number10cat]]></document>
		<document><![CDATA[Gabrielle Upton: Amend Tanilla's Murderer Warren Ross' Sentence to "Never to Be Released" https://t.co/1R7f7Ee7iz via @ChangeAUS]]></document>
		<document><![CDATA[Ex-PM @MrKRudd explains how current PM @TurnbullMalcolm shafted him re potential #UN Secretary General job #auspol  https://t.co/nDe6t5y6uR]]></document>
		<document><![CDATA[Karna @TonyAbbottMHR Pauline has come back with a vengeance in order to bite you on the BUM! https://t.co/c9qGKTTJtw]]></document>
		<document><![CDATA[So @PaulineHansonOz 's One Nation Party  won 4 seats in Senate= Bad judgement @TurnbullMalcolm decision 4 #auspol https://t.co/c9qGKTTJtw]]></document>
		<document><![CDATA[I thought so @ElspethMurray was staying @ Priestfied nearby &amp;walked to the University checking out student exchange for daughter.]]></document>
		<document><![CDATA[Hmm @ElspethMurray isn't that Edinburgh University? Looks to be around the spot where the cafe is , but could be mistaken.]]></document>
		<document><![CDATA[* @ABarrettBoy Cricketlover @cspencer1508 praised  Aussie Cricketers when daughter &amp; I visited Althorp 7 years ago  @TheCricketerMag]]></document>
		<document><![CDATA[Do u even know definition of Psychopath? @chambo85 Clearly using hyperbole &amp; examples of Canines=Dogs as UN SecGen childish #RUDD #AUSPOL]]></document>
		<document><![CDATA[Not really @afringemagnet there is a need here to strike whilst the iron is hot !]]></document>
		<document><![CDATA[This sounds like a set-up @TurnbullMalcolm of @MrKRudd whose letter makes PM support clear #Rudd #auspol #UN BAD! https://t.co/aK5umiu8bn]]></document>
		<document><![CDATA[GOOD LUCK TODAY @MrKRudd as Cabinet decides on Aussie nomination for @UN Secretary General Nomination. #UN @JulieBishopMP @TurnbullMalcolm]]></document>
		<document><![CDATA[So the kids spat on the prison guards...no bloody wonder! https://t.co/a64xNyzgbK]]></document>
		<document><![CDATA[What's Up @Number10cat   Cat got your tongue ? #BoJo #Brexit https://t.co/01dKiCabB2]]></document>
		<document><![CDATA[HA! Good one. #BOJO will appreciate no doubt. @BorisJohnson  #Brexit https://t.co/Yev4IlIVdN]]></document>
		<document><![CDATA[Thank you @GojukaiFan I cannot get into my FB as forgot password. Best wishes from down under xx]]></document>
		<document><![CDATA[Did @BorisJohnson drop out of PM race in exchange for future FS Job? @JulieBishopMP will consider AU implications re Trade &amp; #BREXIT #BOJO]]></document>
		<document><![CDATA[? @edinburghpaper Not again! The guards DO have a very good argument though &amp; if Scot Rail ditched them then I for one would boycott]]></document>
		<document><![CDATA[No @Number10cat #Brexit actually means Exit Britain :) please... Fat Catz.]]></document>
		<document><![CDATA[Yes @maltwhiskybar You can say that again ! #Brexit]]></document>
		<document><![CDATA[SoulSearching @60Mins Heartbreaking :(  Now to see if Sally's husband keeps his side of the agreement re #60mins
https://t.co/XfwKPygIF5]]></document>
		<document><![CDATA[Defiantly :( What does that mean? @corncheese1 @ch9 @60Mins  Not sure what you are talking about in any case.]]></document>
		<document><![CDATA[Wilt @rozelleview This is your interpretation of Gerald Stone from #60Mins however where is the evidence to support your view?]]></document>
		<document><![CDATA[David Leckie was at 7 @rozelleview in 2012 June ...does that not align with your argument? @DavidLeckie]]></document>
		<document><![CDATA[NO @corncheese1 Your Words obviously.Why do do feel a need to state what you believe others should be saying? Scum of the earth yr view]]></document>
		<document><![CDATA[Hmm @rozelleview must have been eons ago. Will have to consult Way Back Machine Wouldn't DavidLeckie have been responsible 4 that decision?]]></document>
		<document><![CDATA[The #60Mins crew were journalists doing what journalists do every day Reporting a newsworthy story + Executive Producer signs the deal~]]></document>
		<document><![CDATA[Have not heard about that show @rozelleview Was it something like this? #60mins not in this league thank goodness. https://t.co/SjQSy1jhgs]]></document>
		<document><![CDATA[Well he surely will now @rozelleview All eyes are watching #60Mins At age 81 or so though, Gerald Stone is very lucky to still be working.]]></document>
		<document><![CDATA[Intellect via genetic inheritance ~ What's New? @CharlesMurray ? @DanGraur
https://t.co/NacR49TjFP https://t.co/lxX2GslA2d]]></document>
		<document><![CDATA[Really! why do you think that? https://t.co/ZJzZZ2Kxgp]]></document>
		<document><![CDATA[Mr El Amine -I started feeling bad 4 #60Mins crew because of cameraman Benjamin and David the sound recordist.]]></document>
		<document><![CDATA[There are two sides to every story @corncheese1 @darrenwick9 Suggest we wait to hear theirs.]]></document>
		<document><![CDATA["Channel Nine is hoping to have the 60 Minutes crew on a flight out of Beirut tonight." #60mins
Read more at https://t.co/BHtFwosGNW]]></document>
		<document><![CDATA[That seems fair enough then. @jacquelinmagnay #60mins]]></document>
		<document><![CDATA[Ummm @realDonaldTrump meant temperament #TRUMP #GOPDebate  (I think!)]]></document>
		<document><![CDATA[@charlesmurray Pity Vygotsky died so young. ZPD has great merit.]]></document>
		<document><![CDATA[@cspencer1508 @AlthorpEstate Those are wonderful. You can have them printed as positives ; what a fantastic archive.]]></document>
		<document><![CDATA[Gosh @charlesmurray so many Americans dropping their aitches during these days
of #TRUMP mania.]]></document>
		<document><![CDATA[OMG. too funny Must watch Video @realDonaldTrump Mr #TRUMP as you have never seen before: https://t.co/Qpxu4IkA6G https://t.co/acc1VJdg1l]]></document>
		<document><![CDATA[THAN Iowa? @JoeNBC rather than THEN Iowa Mr Joe NBC RTweeted by @realDonaldTrump]]></document>
		<document><![CDATA[#SWEDEN RAPE low conviction Sweden 30000 incidents rape=13% of 3,535 reported result in legal proceedings&amp; 216 persons convicted #ASSANGE]]></document>
		<document><![CDATA[HALF OF POTENTIAL REFUGEES ARE ECONOMIC MIGRANTS SAYS HAMMOND #CALAIS https://t.co/Aw1jOIiZZh]]></document>
		<document><![CDATA[Au Greens demand #ASSANGE Passport returned. And retrospective rights on captivity based on allegation not charges https://t.co/QV6hC2QpdW]]></document>
		<document><![CDATA[RT Hammond’s statement UN Panel not lawyers= blatant massive,enormous,  completely astonishing lie. #Assange @CraigMurrayOrg said]]></document>
		<document><![CDATA[Aus human rights lawyer Geoffrey Robertson QC: UN report= "real villain is Sweden"https://t.co/04D6jH46pM 
#ASSANGE @JulianAssange_]]></document>
		<document><![CDATA[ABOUT TIME! @JulianAssange_  that Australia showed some mettle &amp; initiative  #Assange @JulieBishopMP re: AU citizen https://t.co/v1Nr36Fqr5]]></document>
		<document><![CDATA[Congratulations @Scotland will look out for it when I am at University St Andrews in June for conference re: Flemish in Scotland.]]></document>
		<document><![CDATA[Looks like Mr #ASSANGE hasn't seen the sun in awhile @JulieBishopMP @MrKRudd Aus looks weak diplomatically 4 sure https://t.co/oZTHhkvDrb]]></document>
		<document><![CDATA[OK @Lateline However Aus look weak not protecting @JulianAssange_ Aus Citizen &amp; @MrKRudd would have by now if still FM/PM  @JulieBishopMP]]></document>
		<document><![CDATA[Well @guardian am sure that your judicial world experts there in yr office know way more than UN official panel.]]></document>
		<document><![CDATA[Aus look weak not protecting @JulianAssange_ Aus Citizen &amp; @MrKRudd would have by now if still FM/PM https://t.co/XXZRsnNTnA @JulieBishopMP]]></document>
		<document><![CDATA[YUM YUM @foodanddrinksco will try tomorrow. Had forgotten how to make these.]]></document>
		<document><![CDATA[So: highly intelligent folk never discuss their own intellectual ability:#Trump however always does= @charlesmurray https://t.co/FTQcHoGB7Y]]></document>
		<document><![CDATA[Thank you @NatRecordsScot shall do that.Am attending conference at University of St Andrews -Flemish in Scotland-only 1 record @ NAS-Freskin]]></document>
		<document><![CDATA[OMG - Hilary Clinton couldn't access email via computer? Even my three year old knew how- in 1996! https://t.co/j2Z84LL4FD]]></document>
		<document><![CDATA[Except @charlesmurray daddy passes his X chromosome onto his daughters, but not his sons -perhaps why we are 'daddies little girls' then ;)]]></document>
		<document><![CDATA[YES @FamilyTreeDNA Father's cousin-Scotland-never knew about him I visited him twice before death=was image of my deceased father-many tears]]></document>
		<document><![CDATA[Thank you @NatRecordsScot @timgov Just spent 18 hrs accessing Murray Blackbarony records NRS:so comprehensive But where did Freskin rec go?]]></document>
		<document><![CDATA[UN ruling expected- @JulianAssange_  UNLAWFULLY DETAINED ?
https://t.co/qA1dlAwnbX]]></document>
		<document><![CDATA[DONALD TRUMP Bungled the deal of a lifetime? @realDonaldTrump 
https://t.co/gr6XzwROhC https://t.co/eNipBI5WWp]]></document>
		<document><![CDATA[However @Foto_Scot Mr @RealDonaldTrump has a really GREAT chance to become US #POTUS so what will #UK Govt do then I wonder? he is BRIT]]></document>
		<document><![CDATA[Really ?? https://t.co/ppmPkoNhqI]]></document>
		<document><![CDATA[. @AusAmbUSA KIM Beazley RT What happened to Kim Beazley's Twitter A/c? Joe Hockey new Australian Ambassador USA https://t.co/QH1jVIrcaX]]></document>
		<document><![CDATA[@Foto_Scot Although my Gran was a MacInnes- not McLeod. Donald is still entitled to British Citizenship. No-one mentioning that.]]></document>
		<document><![CDATA[Are you on Skye ? @Foto_Scot So McLeod of Dunvegan not theirs then?]]></document>
		<document><![CDATA[Watch Out visitors to #Edinburgh Greyfriars Kirkyard haunted i more ways than 1 #Scotland #Scotland2016 #|Edinburgh https://t.co/YS6aTSEHB2]]></document>
		<document><![CDATA[Watch out #Scotland In Edinburgh chimneys are falling ! #Scotland2016 https://t.co/5nVXYZEYED]]></document>
		<document><![CDATA[HAPPY AUSTRALIA DAY ! https://t.co/NtyGYkVcvc]]></document>
		<document><![CDATA[Britain poised to open door to thousands of migrant children from #CALAIS &amp; camps https://t.co/Ddzfjc0ETL https://t.co/0iKrjmocA8]]></document>
		<document><![CDATA[INVASION or not&gt; JIHAD in Europe or not&gt; TROJAN HORSE or not? #GOP
&amp; @realDonaldTrump think so. #TRUMP #CRUZ #DEM https://t.co/QX38h3zbV1]]></document>
		<document><![CDATA[A REAL TROJAN HORSE? European refugee crisis Many thinking same as @realDonaldTrump https://t.co/q0292Qdt5O #TRUMP https://t.co/uaIv8uV6jJ]]></document>
		<document><![CDATA[Thank you @MurraysWhoTweet &amp; @charlesmurray  for rre-tweeting this. I forgot hashtag. #DStrong]]></document>
		<document><![CDATA[This is what some Americans will do to Ill Intended immigrants : #GOP #TRUMP #CRUZ https://t.co/l5XgOGSqXf]]></document>
		<document><![CDATA[JEWS LEAVE FRANCE in record numbers. #CALAIS
https://t.co/FtnC8VVGpr]]></document>
	</documents>
</author>