<author lang="en">
	<documents>
		<document><![CDATA[@David_Cormack that sinking dread feeling as you reach for your phone is the best way to wake up these days!]]></document>
		<document><![CDATA[@hypeasgus same. As the world gets fucked up they retreat into themselves as a defence mechanism/distraction.]]></document>
		<document><![CDATA[Inside the Weird, Industry-Shaking World of Donald Glover https://t.co/O9WrfsblpX]]></document>
		<document><![CDATA[Dogs prefer reggae, soft rock https://t.co/g9TwgL5lgZ while cats dig goth rock, indie and no wave.]]></document>
		<document><![CDATA[How Silicon Valley Utopianism Brought You the Dystopian Trump Presidency https://t.co/TPFxj44axw]]></document>
		<document><![CDATA[Haha, some of these crowd-sourced logos for Rogue Nasa are lolz. https://t.co/98N8773ZGM]]></document>
		<document><![CDATA[Bandcamp fo' lyf. 'Everything is Terrific: The Bandcamp 2016 Year in Review' https://t.co/ZlVrIdSQ8J Streaming doesn't work for music.]]></document>
		<document><![CDATA[@waitbutwhy can you do an article on the tiny knife edge of society humans live on and an apocalypse? https://t.co/hZ4t7HnVon]]></document>
		<document><![CDATA[Three shows in a week! Off to do The Housing Project , 11pm-1am on Radioactive.fm 88.6 https://t.co/az7tUtxRj6]]></document>
		<document><![CDATA[@RadioActivefm biggups for the House of Dad!]]></document>
		<document><![CDATA[@thebennybounce @Nonwrestler @tommcgnz ...ambient I deemed 'playable' on the radio here: https://t.co/zsXkPvjxgD]]></document>
		<document><![CDATA[@thebennybounce @Nonwrestler @tommcgnz through the power of being anal with tags / filing I  quickly made a spreadsheet of all the...]]></document>
		<document><![CDATA[@thebennybounce @Nonwrestler @tommcgnz Oooh, loved the Trace Realm 12" on @firecracker_rec like A LOT, will check the album.]]></document>
		<document><![CDATA[@disasteradio @YouTube oh man those compression artifact animation bits are siiiiiick 🚖]]></document>
		<document><![CDATA[@jellphonic end of an area code.]]></document>
		<document><![CDATA[In 10 mins I'll be filling in for Coda on The Floor on Radioactive.fm, 7-9pm. Stream at https://t.co/gc9UG5sKAI or 88.6fm in Welly.]]></document>
		<document><![CDATA[@BurgerFuel GF no aoli order didn't come through to the store (or my email). I think selecting, then logging in, cl… https://t.co/PcdQQyN6nT]]></document>
		<document><![CDATA[@ThankfulSimon @HooHaaMysticism @tommcgnz @friendlyptnl @RadioOne91FM @hypeasgus looks like I give it a 1 out of 2. I give it a 8/10]]></document>
		<document><![CDATA[@ThankfulSimon @HooHaaMysticism @tommcgnz @friendlyptnl @RadioOne91FM @hypeasgus hoon on the radio this evening! 2/2]]></document>
		<document><![CDATA[@ThankfulSimon @HooHaaMysticism @tommcgnz @friendlyptnl @RadioOne91FM @hypeasgus yeah copped the EP, massive BLS fanboy. Will give it a 1/2]]></document>
		<document><![CDATA[In two hours time I'll be filling in for Coda on The Floor on Radioactive.fm, 7-9pm. Stream at https://t.co/hQNhdYITNm or 88.6fm in Welly]]></document>
		<document><![CDATA[@HooHaaMysticism @tommcgnz @friendlyptnl @RadioOne91FM @hypeasgus @ThankfulSimon IS BLACK LIGHT SMOKE COMING TO NZ?!??!]]></document>
		<document><![CDATA[@ThankfulSimon the ones I was forced to watch on the small slivers of MTV we got on one of the three channels we had at the time?]]></document>
		<document><![CDATA[@ThankfulSimon @Medium I've always foolishly not bothered with Nils Frahms many projects (too much music!), now I check em on sight.]]></document>
		<document><![CDATA[@ThankfulSimon Ok, here it is, I even linked to this tweet! :D https://t.co/FIZ98Rpo89 So late to the party I may have missed it.]]></document>
		<document><![CDATA[Am I too late? I compiled 'Yet another ‘best music of 2016’ list to throw out into the aether . Check it out! https://t.co/I7SatQwSNC]]></document>
		<document><![CDATA[@metlinkwgtn oh, not on my list. Well, yeah, I found that out a few days ago by talking to the driver. But that info should be clear b4 then]]></document>
		<document><![CDATA[@metlinkwgtn good tip! Will update. No need to apologise, just more feedback for your information designers ;)]]></document>
		<document><![CDATA[@ThankfulSimon I'm just about to put one up! 😬]]></document>
		<document><![CDATA[@metlinkwgtn this is how I know which bus I can jump on to get to the station from Cuba St, I check a @WorkFlowy li… https://t.co/HYCwJDqRPk]]></document>
		<document><![CDATA[@metlinkwgtn just Cuba St. after living abroad I've really noticed how poor Welly is at travel info. :)]]></document>
		<document><![CDATA[@metlinkwgtn route signs at stop, "via" info on bus, detailed timetables, all lacking at main bus stop in city.]]></document>
		<document><![CDATA[@metlinkwgtn was just one of 5 different people asking where 23 bus goes at WELL stop. Why is that info not clear and obvious? Info fail. 🙄]]></document>
		<document><![CDATA[@MetService haha, wrong met! I do that all the time when I type URLs into the browser. ;)]]></document>
		<document><![CDATA[Stepping up to do my Best of 2016 radio show in 15min! 1-4PM, 88.6 in Welly or stream at @Radioactive.fm https://t.co/gk9mScFWRK]]></document>
		<document><![CDATA[@MetService route signs at stop, "via" info on bus, detailed timetables, all lacking at main bus stop in city.]]></document>
		<document><![CDATA[@MetService was just one of 5 different people asking where 23 bus goes at WELL stop. Why is that info not clear and obvious? Info fail. 🙄]]></document>
		<document><![CDATA[This time tomorrow I'll be on the last hour of my best of 2016 special on @Radioactive.fm, 1-4pm NZT, 88.6 or stream https://t.co/tiHSktJmTa]]></document>
		<document><![CDATA[I'm going to do my ego stoking, self-aggrandising, self obsessed Best of 2016 radio show this Sat, 1-4pm NZT, RadioActive.fm. Tune in!]]></document>
		<document><![CDATA[@chancetherapper my 2.5yo son is OBSESSED with No Problems, we listen to it like 10 times a day. :) Me: I dig the whole album.]]></document>
		<document><![CDATA[Tweets nervously from the lift #eqnz]]></document>
		<document><![CDATA[How come most people don't know how to use median strips? School up everyone! They are handy.]]></document>
		<document><![CDATA[Greenpeace wins advert battle https://t.co/iZItRcmOnb]]></document>
		<document><![CDATA[FU Netflix post-roll experience for totally making the "this is the last one" process with my 2yo 5x more tantrum. 😆]]></document>
		<document><![CDATA[Wasn't expecting to see this guy crawling across the kitchen bench! I let him free. @ Korokoro,… https://t.co/F4HNqmIqZF]]></document>
		<document><![CDATA[@thomaslebas I had no idea what they were for. Communication fail. I'll knee jerk hate anything Fonterra related so now I hate those posters]]></document>
		<document><![CDATA[@workandtumble @danserif @brentneave @k_i_l_n whoah!]]></document>
		<document><![CDATA[Whoah https://t.co/zyyEWAj3Pd]]></document>
		<document><![CDATA[@hypeasgus @tommcgnz eats techno for breakfast.]]></document>
		<document><![CDATA[@Nonwrestler oh man, that scene where the scale thing crawls into the ear scarred me for life as a kid.]]></document>
		<document><![CDATA[@thomaslebas haha!the contrast. https://t.co/CFyK1HSnGO]]></document>
		<document><![CDATA[@mazdef haha! Ep 8/9 were the best anyway.]]></document>
		<document><![CDATA[The Raspberry Pi running our fire at Springload was down so we had to rustle up a replacement. @… https://t.co/XUfDTWGOsw]]></document>
		<document><![CDATA[Welly peeps: if you were thinking of going to Moores don't! Line goes from cashier to the back of the store!]]></document>
		<document><![CDATA[ATTN FED's: Please if you make a scroll jacking site at least make it scrollable by hitting space or page down or arrow down OR SOMETHING.]]></document>
		<document><![CDATA[@DearMama_ @3TomatoesShort or half a week.]]></document>
		<document><![CDATA[@nettyfromnz @NicolaYoung15 @whatthechelz @DearMama_  if you're the Ponsonby housewife version of Patrick Bateman sure.]]></document>
		<document><![CDATA[@DrSMMorgan @DearMama_ turns out it's real!]]></document>
		<document><![CDATA[@NicolaYoung15 @nettyfromnz @whatthechelz @DearMama_ OG source was my mate on FB, another friend knows the author: not satire. 😱]]></document>
		<document><![CDATA[@hypeasgus straight after hearing that I bought like 10 Omar S records off him.]]></document>
		<document><![CDATA[@DearMama_  is this what your Sundays are like? https://t.co/ngxlu8Kx0l]]></document>
		<document><![CDATA[@DashlaneSupport I've reported in the extension a few times as well, and ages ago too. :)]]></document>
		<document><![CDATA[hey @dashlane / @DashlaneSupport you guys need to get @PaymentExpress expiry date autofill working! Big payment provider in NZ.]]></document>
		<document><![CDATA[@GVBohemenNZ this video is horrific. NZ needs to intensify its pressure on Russia: https://t.co/hEUXkOTbry]]></document>
		<document><![CDATA[Rad animated look at a potential VR/AR future. HYPER-REALITY https://t.co/w0KjFfcVRy]]></document>
		<document><![CDATA[@buffer so on the chrome extension you can click a link to shorten: bring this feature to iOS?]]></document>
		<document><![CDATA[@buffer yeah but then I get a character restriction to share it on Twitter so can't put it through... catch 22!]]></document>
		<document><![CDATA[@buffer trying to share from @Pocket using iOS extension from 'share' menu in Pocket]]></document>
		<document><![CDATA[@buffer don't you shorten long links automatically anymore?]]></document>
		<document><![CDATA[@2degreesmobile will you send out an EDM when you finally update it? Deleted the app.]]></document>
		<document><![CDATA[@2degreesmobile yeah I just wanted to send it your way because I'm surprised in 2016 how much of a shambles your app/your2D are.]]></document>
		<document><![CDATA[@2degreesmobile try to login and it crashes! And all I wanted to do was see if my payments were set up for you guys to take my money 🙄]]></document>
		<document><![CDATA[Whoah, this is amazing 📻🌏 https://t.co/BQdn2Jv3Gk]]></document>
		<document><![CDATA[@PlasticPippo I only listen to angry music so I'm all good.;)]]></document>
		<document><![CDATA[@krislane oh tweet was yesterday, that paper's probably in the bin now. :)]]></document>
		<document><![CDATA[@krislane the spat all over the media is interesting]]></document>
		<document><![CDATA[@krislane save me seeking out a copy could you take a quick pic? LRC consumer big time but also unsure since hearing they use Fonterra milk]]></document>
		<document><![CDATA[@invisionsupport Done. Manually uploading is going to suuuuck. designers@springload.co.nz is the account.]]></document>
		<document><![CDATA[@invisionsupport heya, is Craft sync down? We can't login! And have a client presentation today....]]></document>
		<document><![CDATA[Stop using streaming you may as well pirate music. Record sales are up, but small labels don't see the benefit https://t.co/Fp0aR2Pomr]]></document>
		<document><![CDATA[@hypeasgus second was okaaaayy but serious dip in quality as time goes on. Nothing tops Jamie XX Florence remix either for side project too]]></document>
		<document><![CDATA[Stepping up on my radioshow in 15 mins! Tune in at https://t.co/bgBduyM3F2 or 88.6fm in Welly.]]></document>
		<document><![CDATA[@Paxatron @danserif @sambgrover BUT WHERE WILL ALL THE PEOPLE DRIVING SOLO FROM THE BURBZ PARK HAVE YOU NO COMPASSION FOR THIER SELFISHNESS.]]></document>
		<document><![CDATA[Security is sexy. https://t.co/HklrpVRPKz]]></document>
		<document><![CDATA[@thomaslebas @Paxatron @klimtypefoundry @danserif looking forward to WWIII! It might produce some hilarious memes. *prepares apocalypse kit*]]></document>
		<document><![CDATA[@Madedigital @vincent_lowe dust off those tDR references]]></document>
		<document><![CDATA[@DearMama_ at least 50% of the population of the world are dicks, if not way higher.]]></document>
		<document><![CDATA[@danserif @thomaslebas @PiaGuerra @CitizenCliff took me ages to click, I thought it was a closeup of his combover.]]></document>
		<document><![CDATA[How domestication changes species, including the human – Jacob Mikanowski | Aeon Essays https://t.co/3VemqaT4wm]]></document>
		<document><![CDATA[Whoah. Checkout and line free shopping, just grab stuff and walk out:  Amazon Go https://t.co/BDXejgNjF8]]></document>
		<document><![CDATA[@Pocket I find the tweet header you put on articles saved via @twitter that pops up every time you scroll up SO FKing ANNOYING! :)]]></document>
		<document><![CDATA[@2degreesmobile not sure, I auto update so no idea. Appears to have fixed itself:)]]></document>
		<document><![CDATA[🎉 Standing Rock: US denies key permit for Dakota Access pipeline, a win for tribe https://t.co/uby9uLg0ln]]></document>
		<document><![CDATA[@InVisionApp or @invisionsupport feature request: 'cache all pages of prototype'. Save me having to visit every page to view prototype fast.]]></document>
		<document><![CDATA[@2degreesmobile ahhh, yes it is? I played the game last week?! https://t.co/kBw2SLjcRo]]></document>
		<document><![CDATA[🤔😱 mindexplode.gif: The Case Against Reality https://t.co/MCNfjYFtLp]]></document>
		<document><![CDATA[@DearMama_ went on a binge read of your articles, fuck yeah!]]></document>
		<document><![CDATA[@DearMama_ oh man, literal lolz on the 🚋 right now on your styles of parenting article. Nice work.]]></document>
		<document><![CDATA[👶✅ 10 parenting styles that are definitely a thing and aren’t made up by Emily Writes https://t.co/1nGTo8FseL]]></document>
		<document><![CDATA[@ThankfulSimon Just got round to checking it, noooooice.]]></document>
	</documents>
</author>