<author lang="en">
	<documents>
		<document><![CDATA[20 yrs ago, I had terminal #Cancer with no cure in sight. Read about my... https://t.co/JKYtGl73Oz by #datsyuklover via @c0nvey]]></document>
		<document><![CDATA[@BooksAndSpoons is a website for romance readers and food lovers!
#amreading... https://t.co/VZYvg2Dxsl by #paul_cude via @c0nvey]]></document>
		<document><![CDATA[special thanks to @thedreamer_off for this interview paolo Marongiu - The... https://t.co/gO7YylNLrz by #JourneyProducti via @c0nvey]]></document>
		<document><![CDATA[5 Stars from @Tammysdragonfly on #GoodReads for the... https://t.co/oiF1AAdINc by #alhanda via @c0nvey]]></document>
		<document><![CDATA[How Trump’s America is looking from the outside, according to the world’s... https://t.co/jUZ1PeymWn by #akelagris via @c0nvey]]></document>
		<document><![CDATA[NOIR WRAP, HALTER NECK VINTAGE HIGHWASTE BIKINI☀$30.00☀
Shop @ https://t.co/1Uz7ldmrSn Use Code ☀SLIM☀... by #kcephraim via @c0nvey]]></document>
		<document><![CDATA[Introducing The King Herb Enhancer. Slow burning, more THC. Smoke 5x longer at https://t.co/4C3PVT3Zxq !... by #kcephraim via @c0nvey]]></document>
		<document><![CDATA[#NEW Cover Reveal DESPERATE CALL-New Breed #5. Pax &amp; James's story is here on... https://t.co/LBB6pdQ1YU by #clrdougherty via @c0nvey]]></document>
		<document><![CDATA[Quebec City mosque staff bring media inside the mosque to 'show all Canadians... https://t.co/Tznb183RZC by #SumerSloan via @c0nvey]]></document>
		<document><![CDATA[Visit https://t.co/JiDLpNi1m2 to get your copy of a review of over 250 book promotion sites! by #KenFry10 via @c0nvey]]></document>
		<document><![CDATA[The truth comes at a price... 

 https://t.co/FrIcpMnWyZ #Lightworker #NewAdult #Amazon #Kindle... by #KellyCCookbook via @c0nvey]]></document>
		<document><![CDATA[The Hollow Man - Highlighted on TopShelfMagazine
#TheHollowMan... https://t.co/3pjCOG0y4A by #JourneyProducti via @c0nvey]]></document>
		<document><![CDATA[Fact check: White House claims 109 affected by travel ban - it's more like... https://t.co/A40XvlwORC by #monicasloves via @c0nvey]]></document>
		<document><![CDATA[Take a look at my website: https://t.co/MCtz0WWpom If my blog can help any of the people you know... by #IHAB1204x4 via @c0nvey]]></document>
		<document><![CDATA[Jeff Sessions grilled Sally Yates on her duty to follow the law during a 2015... https://t.co/HQlt6oxo7T by #DENISEVASQUEZ via @c0nvey]]></document>
		<document><![CDATA[REVIEW ~ Secrets to #ShineThroughtheNoise
@AkashaGarnier

 https://t.co/vVK1rQs1ml #TuesdayBookBlog... by #FrostieMoss via @c0nvey]]></document>
		<document><![CDATA[NEW HOPE is about:
Getting a look from your dad that says you are his equal.
And... https://t.co/8Or0czLSHX by #BuggyChaput via @c0nvey]]></document>
		<document><![CDATA[Want a FREE copy of my #Fairytale, Shimmer?
Readers love it!
Get it now with... https://t.co/G3caaEKOxY by #ADPase via @c0nvey]]></document>
		<document><![CDATA[Jean-Baptiste Oudry 🎨
Bass Viol, Score Sheet, and a Sword, 1734
🎼♪♫ https://t.co/l5nBvmjpgl Antoine... by #VladimerAntonov via @c0nvey]]></document>
		<document><![CDATA[#IARTG #author #books
♨ Circle of Books Services for the budding author ♨
 https://t.co/bVRttSCZml ... by #LincolnFarish via @c0nvey]]></document>
		<document><![CDATA[📝 | @schneiderlinmo4 has signed a deal to the end of June 2021 for an initial... https://t.co/IdRqtA0yHg by #gloriawalthour via @c0nvey]]></document>
		<document><![CDATA[NEW HOPE is about:
Getting a look from your dad that says you are his equal.
And... https://t.co/A42VoYy7PS by #papriddey via @c0nvey]]></document>
		<document><![CDATA[Sen. Chuck Schumer calls President Trump's travel ban "mean spirited and... https://t.co/QhDeuBI09O by #captsingh via @c0nvey]]></document>
		<document><![CDATA[Let’s work together on the next generation of citizenship - check out https://t.co/DWBPPxL8kz and... by #DennisCardiff via @c0nvey]]></document>
		<document><![CDATA["You don’t just 'find' your calling — you have to fight for it." https://t.co/wHZgQnMxWy #mondaymotiv... by #GoogleExpertUK via @c0nvey]]></document>
		<document><![CDATA[Bashar al Assad's wife shopped in Paris while her country collapsed: https://t.co/Rp26iObZ10 not sure... by #SumerSloan via @c0nvey]]></document>
		<document><![CDATA[We went Global - Here are the Highlights https://t.co/a78Kzchb7z #homelessness #housing #poverty... by #GoogleExpertUK via @c0nvey]]></document>
		<document><![CDATA[This vine gets funnier everytime I watch it
 https://t.co/PdBGCkzm5K by #kcephraim via @c0nvey]]></document>
		<document><![CDATA[💕😹🙀😸💕 When a cat freaks out... 💕😹🙀😸💕 ☃❄🌸🌼🌺🍭💝 https://t.co/ZqowRanUS9 by #Elverojaguar via @c0nvey]]></document>
		<document><![CDATA[Vincent van Gogh 🎨
Wheatfield with a Reaper, 1889
Van Gogh Museum... https://t.co/vcL5SjCtsF by #VladimerAntonov via @c0nvey]]></document>
		<document><![CDATA[Statement on International Holocaust Remembrance Day: https://t.co/nMXTEf99qK by #AnnWalthour via @c0nvey]]></document>
		<document><![CDATA[Slow Cooker Ham and Potato Soup from Holiday Leftovers A quick, easy &amp; yummy... https://t.co/6IW1NNFI6z by #MikiHope via @c0nvey]]></document>
		<document><![CDATA[High Waist Velvet Shorts 
SALES 👉 https://t.co/oUHJ8n3otf SALES CODE MILLS AT 10% CHEAPER + FREE... by #kcephraim via @c0nvey]]></document>
		<document><![CDATA[Want a FREE copy of my #Fairytale, Shimmer?
Readers love it!
Get it now with... https://t.co/qvGBVSdbbc by #HollowManSeries via @c0nvey]]></document>
		<document><![CDATA[2017 Birthday Guardian Angel Jewelry: https://t.co/p1KjTGH3Z1 #birthdayearrings #birthdayjewelry... by #JourneyProducti via @c0nvey]]></document>
		<document><![CDATA[This vine gets funnier everytime I watch it
 https://t.co/7rRLzNsdzD by #Natebanzflick via @c0nvey]]></document>
		<document><![CDATA[Fun Fast and Free Join Now Begware Tweets Tweet 24 hours a day   https://t.co/yFj8MQYDrX bjuy by #loveleov via @c0nvey]]></document>
		<document><![CDATA[Gripping 5 Star #Fantasy 4 your #Kobo Dragons disguised as humans fight to save the... https://t.co/Q6dBff8aGX by #KenFry10 via @c0nvey]]></document>
		<document><![CDATA[Exclusive: The State Department’s entire senior management team just resigned https://t.co/OmMOPvpZDo by #profesortbaker via @c0nvey]]></document>
		<document><![CDATA[The Holographic Youniverse MUST SEE! https://t.co/EkJvloE6fY by #jsderetourbitch via @c0nvey]]></document>
		<document><![CDATA[HOTTEST ITEM THIS WEEK👉Rihanna Fenty Slides👍😍😎
($ 79.95)
SHOP NOW👉👉 https://t.co/xCQivYvMVe Use UNIQUE For... by #kcephraim via @c0nvey]]></document>
		<document><![CDATA[Three new lawsuits in one week?  Donald Trump is now the "Defendant-in-Chief!"

 https://t.co/GD3rx9hesl by #monicasloves via @c0nvey]]></document>
		<document><![CDATA[#Trailer Little Bit Out Of Time, #book coming soon from @AliceWhite01.
 https://t.co/PzT26G97Yi #TimeTravel... by #papriddey via @c0nvey]]></document>
		<document><![CDATA[Kylie Jenner is Giving away $500 Worth of Make-Up &amp; Lip Kits! sign up for free... https://t.co/mzexcMixod by #kcephraim via @c0nvey]]></document>
		<document><![CDATA[For over 40 years https://t.co/qMeZ5sBfsa has helped #authors reach their max audience with... by #W_Angels_Wings via @c0nvey]]></document>
		<document><![CDATA[That gasp.. https://t.co/cSy93obIVZ by #Drrake via @c0nvey]]></document>
		<document><![CDATA[INSTAGRAM 10-POINT PDF CHEAT-SHEET - https://t.co/a1JCcDydMh #success #BusinessOwner... by #Hillary_Jeong48 via @c0nvey]]></document>
		<document><![CDATA[THREE FOR FREE!!! Subscribe to my blog and get 3 FREE HORROR STORIES! https://t.co/cR0nIGhSC8 #support... by #LincolnFarish via @c0nvey]]></document>
		<document><![CDATA[On The Road With Al &amp; Ivy: A Homeless Literary Chronicle: the Jan 20th blog entry!

 https://t.co/c1gEn7nIYX ... by #alhanda via @c0nvey]]></document>
		<document><![CDATA[1 Yoga Tip For a Tiny Belly: https://t.co/rIAewmARdg Fitness is Key to Health &amp; Happiness Retweet Please... by #huskorkut via @c0nvey]]></document>
		<document><![CDATA[CUSTOM "BARNEY KUSH" YEEZY BOOST 350 
BUY at https://t.co/WUbGI2ghDW BUY yours cheaper with code Mills... by #kcephraim via @c0nvey]]></document>
		<document><![CDATA[Jean-Baptiste Oudry 🎨
Bass Viol, Score Sheet, and a Sword, 1734
🎼♪♫ https://t.co/EYM9dQV4RS Antoine... by #VladimerAntonov via @c0nvey]]></document>
		<document><![CDATA[BIAFRA: TRUMP’S INVITATION OF NNAMDI KANU (IPOB) ON HIS INAUGURATION; WHAT IS... https://t.co/QaFWXpRWXo by #BiafraRetweet via @c0nvey]]></document>
		<document><![CDATA[Broken dragon? 4 the best #dragon fix on ur #Nook 
 https://t.co/ztMXeRwJcI 5 Star #Fantasy &amp; #Magic... by #Writing_Novel via @c0nvey]]></document>
		<document><![CDATA[Broken dragon? 4 the best #dragon fix on ur #Nook 
 https://t.co/NPPdjRqqeT 5 Star #Fantasy &amp; #Magic... by #j_a_conrad via @c0nvey]]></document>
		<document><![CDATA[MOST DRAMATIC SNEEZE EVER
 https://t.co/uDfvR0tVZ2 by #MrCatEyez via @c0nvey]]></document>
		<document><![CDATA[@BooksAndSpoons is a website for romance readers and food lovers!
#amreading... https://t.co/0QIrw8cXH5 by #alhanda via @c0nvey]]></document>
		<document><![CDATA[Okay, here are the hard numbers. Note Trump even lost out to "average weekday". Sad!  https://t.co/PY7a8hxUUQ ... by #sacca via @c0nvey]]></document>
		<document><![CDATA[THE GAME OF SEXES  | Official Book Trailer https://t.co/h0iOhHTySu via @YouTube by #GlennSoucy1 via @c0nvey]]></document>
		<document><![CDATA[The Hollow Man - Highlighted on TopShelfMagazine
#TheHollowMan... https://t.co/c7UWIMq7BR by #paul_cude via @c0nvey]]></document>
		<document><![CDATA[Looking for epic #fantasy? Claim your ARC: The Necromancer of Many Faces... https://t.co/fNNuEEIsmy by #WritingReader via @c0nvey]]></document>
		<document><![CDATA[King Louis XIII 🌙

🚙💨Rushed by
@harvestbloom420
Larkspur, California
Order today https://t.co/IL5Kj3lZcN C... by #MrCatEyez via @c0nvey]]></document>
		<document><![CDATA[These tees are 🔥
Retweet if you agree!
Shop https://t.co/fkrluYHey6 for these tees
@Urbanattires 🔥... by #kcephraim via @c0nvey]]></document>
		<document><![CDATA[2017 Collection

New Floral Hoodie
[34.99]

Use Code "SUPERB" Get It 15%... https://t.co/gUNZ0QrV9g by #kcephraim via @c0nvey]]></document>
		<document><![CDATA[Check  @BudEBoyEnt https://t.co/FTq1gSiMrq #mansleyband 
@DjKingAssassin 
@Kokaneofficial @maru_star7... by #maru0123m via @c0nvey]]></document>
		<document><![CDATA[10 Of The Guiltiest Looking Dogs On The Internet

 https://t.co/whhDP96GpH by #Drrake via @c0nvey]]></document>
		<document><![CDATA[Massive crowd of expected to attend tomorrow's ‘Women’s March on Washington’ https://t.co/AxW4Q6bVkw http... by #SumerSloan via @c0nvey]]></document>
		<document><![CDATA[@FantasyReview4U 2016 Book Awards Winners!!! https://t.co/WIPg3Pyj5n #Fantasybooks #IARTG #ASMSG #KDP... by #anitaphilmar via @c0nvey]]></document>
		<document><![CDATA[😎➡️Summer Collection Sale⬅️😎

📦 TAKE AN ADDITIONAL 15% USING THE CODE... https://t.co/mvjVzzEGoz by #kcephraim via @c0nvey]]></document>
		<document><![CDATA[The clouds over Trump are dark and ominous. https://t.co/a3t58iTlei by #ERNESTZorro via @c0nvey]]></document>
		<document><![CDATA[Get Paid for Testing Mobile Apps: https://t.co/6SVHx3HEsi | Make Money By Using Your Smartphone... by #VeronicaD533 via @c0nvey]]></document>
		<document><![CDATA[.@CNN should be ashamed of this...  https://t.co/hJQTnUsNsr by #frielingbailey via @c0nvey]]></document>
		<document><![CDATA[►Greek Mythology: “Metamorphoses” by Ovid / "Flowers and Plants in some Greek... https://t.co/yWKSTZTLS3 by #BuggyChaput via @c0nvey]]></document>
		<document><![CDATA[#GreenBayPackers at #AtlantaFalcons – NFC Championship
 https://t.co/WX5D6phymm #americanfootball... by #sibobkurniawan via @c0nvey]]></document>
		<document><![CDATA[The best day will be when we no longer talk about being gay or straight. https://t.co/gELJiP71UZ #BeG... by #W_Angels_Wings via @c0nvey]]></document>
		<document><![CDATA[*NEW* 2016 Bandage Swimsuit
Use code"SCORE"
For 10% discount &amp; free shipping... https://t.co/fIsyHiPABw by #nostalgicful via @c0nvey]]></document>
		<document><![CDATA["What are your plans for tonight?"
 https://t.co/i7dviJJS17 by #IiIuzivert via @c0nvey]]></document>
		<document><![CDATA[Sexy Bodycon One Piece Jumpsuit😍😘🎆
($ 27.98)

GET IT HERE👉 https://t.co/7etil9iAdt Use UNIQUE For 10%... by #nostalgicful via @c0nvey]]></document>
		<document><![CDATA[Tasmania was the most amazing place to visit -
 https://t.co/tYviZrqOmJ #Hobart #portarthur #bruny #mona... by #danielkemp6 via @c0nvey]]></document>
		<document><![CDATA[Honoured to be in the top 100 #SocialMedia Marketing 2016: Top 100... https://t.co/0bxEgIeshc by #lisabriercliffe via @c0nvey]]></document>
		<document><![CDATA[Newly Discovered 1964 MLK Speech on Civil Rights, Segregation &amp; Apartheid... https://t.co/KvtvfZ0OyH by #SebastianCONFOR via @c0nvey]]></document>
		<document><![CDATA[[SALE] 2017

Velvet Bodycon Rompers

[25.99]

Use Code "SUPERB"Get It 15%... https://t.co/Zz1nFi8um8 by #kcephraim via @c0nvey]]></document>
		<document><![CDATA[#AwardWinning author @MRSDBOOKS invites you into her magical world of books!
 https://t.co/fS4lGOboGg #pdf1... by #paul_cude via @c0nvey]]></document>
		<document><![CDATA[Floral Slim Fit Hoodie 🌺 

DISCOUNT CODE:"YOUNG" (15% OFF + Free Shipping) 

SHOP: https://t.co/H9X86sQAly by #kcephraim via @c0nvey]]></document>
		<document><![CDATA[In honor of #MLKDAY, here's the 17,000 page FBI file and the assassination... https://t.co/v40XflHTlg by #frielingbailey via @c0nvey]]></document>
		<document><![CDATA[The True Mehdi Magazine is available now for FREE online: https://t.co/6oTrULPFFU ! For updates, follow…... by #xeron7722 via @c0nvey]]></document>
		<document><![CDATA[Snow Geese (mostly) At Sunset In Merced National Wildlife Refuge, California... https://t.co/9X8KzigA3G by #VladimerAntonov via @c0nvey]]></document>
		<document><![CDATA[Full coverage of #wef17 as the global elite gather for the World Economic Forum... https://t.co/u643ODlwMS by #SumerSloan via @c0nvey]]></document>
		<document><![CDATA[Brexit’s Effect on the Car Industry https://t.co/hnEpqSlARV]]></document>
		<document><![CDATA[Brexit’s Effect on the Car Industry |  https://t.co/MD48apfhNU]]></document>
		<document><![CDATA[Start Your Career and New Year With We Buy Cars Today https://t.co/1yAA2tOesW]]></document>
		<document><![CDATA[Thanks for the recent follow @MaryanPM @babaaashusingh! Happy to connect :) have a great Thursday. &gt;&gt; Get FREE? https://t.co/l0Wqi6QA3p]]></document>
		<document><![CDATA[Thanks for the recent follow @ProjectPeachUK @ashwinworld! Happy to connect :) have a great Wednesday. &gt;&gt; Get FREE? https://t.co/RXrW9ak9kF]]></document>
		<document><![CDATA[Thanks for the recent follow @mieza_hj_ishak @zamanbhatti0! Happy to connect :) have a great Wednesday. &gt;&gt; https://t.co/bmlSTQl3xW]]></document>
		<document><![CDATA[Thanks for the recent follow @EscortRomi @SeizeBliss @EShevert! Happy to connect :) have a great Tuesday. &gt;&gt; https://t.co/bmlSTQl3xW]]></document>
		<document><![CDATA[Thanks for the recent follow @Orsis_UK @MiliAquino10 @rosa_soberanis! Happy to connect :) have a great Tuesday. &gt;&gt; https://t.co/bmlSTQl3xW]]></document>
		<document><![CDATA[Thanks for the recent follow @layfox_ @conjuanvaldes @6G16axcqFwASxzf! Happy to connect :) have a great Monday. &gt;&gt; https://t.co/bmlSTQl3xW]]></document>
		<document><![CDATA[Thanks for the recent follow @_SOOTS_ @IgnacioKutcher @AmericanEfird! Happy to connect :) have a great Monday. &gt;&gt; https://t.co/bmlSTQl3xW]]></document>
		<document><![CDATA[Thanks for the recent follow @refertoAnuj @SupportUrPet @awdblog! Happy to connect :) have a great Sunday. &gt;&gt; https://t.co/bmlSTQl3xW]]></document>
		<document><![CDATA[Thanks for the recent follow @LatestGadgetsT @ullas24cs @ForgePara! Happy to connect :) have a great Sunday. &gt;&gt; https://t.co/bmlSTQl3xW]]></document>
	</documents>
</author>