<author lang="en">
	<documents>
		<document><![CDATA[This is a great teacher.  This is so good! https://t.co/yUYVYNhTXC]]></document>
		<document><![CDATA[Excellent. Relevant to all modern democracies: How Donald Trump Could Build an Autocracy in the U.S. - The Atlantic https://t.co/WDqZZwXgxt]]></document>
		<document><![CDATA[Excellent thread explaining why today's tariff suggestion is so flawed. https://t.co/b10EEfnURx]]></document>
		<document><![CDATA[Obama Commutes Bulk of Chelsea Manning’s Sentence, via @nytimes https://t.co/3uyYi9mONC]]></document>
		<document><![CDATA[Wish this important show would tour: Finding Inspiration for Art in the Betrayal of Privacy, via @nytimes #privacy  https://t.co/5sLVewuOJr]]></document>
		<document><![CDATA[RIP, she will be missed.    - Carrie Fisher, Child of Hollywood and ‘Star Wars’ Royalty, Dies at 60, via @nytimes https://t.co/RGdjLS8hMb]]></document>
		<document><![CDATA[On Optimism and Despair | by Zadie Smith | The New York Review of Books https://t.co/WkzoGWSET9]]></document>
		<document><![CDATA[Cybersecurity firm finds a link between DNC hack and Ukrainian artillery https://t.co/GN4mGH5lJK https://t.co/Katz2k51jc]]></document>
		<document><![CDATA[Trudeau marks World AIDS Day, says fight against HIV can be won | Toronto Star https://t.co/XqJumPfW3a]]></document>
		<document><![CDATA[@privacylawyer love it. And great view!]]></document>
		<document><![CDATA[A practical guide.   The Way to Stop Trump | by David Cole | NYR Daily | The New York Review of Books https://t.co/hVqWJgFw10]]></document>
		<document><![CDATA["if one day Muslim-Americans will be forced to register their identities, then that is the day...this proud Jew wil… https://t.co/AqhTP7cEvY]]></document>
		<document><![CDATA[Useful information for drivers in #Vancouver. https://t.co/sN1PhxGSAp]]></document>
		<document><![CDATA[Gov't position on Bill S-201, the #anti-genetic discrimination bill. Govt partially supports.  #humanrights #justice https://t.co/TSZBoqmAwj]]></document>
		<document><![CDATA[Fentanyl overdoses spike- Heroin, marijuana found laced with toxic drug, warn police and health officials @CKNW  https://t.co/6kdPy3SxFQ]]></document>
		<document><![CDATA[Almost a quarter of those hospitalized for opioid poisoning are seniors via @VancouverSun https://t.co/DmspHu8UEP]]></document>
		<document><![CDATA["tyrants always want to destroy private life ...where real opposition begins" Letter to a Friend in a Time of Trump
 https://t.co/0gYll6fVMA]]></document>
		<document><![CDATA[This is just so great.  Read this and then you'll want to get off social media and go live your life. https://t.co/pHDn4wodOg]]></document>
		<document><![CDATA[This is good news. https://t.co/lHrjBENCMr]]></document>
		<document><![CDATA[I wonder when we'll start hearing this word again? Quisling - Wikipedia https://t.co/CGO0rbSXSd]]></document>
		<document><![CDATA[Another beautiful work.  Thanks @christibelcourt for contributing to the good in the world. https://t.co/Tt06qpSZRn]]></document>
		<document><![CDATA[Positive step: AJC and ISNA Launch Muslim-Jewish Advisory Council https://t.co/7bNwkPu5EO]]></document>
		<document><![CDATA[A 10-Digit Key Code to Your Private Life: Your Cellphone Number - https://t.co/g5bnfogECg https://t.co/KQfhiTCyer]]></document>
		<document><![CDATA[Important piece on impact of fentanyl epidemic in all walks of life  https://t.co/g8DwsnL3RQ]]></document>
		<document><![CDATA[Really good story of people talking not fighting. https://t.co/fdg5pcKmtE]]></document>
		<document><![CDATA[Great thread on how to actually make a difference IRL. https://t.co/oksxqmE3b4]]></document>
		<document><![CDATA[Thanks @back2thebedroom    Pleasure to be on your show to tell people more about how to protect their #privacy.]]></document>
		<document><![CDATA[Over 300 million AdultFriendFinder accounts have been exposed in a massive breach | The Verge @back2thebedroom  https://t.co/qqq4Z2GEOA]]></document>
		<document><![CDATA[Huge online dating site breach.   @back2thebedroom #vancouverwomensconference]]></document>
		<document><![CDATA[Way to go kids for pushing this forward.  Well done. #Richmond #LGBT #bcpoli #sd38 https://t.co/BYQnVDaeZn]]></document>
		<document><![CDATA[Great day at #vancouverwomensconference  great day talking #privacy online thanks  @back2thebedroom #women]]></document>
		<document><![CDATA[Levine to speak at Vancouver Women's Conference https://t.co/5mWn9xHaCi]]></document>
		<document><![CDATA[We remember them.   Important work by @globeandmail https://t.co/M5wZvE1Bja]]></document>
		<document><![CDATA[Worth a read. https://t.co/QU7NaMpgpD]]></document>
		<document><![CDATA[At least five people shot nearby anti-Trump protest in Seattle - NY Daily News https://t.co/jKMq9n2jgV]]></document>
		<document><![CDATA[Hundreds march in anti-Trump protest in Philadelphia | https://t.co/KLrqdshDoK https://t.co/DXpK13GkBj]]></document>
		<document><![CDATA[Why we Canadians mustn't be smug.  We are not immune from this poison.  #cdnpoli https://t.co/OXTorJH5Km]]></document>
		<document><![CDATA[@a_mcgrath1 good for you.]]></document>
		<document><![CDATA[@pamelamartin_bc @WomenOfInflnce She won the popular vote.  She swept millenials.]]></document>
		<document><![CDATA[Yes.  This is correct. https://t.co/CXRSmC1rs2]]></document>
		<document><![CDATA[@NateSilver538 seriously? Schadenfreude right now?]]></document>
		<document><![CDATA[Cogent, incisive and furious.  A must read. #election2016 https://t.co/NjRaJ0xoyw]]></document>
		<document><![CDATA[I don't think I've ever seen such a thing before. Scary times...]]></document>
		<document><![CDATA[seen such a thing before.  Scary times...]]></document>
		<document><![CDATA[Well I'm not sure that's relevant, is it? It plainly suggests murdering journalists by lynching. This is not a commonplace joke.  I don't...]]></document>
		<document><![CDATA[@privacylawyer really? Surely explicitly threatening death to certain people is beyond the boundaries of protected expression?]]></document>
		<document><![CDATA[Obsessed with election? Meanwhile... https://t.co/hhfccM0t4O]]></document>
		<document><![CDATA[This shouldn't be surprising and yet it still does kind of make one gasp. https://t.co/LFtMfsmPX1]]></document>
		<document><![CDATA[Vancouver Women's Conference - check out the great speakers, great content, and join us on Nov 12! https://t.co/DBxteJcRgw]]></document>
		<document><![CDATA[This will be great.  Lots of terrific speakers, including me! https://t.co/GoWBUuxdFN]]></document>
		<document><![CDATA[Here it is again.  So good. https://t.co/EcpTes9GJ6]]></document>
		<document><![CDATA[Everybody listen to this. Seriously moving. https://t.co/sq7NPhQzZy]]></document>
		<document><![CDATA[The hard skills are necessary but not sufficient - social skills are required too. https://t.co/kiaYEaFwX6]]></document>
		<document><![CDATA[John Candy anticipating Trump. Note the photos! SCTV - Johnny LaRue for City Council - YouTube https://t.co/hIy28sDCAh]]></document>
		<document><![CDATA[The article explains this cool graphic and is worth a look too. https://t.co/L32zow85IZ]]></document>
		<document><![CDATA[Well this is interesting https://t.co/Qeo495Uwsp]]></document>
		<document><![CDATA[Hey Vancouverites with girls! National Girls Learning Code Day Game-Making with Scratch  https://t.co/L1oaY9rwkv]]></document>
		<document><![CDATA[More about those great kids, the Juslims. https://t.co/vEKrej5kp2]]></document>
		<document><![CDATA[The Future of this is useful bosses and parents! Situational Leadership | Incrementa Consulting, Inc. https://t.co/F6ARrp4X2o]]></document>
		<document><![CDATA[Thank goodness for the next generation.  So much smarter. https://t.co/GWnN4niJBz]]></document>
		<document><![CDATA[@prestonyancey Speaking for myself, its good, if it's done in solidarity and as resistance to anti-semitism.  https://t.co/o7f9EP2zSG]]></document>
		<document><![CDATA[Look how beautiful this is. https://t.co/LZ0uS6LwqX]]></document>
		<document><![CDATA[@DougSaunders @Slate When did having a bookshelf become for "displaying" books? Where else would you put them?]]></document>
		<document><![CDATA[Just watch this over and over and over and over... https://t.co/XPBdluGK4C]]></document>
		<document><![CDATA["focusing on...patient zero...obscures structural factors...poverty, legal &amp; cultural inequality, barriers to healt… https://t.co/PnYExhMugR]]></document>
		<document><![CDATA[Terrace man saves three people from fire; says he was just being 'neighbourly' via @VancouverSun https://t.co/U0uWpDkUjs]]></document>
		<document><![CDATA[Trust-fund-baby-turned-billionaire-married-to-supermodel feels system unfairly rigged against him  https://t.co/2gAV4M5Vzp]]></document>
		<document><![CDATA[Just 10 journalists received of 83% of 19,253 antisemitic tweets; a single journalist got 7,400 of them. https://t.co/38BvtqMBYX]]></document>
		<document><![CDATA[THIS is cool. https://t.co/dh5TpbZHai]]></document>
		<document><![CDATA[Excited to be speaking on women's privacy at the Vancouver Women's Conference on Nov 12 #women https://t.co/3uTsRIGxF1]]></document>
		<document><![CDATA[This is @ggreenwald on ethical journalism, privacy and leaks.  Explains why there is a "journalistic purposes" exce… https://t.co/m7gDCyCd9e]]></document>
		<document><![CDATA[Housing issues in Londontown. https://t.co/w4x9OrzvAB]]></document>
		<document><![CDATA[Some yummy ideas here. https://t.co/f1Gpr9K1Zf]]></document>
		<document><![CDATA[CMHC data suggests foreign buyers have nearly disappeared from Vancouver market via @VancouverSun https://t.co/FxgywvFuuX]]></document>
		<document><![CDATA[Really big fine for privacy failure. https://t.co/F5r3w6FHYe]]></document>
		<document><![CDATA[Chilling:  'Finally. Someone who thinks like me.’ - The Washington Post https://t.co/diCv6duQw6]]></document>
		<document><![CDATA[This is a very good piece. https://t.co/dr4DtMkKm7]]></document>
		<document><![CDATA["What he lacked in factual knowledge he tried to make up for in sweeping claims". https://t.co/GHKnITyfBI https://t.co/0vP1bppTnH]]></document>
		<document><![CDATA[Hep C and the false economy of the health care system: Fiorito | Toronto Star https://t.co/HC6SwWOskF]]></document>
		<document><![CDATA[@seanjcostello The editor didn't know the stories are meant to be read aloud? Dahl's words scan better &amp; are easier to say than editor's.]]></document>
		<document><![CDATA[New Film Tells the Story of Edward Snowden; Here Are the Surveillance Programs He Helped Expose https://t.co/qzqzCjHuBl]]></document>
		<document><![CDATA[8 ODs, 20 minutes: The night Delta responders averted a fentanyl tragedy | Vancouver Sun https://t.co/FmfxCeK198]]></document>
		<document><![CDATA[With Windows 10 Microsoft Blatantly Disregards User Choice and Privacy: A Deep Dive - Electronic Frontier Foundation https://t.co/pcibTacEQh]]></document>
		<document><![CDATA[Interesting reading:  Blog: Is There a Real Estate Market Crash in Vancouver &amp; Richmond? https://t.co/CWnCS97i1g]]></document>
		<document><![CDATA[Interesting perspective and worth a read.   https://t.co/czAc7QBBRY]]></document>
		<document><![CDATA[Good to know.  https://t.co/1chmCJiHHF]]></document>
		<document><![CDATA[Hey @nationalpost @fullcomment Politifact rated the "stolen furniture" story as mostly false.]]></document>
		<document><![CDATA[Hey @KathrynChoquer and @back2thebedroom This is truly hilarious.   https://t.co/lRVKOp5q5d]]></document>
		<document><![CDATA[A thoughtful piece that applies to many women in politics. Dear Hillary: How Very Dare You! | Social Justice For All https://t.co/n5D6efYQrK]]></document>
		<document><![CDATA[PM Trudeau celebrates Pride day in Vancouver. Proud to be Canadian. #Pride2016 #leadership  https://t.co/BuMLlVdBFB]]></document>
		<document><![CDATA[Peace. One person at a time. #antiracism #BetterTogether https://t.co/lNz0dRmWpi]]></document>
		<document><![CDATA[A terrific day for it. #Pride https://t.co/6lnhM7TGGv]]></document>
		<document><![CDATA[Very interesting #trump #longreads Trump: Tribune Of Poor White People | The American Conservative https://t.co/gYVvT71WRf]]></document>
		<document><![CDATA[Scientist found radioactivity in her kid's teeth &amp; changed world opinion on nukes.  https://t.co/AqWCXi6U7h]]></document>
		<document><![CDATA[Ever wonder how the party of Lincoln became the party of Trump? #longreads  https://t.co/gz58gB9fEz]]></document>
		<document><![CDATA[Racists shouldn't be allowed to silence others.Twitter did right to ban him. #loveforlesliejones  https://t.co/zLZ0ttQXN7]]></document>
		<document><![CDATA[A worry? https://t.co/2UFmjXgDuH]]></document>
		<document><![CDATA[Congrats and good luck to the new ICO. #privacy  https://t.co/qrlHCM5UOr]]></document>
		<document><![CDATA[Brilliant piece on the people who support Trump.  #longreads #Trump #Election2016  https://t.co/ZjRVTaYOvW]]></document>
		<document><![CDATA[Imagine someone runs for president just to spite the snobs who mocked him.   https://t.co/Siq7I5Dyaa]]></document>
	</documents>
</author>