<author lang="en">
	<documents>
		<document><![CDATA[the Specsavers ad where a French plumber drains cask of vintage wine instead of boiler, why? draining boiler was never gonna fix the heating]]></document>
		<document><![CDATA[6yr old daughter asked if we could all go &amp; stay in a Hotel for the weekend, i asked where, which one? she replied… https://t.co/uePnhbSnHr]]></document>
		<document><![CDATA[@MuireannO_C ...that laugh! like a super heroes villainous foe! hahaha #TeaTanLady]]></document>
		<document><![CDATA[on this day last year my wife was as upset by Terry Wogans death as i was with Bowies 3 weeks earlier, heroes come in all shapes &amp; sizes RIP]]></document>
		<document><![CDATA[Overhead The Albatross - Time (Hans Zimmer Cover) @OvrhdThAlbtrss https://t.co/5AY6olxkmw]]></document>
		<document><![CDATA[looking forward to the next weeks one! :) any clues to what it will look like? :) @CGarveyDesigner @judgejulesoffic @RTEOne @rte @DWTSIRL]]></document>
		<document><![CDATA[do you start from scratch Claire or with an off the peg jacket? @CGarveyDesigner @judgejulesoffic @RTEOne @rte @DWTSIRL]]></document>
		<document><![CDATA[amazing, like a work of art, you must put hours into it Claire. @CGarveyDesigner @judgejulesoffic @RTEOne @rte @DWTSIRL]]></document>
		<document><![CDATA[@CGarveyDesigner, how many hours work would go into a jacket like that? is everything hand sewn on?… https://t.co/jf2AfyZbqg]]></document>
		<document><![CDATA[@annemccoy shifting studs, lumps of steel, always wanted Dermot in our bedroom,... the sexual electricity was bristling in tonights episode.]]></document>
		<document><![CDATA[@Erineyy just read about your good news, congrats to you, james &amp; your family. COYBIG, BOING BOING! :)]]></document>
		<document><![CDATA[Beware!
I bear more grudges 
Than lonely high court judges,
https://t.co/EbxGsHKMwe]]></document>
		<document><![CDATA[Yes please!!! Would absolutely love a ticket for this!!! :)
@rte @choiceprize @RTE2fm #rtechoice]]></document>
		<document><![CDATA[@hvmmingbyrd if love was enough on @8RadioIreland now. @musicismyradr]]></document>
		<document><![CDATA[Brilliant to hear Gene on the radio, not played enough in my opinion. #olympian @8RadioIreland @musicismyradr]]></document>
		<document><![CDATA[i was at @badly_drawn_boy @BoweryDublin gigs too, both of them, he was great! @8RadioIreland @musicismyradr https://t.co/7y4EnPN30R]]></document>
		<document><![CDATA[Francis Bacon was English, British? he was Irish, born in Dublin, Ireland. @BBCTwo @francisbacon]]></document>
		<document><![CDATA[@PMcLoone oh yes, and a bit of Rod too, very nice.]]></document>
		<document><![CDATA[when you go to pour yourself a glass of red wine to find your wife has put the 3/4 full bottle back in the wine rac… https://t.co/VArxeT4WoQ]]></document>
		<document><![CDATA[not long now til the voice.
@thevoiceuk @TV3Ireland @ITV @RealSirTomJones 8pm https://t.co/kO3JdbL53g]]></document>
		<document><![CDATA[Aged Aunt - hello Garry, haven't see you for a while, you're looking very homely &amp; fatherly,..
Me - https://t.co/XtGBhHV4Ie]]></document>
		<document><![CDATA[@8RadioIreland any chance of playing Dan Le Sac vs Scroobius Pip 'The Beat That My Heart Skipped'? @Scroobiuspipyo @danlesac]]></document>
		<document><![CDATA[@8RadioIreland you should contact this girl, she has loads of spare letters &amp; numbers! :) #countdown #8outof10cats https://t.co/DRzMjUzusb]]></document>
		<document><![CDATA[@8RadioIreland that upside down, back to front 2 aint fooling no one! LOL are you getting 105.5 for Dublin?]]></document>
		<document><![CDATA[@8RadioIreland ... 'single'??? i'll have you know it's a Limited Edition 12" in blue plastic outer sleeve!!!! ;) lol]]></document>
		<document><![CDATA[Depeche Mode, World in my Eyes, what a great song from a great band @8RadioIreland looking forward to FM next weeke… https://t.co/bDSZKy4uVj]]></document>
		<document><![CDATA[@loftysnds @8RadioIreland oh wow, that's cool.]]></document>
		<document><![CDATA[ah great, thanks. @loftysnds @8RadioIreland]]></document>
		<document><![CDATA[@shaunnearyphoto @8RadioIreland yep, i need to invest! :)]]></document>
		<document><![CDATA[@chunky66 @loftysnds @8RadioIreland john, who's version of Just Dropped in, was it that you played?]]></document>
		<document><![CDATA[@shaunnearyphoto @8RadioIreland had to dig them out of the shed! lol but they are doing a great job now! ha :)]]></document>
		<document><![CDATA[@loftysnds @8RadioIreland great songs John, we've lost some amazing talent.]]></document>
		<document><![CDATA[10 Rillington Place, naked Civil Servant, The Hit, Alien, Midnight Express Elephant Man 1984,films from my youth. s… https://t.co/dKArprCF3p]]></document>
		<document><![CDATA[listening in @loftysnds, missed it 1st time round, enjoying it. @8RadioIreland]]></document>
		<document><![CDATA[got my advanced hi-tech audio set up switched on &amp; tuned to @8RadioIreland 
(old phone &amp; old computer speakers :) ) https://t.co/KHmgc4zUu7]]></document>
		<document><![CDATA[@phlaimeaux Adidas Tennis Court Top, i've got a pair too.]]></document>
		<document><![CDATA[@SongsInTheKey never realised SITKOL had its own tweet account, thanks for the follow :)]]></document>
		<document><![CDATA[as long as i get a ticket for it, yes! @BARQ_music @hotpress @BookaBrassBand @SouleOfficial @JamesonIreland]]></document>
		<document><![CDATA[well deserved! great festival. @Vantastival @IMROireland]]></document>
		<document><![CDATA[looks like a great night, i wish i had been lucky with the ticket draw. @hotpress @BookaBrassBand @BARQ_music @SouleOfficial @JamesonIreland]]></document>
		<document><![CDATA[#WIN tickets to see @TheBladesBand in @whelanslive on March 31st, tickets on sale tomorrow -- RT to enter https://t.co/Rnde6IPabc]]></document>
		<document><![CDATA[Yes please!!! :) @LiveDrive @TheBladesBand @whelanslive]]></document>
		<document><![CDATA['vinyl killed the mp3 star' https://t.co/50KaOX7PiQ]]></document>
		<document><![CDATA[https://t.co/bLZOIXQA2k
@RoyalMail @RoyalMailStamps @royalmailnews @DavidBowieReal @davidbowie_news @bowieww]]></document>
		<document><![CDATA[This would be brilliant, my wife &amp; i are in need of decent break.
@rte @Kellysresort  #rtekellys]]></document>
		<document><![CDATA[@MuireannO_C &amp; @MarkLennyskillz sorry to hear your show isn't continuing, i thought it was part of the new regular line up.]]></document>
		<document><![CDATA[The Royal Mail to honour David Bowie with commemorative stamps. #Bowie 
@RoyalMail @RoyalMailStamps @royalmailnews… https://t.co/vjxeEsoObt]]></document>
		<document><![CDATA[but what about @MuireannO_C ?? i've been enjoying her lunchtime show, thought it was permanent,... :(]]></document>
		<document><![CDATA[they leave the Euros, we win €88.5m, the brits must be buckin!
#EuroMillions #brexit]]></document>
		<document><![CDATA[@CGarveyDesigner cool! will you get Julian in this soon?? :-)]]></document>
		<document><![CDATA[what a line up! #RTEChoiceMusic
@alltvvins @RuairiLBantum @wallisbird @DanceKatieKim @OvrhdThAlbtrss… https://t.co/ohuYt0VpIG]]></document>
		<document><![CDATA[@CGarveyDesigner Julian in full Traje de luces?? really looking forward to it! LOL hope you hold back on the Torero hat! :)]]></document>
		<document><![CDATA[@CGarveyDesigner a little Bowie influence?!?? nice! i'm looking forward to seeing it!! :)]]></document>
		<document><![CDATA[i dont know that martin, dont know them? @martinfoyle @RTE2fm @choiceprize]]></document>
		<document><![CDATA[@8RadioIreland nice one! heard them for the first time on Nualas show on sunday, i liked what i heard! @cherryglazerr @whelanslive]]></document>
		<document><![CDATA[@Glinner hideous immoral little shite bag.]]></document>
		<document><![CDATA[really? its only his comments on #WomensMarch that has offended you? that hideous piece of shite has been offending… https://t.co/VrtXhNATF9]]></document>
		<document><![CDATA[@DermotTodayFM She Sells Sanctuary by The Cult, that should wake everyone up!]]></document>
		<document><![CDATA[#talc ... Martin Roberts uses it on his "sticky bits" 
#DaveIsStillLearningAboutDermot
@DaveTodayFM @DermotTodayFM https://t.co/wW0oVrdeUC]]></document>
		<document><![CDATA[Great news! :) @BlondieOfficial @clem_burke @PhilCollinsFeed @AVIVAStadium https://t.co/ZFDocMAYPS]]></document>
		<document><![CDATA[@todayfm @McConaughey that is uncanny!]]></document>
		<document><![CDATA[@PMcLoone have you heard this sad news P? will you play something off the All The Young Dudes album tonight? https://t.co/5ZlursltCW]]></document>
		<document><![CDATA[sad news that Mott the Hoople bassist, Peter Overend Watts, has passed away. RIP @MottTheHoople #MottTheHoople… https://t.co/Wi3jfsb8Cd]]></document>
		<document><![CDATA[YES! LOL you can NEVER have too much cow bell! haha @MarkLennyskillz @DaveTodayFM @DermotTodayFM]]></document>
		<document><![CDATA[@NiamhMcDisco oh dear,...]]></document>
		<document><![CDATA[@NiamhMcDisco is it for an acting role or 'real life'?]]></document>
		<document><![CDATA[the new Dermot &amp; Dave morning show cracks of with @exmagician Job Done in the background! :)
@DermotTodayFM @DaveTodayFM @todayfm]]></document>
		<document><![CDATA[Best of luck with the new show today lads! @DermotTodayFM @DaveTodayFM]]></document>
		<document><![CDATA[@8RadioIreland @NovatoneMM ah that's ok, i like it! :) never change! lol]]></document>
		<document><![CDATA[ah thanks for lily &amp; holly shout out, they are chuffed! :) 8 &amp; 6 yr olds, off to bed soon! :) @NovatoneMM like that dutch uncle tune.]]></document>
		<document><![CDATA[Fuck me, who's dressing Julian Benson??? he looks like he's been kicked backwards tru the wardrobe dept of a bad St… https://t.co/h7aEmTgpeG]]></document>
		<document><![CDATA[@8RadioIreland @NovatoneMM ooops, sorry too late, already mentioned me (baylon not boylan LOL) too slow typing &amp; internet delay! :)]]></document>
		<document><![CDATA[@8RadioIreland @NovatoneMM ah you need a break! lol don't forget to mention daughters Lily &amp; Holly listening in hear with me :)]]></document>
		<document><![CDATA[Ann Marie @NovatoneMM back on the radio, twice in one day! :) love that Bed, Girl tune, &amp; costello &amp; stranglers, nice one! :) @8RadioIreland]]></document>
		<document><![CDATA[my pleasure! :) @NovatoneMM @8RadioIreland]]></document>
		<document><![CDATA[@ExilesHQ @altirishmusic for sure, a hell of a lot of good ones, excellent even, far out number the bad.]]></document>
		<document><![CDATA[@altirishmusic @ExilesHQ   yep. This was last week! lol]]></document>
		<document><![CDATA[@ExilesHQ @altirishmusic i heard dj say ".. &amp; that was an oldie from suede, i wonder if they are still recording or even still together??"]]></document>
		<document><![CDATA[@8RadioIreland Nuala, never heard @cherryglazerr before, i like it! &amp; now kiss that wealth goodbye @exmagician nice one! :)]]></document>
		<document><![CDATA[@8RadioIreland ha, out of their minds voting for him for sure, not sure about the brilliant bit tho! :)]]></document>
		<document><![CDATA[@8RadioIreland Furniture, Brilliant Mind, what a tune! :)]]></document>
		<document><![CDATA[no presenter on now @8RadioIreland but the music being played is bloody brilliant! :)]]></document>
		<document><![CDATA[@NovatoneMM really enjoyed your show today Ann Marie, heard some good times i hasn't heard before :) #thedeparturelounge @8RadioIreland]]></document>
		<document><![CDATA[@8RadioIreland ah yea, sorry, too close to 12. Yea i'll remind you next time :) do you like them, a fan?]]></document>
		<document><![CDATA[@8RadioIreland listening to Beirut there, got me thinking, do you have any Calexico there to play?]]></document>
		<document><![CDATA[@8RadioIreland cool, sounds right up my strasse, must check it out. Really enjoying your show today, great tunes, thanks :)]]></document>
		<document><![CDATA[@8RadioIreland  &amp; never heard of the man in the castle show before, must check it out, thanks.]]></document>
		<document><![CDATA[@8RadioIreland .. totally, mine too, 3 great artists, 3 greats.]]></document>
		<document><![CDATA[Sam Cooke, Nina Simone, Billie Holiday, a sublime screen trio, loved it! @8RadioIreland]]></document>
		<document><![CDATA[@8RadioIreland luvin the tunes this morning :)]]></document>
		<document><![CDATA[@TheBloggingGoth where are you?]]></document>
		<document><![CDATA[@hvmmingbyrd .... &amp; of course buy two :)]]></document>
		<document><![CDATA[@PeteMurphyPR ... @KellyAnneByrne2 brought William Onyeabor to my attention, her love of music always shines through on her shows. @todayfm]]></document>
		<document><![CDATA[@joelycett @realDonaldTrump he deleted &amp; re-tweeted due to spelling, 1st act as president is to introduce auto correct &amp; edit for twitter.]]></document>
		<document><![CDATA[the after show party back at the White House last night was da craic! 'Putin on the Ritz' 
#TrumpInauguration… https://t.co/IfkVJYk41Q]]></document>
		<document><![CDATA[any fellow ex phantom/txfm listeners in need of a good music fix should get onto @AngelHue @8RadioIreland now, she's banging out the tunes!]]></document>
		<document><![CDATA[@8RadioIreland @AngelHue ..Tom Waits 'hope i dont fall,...' what a song, love Juliet Turner's version of it. #burntheblacksuit.]]></document>
		<document><![CDATA[ah thx Angela, that was the third tune/band played? might have to check them out, no gigs in a while. @8RadioIreland @AngelHue @whelanslive]]></document>
		<document><![CDATA[bought (another) blk leather jacket, 8yr old daughter told me i look like an old man trying to be cool in blk leather jacket &amp; blk glasses,.]]></document>
		<document><![CDATA[@8RadioIreland @AngelHue who was that third tune (on my own?) who is gigging soon, gig/album? missed the name, noisy kids here! lol]]></document>
	</documents>
</author>