<author lang="en">
	<documents>
		<document><![CDATA[Channel - Brother, Give Us A Word: https://t.co/IG1dZec7L7]]></document>
		<document><![CDATA[Grace - Brother, Give Us A Word: https://t.co/w1M8PcFH29]]></document>
		<document><![CDATA[Law - Brother, Give Us A Word: https://t.co/LwnpRbnoIm]]></document>
		<document><![CDATA[Union - Brother, Give Us A Word: https://t.co/VMmUDYzA23]]></document>
		<document><![CDATA[Thanksgiving - Brother, Give Us A Word: https://t.co/JzeGJouScv]]></document>
		<document><![CDATA[Assurance - Brother, Give Us A Word: https://t.co/sTTgls21E1]]></document>
		<document><![CDATA[Healing - Brother, Give Us A Word: https://t.co/mGfoBP1abN]]></document>
		<document><![CDATA[Now - Brother, Give Us A Word: https://t.co/KVN26xnMjR]]></document>
		<document><![CDATA[Defy - Brother, Give Us A Word: https://t.co/J7fj9QYvZY]]></document>
		<document><![CDATA[Face - Brother, Give Us A Word: https://t.co/fP8xulbt0k]]></document>
		<document><![CDATA[Acceptance - Brother, Give Us A Word: https://t.co/sOuhNzevVc]]></document>
		<document><![CDATA[Ministry - Brother, Give Us A Word: https://t.co/l9J9MHiMNn]]></document>
		<document><![CDATA[Contentment - Brother, Give Us A Word: https://t.co/PUxXV2cyEX]]></document>
		<document><![CDATA[Name - Brother, Give Us A Word: https://t.co/LRCnM7vWGF]]></document>
		<document><![CDATA[Likeness - Brother, Give Us A Word: https://t.co/dzgb2I1q56]]></document>
		<document><![CDATA[Awaken - Brother, Give Us A Word: https://t.co/hdxwkgfpvK]]></document>
		<document><![CDATA[Experience - Brother, Give Us A Word: https://t.co/R3PgU7a7jq]]></document>
		<document><![CDATA[Tension - Brother, Give Us A Word: https://t.co/kUNWMko8B9]]></document>
		<document><![CDATA[Believe - Brother, Give Us A Word: https://t.co/p8T7hV1Mdb]]></document>
		<document><![CDATA[Empowerment - Brother, Give Us A Word: https://t.co/G40Z6LkFtN]]></document>
		<document><![CDATA[Reunite - Brother, Give Us A Word: https://t.co/HcYjasCMki]]></document>
		<document><![CDATA[Transform - Brother, Give Us A Word: https://t.co/89XIMZ0Gxy]]></document>
		<document><![CDATA[Ministry - Brother, Give Us A Word: https://t.co/50B7Y363Q7]]></document>
		<document><![CDATA[Friend - Brother, Give Us A Word: https://t.co/vqkYI4igyt]]></document>
		<document><![CDATA[Paradox - Brother, Give Us A Word: https://t.co/QDeMHXEe9O]]></document>
		<document><![CDATA[Manifest - Brother, Give Us A Word: https://t.co/9Zi9ETJ2RD]]></document>
		<document><![CDATA[Messenger - Brother, Give Us A Word: https://t.co/ocIDUYKxg1]]></document>
		<document><![CDATA[Courage - Brother, Give Us A Word: https://t.co/m8qgrLs9ys]]></document>
		<document><![CDATA[Trust - Brother, Give Us A Word: https://t.co/XOf6ChjyBq]]></document>
		<document><![CDATA[Revelation - Brother, Give Us A Word: https://t.co/1Nf7D6Db3m]]></document>
		<document><![CDATA[How to reclaim the true meaning of Christmas https://t.co/Y1O1O5otVt via @abcnews]]></document>
		<document><![CDATA[Mission - Brother, Give Us A Word: https://t.co/nUQdoZE5bA]]></document>
		<document><![CDATA[The hidden toll of workplace incivility https://t.co/T15tplw1XE]]></document>
		<document><![CDATA[Servant - Brother, Give Us A Word: https://t.co/pdeoqDRplw]]></document>
		<document><![CDATA[Love - Brother, Give Us A Word: https://t.co/YxvhW4reCw]]></document>
		<document><![CDATA[Truth - Brother, Give Us A Word: https://t.co/heM845BFRk]]></document>
		<document><![CDATA[Peace - Brother, Give Us A Word: https://t.co/ILDoHiYlKv]]></document>
		<document><![CDATA[Jesus - Brother, Give Us A Word: https://t.co/MmJCROvcDx]]></document>
		<document><![CDATA[Logos - Brother, Give Us A Word: https://t.co/WXiJJeiFVy]]></document>
		<document><![CDATA[Arrival - Brother, Give Us A Word: https://t.co/VO6lTaWwKT]]></document>
		<document><![CDATA[Just sayin', #ImWithJustinWelby #PeaceAndGood]]></document>
		<document><![CDATA[Hope - Brother, Give Us A Word: https://t.co/u37GBQEiOB]]></document>
		<document><![CDATA[Because - Brother, Give Us A Word: https://t.co/FuvkgfCcRf]]></document>
		<document><![CDATA[Reminder - Brother, Give Us A Word: https://t.co/Ul5ZWnpbpn]]></document>
		<document><![CDATA[Light - Brother, Give Us A Word: https://t.co/dQ1kw1b9Zz]]></document>
		<document><![CDATA[Home - Brother, Give Us A Word: https://t.co/Yx4urpBKAM]]></document>
		<document><![CDATA[Celebrate - AdventWord: https://t.co/5UyNyLlyon]]></document>
		<document><![CDATA[Live - AdventWord: https://t.co/kkw8vBeDPo]]></document>
		<document><![CDATA[Animate - AdventWord: https://t.co/bZuqUuBOM3]]></document>
		<document><![CDATA[Prune - AdventWord: https://t.co/3kxL1Dl6Ty]]></document>
		<document><![CDATA[Simplify - AdventWord: https://t.co/uEe6EYEnAN]]></document>
		<document><![CDATA[Embrace - AdventWord: https://t.co/R1atG4TjsW]]></document>
		<document><![CDATA[Trust - AdventWord: https://t.co/yAsD2zca4t]]></document>
		<document><![CDATA[Rely - AdventWord: https://t.co/aa9jS7AeWN]]></document>
		<document><![CDATA[Glow - AdventWord: https://t.co/a0atK5YfNe]]></document>
		<document><![CDATA[Promise - AdventWord: https://t.co/q3JRnIsnhf]]></document>
		<document><![CDATA[Act - AdventWord: https://t.co/9helvG35NF]]></document>
		<document><![CDATA[Commit - AdventWord: https://t.co/Wl6tIzAfNP]]></document>
		<document><![CDATA[Touch - AdventWord: https://t.co/eGXkZufhON]]></document>
		<document><![CDATA[Play - AdventWord: https://t.co/LPEufF73jA]]></document>
		<document><![CDATA[Light - AdventWord: https://t.co/yC6Of8dynm]]></document>
		<document><![CDATA[Proclaim - AdventWord: https://t.co/AHLKDbazxR]]></document>
		<document><![CDATA[Shine - AdventWord: https://t.co/Wdm55l3HqK]]></document>
		<document><![CDATA[Blessing - Brother, Give Us A Word: https://t.co/YWjKaJDlUR]]></document>
		<document><![CDATA[Serve - Brother, Give Us A Word: https://t.co/t9tVsr1ZYi]]></document>
		<document><![CDATA[Remember - Brother, Give Us A Word: https://t.co/KOsQXcnsoC]]></document>
		<document><![CDATA[Solitude - Brother, Give Us A Word: https://t.co/MmD07QkgmB]]></document>
		<document><![CDATA[Glory - Brother, Give Us A Word: https://t.co/8DdmxPAcxM]]></document>
		<document><![CDATA[Eucharist - Brother, Give Us A Word: https://t.co/zfcLmmL15n]]></document>
		<document><![CDATA[Grace - Brother, Give Us A Word: https://t.co/EmZLdmTSY5]]></document>
		<document><![CDATA[Pilgrim - Brother, Give Us A Word: https://t.co/jbmNVaX7ew]]></document>
		<document><![CDATA[Group-LinkedIn-UnitedWay-Text-700px.png https://t.co/hZ8nUW3FxF]]></document>
		<document><![CDATA[Trust - Brother, Give Us A Word: https://t.co/ThoNAUxby8]]></document>
		<document><![CDATA[Provision - Brother, Give Us A Word: https://t.co/uJbpM2bK6l]]></document>
		<document><![CDATA[CFO asks, what’s the financial benefits of increasing NPS? New NPS and cash flow insights. #NPS https://t.co/9uCc0HsQcR]]></document>
		<document><![CDATA[Minister - Brother, Give Us A Word: https://t.co/b5iJ0aHQNQ]]></document>
		<document><![CDATA[Practice - Brother, Give Us A Word: https://t.co/Aek21rdp3K]]></document>
		<document><![CDATA[Convenience - Brother, Give Us A Word: https://t.co/g0YEDZ8LJ9]]></document>
		<document><![CDATA[Fullness - Brother, Give Us A Word: https://t.co/rg0ATCO2cL]]></document>
		<document><![CDATA[Weakness - Brother, Give Us A Word: https://t.co/vyq2jyiEzw]]></document>
		<document><![CDATA[Strength - Brother, Give Us A Word: https://t.co/XuC0n5ql9M]]></document>
		<document><![CDATA[Limitation - Brother, Give Us A Word: https://t.co/lV7IQk10Q5]]></document>
		<document><![CDATA[Enter - Brother, Give Us A Word: https://t.co/eGW2DsqacD]]></document>
		<document><![CDATA[Compassion - Brother, Give Us A Word: https://t.co/qBzJIRha7y]]></document>
		<document><![CDATA[Discontent - Brother, Give Us A Word: https://t.co/7ElUMVVlA2]]></document>
		<document><![CDATA[Mercy - Brother, Give Us A Word: https://t.co/3jq0Vc3maB]]></document>
		<document><![CDATA[Respond - Brother, Give Us A Word: https://t.co/VLUBpDncas]]></document>
		<document><![CDATA[Fear - Brother, Give Us A Word: https://t.co/JpHQZw7eV6]]></document>
		<document><![CDATA[Death - Brother, Give Us A Word: https://t.co/2innvB6vQh]]></document>
		<document><![CDATA[Ponder - Brother, Give Us A Word: https://t.co/IMpJqQoGhX]]></document>
		<document><![CDATA[Saints - Brother, Give Us A Word: https://t.co/WpA0FZz8OZ]]></document>
		<document><![CDATA[Grace - Brother, Give Us A Word: https://t.co/cku77TAZny]]></document>
		<document><![CDATA[Compassion - Brother, Give Us A Word: https://t.co/jVU63fkiS8]]></document>
		<document><![CDATA[Thank You - Brother, Give Us A Word: https://t.co/ktx8fluVyX]]></document>
		<document><![CDATA[Belong - Brother, Give Us A Word: https://t.co/aeJtjikYnU]]></document>
		<document><![CDATA[Words - Brother, Give Us A Word: https://t.co/DIqu4U1Hps]]></document>
		<document><![CDATA[Mercy - Brother, Give Us A Word: https://t.co/3ZiMovS3hN]]></document>
		<document><![CDATA[Rejoice - Brother, Give Us A Word: https://t.co/8x0tfU70t7]]></document>
		<document><![CDATA[Welcome - Brother, Give Us A Word: https://t.co/Zqoy1jyaNK]]></document>
		<document><![CDATA[Scripture - Brother, Give Us A Word: https://t.co/FtGK6YqhAf]]></document>
	</documents>
</author>