<author lang="en">
	<documents>
		<document><![CDATA[@grantrobertson1 @jacindaardern That sweater 😍😍😍😍😍]]></document>
		<document><![CDATA[@Queenedh53Hall Am doing a lot better thank you 😊 meditating and importantly keeping the faith and praying a lot]]></document>
		<document><![CDATA[This is me 😂 https://t.co/MxohehL41P]]></document>
		<document><![CDATA[@whataboutmeryl Can I be friends with Meryl 😢😢😢😢]]></document>
		<document><![CDATA[@paulabennettmp Really Twitter 😕😮😑😣Saw your pic on Facebook, ouch 😢😢 look after yourself xx]]></document>
		<document><![CDATA[Damn, I think I'm allergic to Pineapple 😯]]></document>
		<document><![CDATA[😍😍😍😍😍😍😍 queen Meryl #sagawards2017 #MerylStreep @WendyWings https://t.co/p4GaUwcV9c]]></document>
		<document><![CDATA[Red carpet time #sagawards2017 #ERedCarpet https://t.co/FAQfyNMclp]]></document>
		<document><![CDATA[@cocoabuttery @sezedgeimagery I will be so pissed and 💔 😠😠😢😢 I'm working so saving the money to visit and meet you and queen Anjelica soon.]]></document>
		<document><![CDATA[@tauhenare Me waking up at 5.30 for work 😢😢 oh the pain of hearing my alarm]]></document>
		<document><![CDATA[@tauhenare I wanted to go to LA to visit my friends but now I'm kind of scared to go 😢😠]]></document>
		<document><![CDATA[Rooting for you @rogerfederer #FedererNadal #AusOpen]]></document>
		<document><![CDATA[@WendyWings Just arrived in Hollywood, will be attending the SAG Awards 2mrw😂. "I'm Samantha Pardo and I'm an actor… https://t.co/KKMiAB51xI]]></document>
		<document><![CDATA[@MsBevanChuang My phone still isn't working and can't text or phone. So frustrating 😠😠😠]]></document>
		<document><![CDATA[@JamesHalcrow @SparkNZ Oh God, thank goodness internet is fine here but I'm phoneless 😨😨]]></document>
		<document><![CDATA[This is so frustrating, I can't text or phone from my cellphone @SparkNZ . How much more longer do we have to wait till we can use our 📱]]></document>
		<document><![CDATA[Now this is a cool effect #Snapchat https://t.co/9FskmXUOsg]]></document>
		<document><![CDATA[@WendyWings Hahaha I will admit I've done that but not to you lol. I gave up after a while as I wasn't cool enough for a follow]]></document>
		<document><![CDATA[@JulieAnneGenter All the best xxx]]></document>
		<document><![CDATA[@JoGoodhewMP Gonna try at home, thanks Jo☺.1 of the teachers @ work told me as was preparing afternoon tea 4 the kids. They loved it too 😊☺]]></document>
		<document><![CDATA[@coltheman1 had to make afternoon tea for the kids and the teachers asked to make scramble eggs sandwiches and can be done using a microwave]]></document>
		<document><![CDATA[Learnt something new today, you can make scramble eggs in the microwave  😨😮]]></document>
		<document><![CDATA[@ScottSimpsonMP Gotta love Avocado on toast ☺😊 my fav]]></document>
		<document><![CDATA[@MaureenPughMP Where is summer 😣😣 😢😢😢 I miss the 35 degree Aussie heat. It was lovely today in Welly and the kids enjoyed playing outside 😊☺]]></document>
		<document><![CDATA[@IsaraCilla @nzherald @nzhlifestyle totally!!!, the story made my evening 😂😂😂😂]]></document>
		<document><![CDATA[@paulabennettmp @nzherald Couldn't agree more, thankful for the help they gave me 2 years ago when I got assault]]></document>
		<document><![CDATA[@HandsMegan oh God I hope we will win this year]]></document>
		<document><![CDATA[@IsaraCilla @nzherald @nzhlifestyle I saw that omg Facebook feed https://t.co/1S5v4gj3Qo]]></document>
		<document><![CDATA[@ValerieAdams84 @ToyotaNZ Is it a Prado ??!! Or shall I say Pardo lol #imfamous]]></document>
		<document><![CDATA[When you bump your head against the pole #ouch https://t.co/X0fi0XcHrK]]></document>
		<document><![CDATA[@Queenedh53Hall @BC2M @TheGlennClose @Upworthy did my meditation etc and improved and still improving. Stay safe and strong xxx]]></document>
		<document><![CDATA[@Queenedh53Hall @BC2M @TheGlennClose @Upworthy bad when I was vacationing in Australia a few weeks back, couldn't eat at a restaurant but]]></document>
		<document><![CDATA[@Queenedh53Hall @BC2M @TheGlennClose @Upworthy restaurants because I'm so anxiety and think I will choke or my throat will close up. It was]]></document>
		<document><![CDATA[@Queenedh53Hall @BC2M @TheGlennClose @Upworthy Thank you!!, glad to know I'm not alone. I have to be busy, at times I find it hard to eat at]]></document>
		<document><![CDATA[When you are waiting for your new laptop to do updates. This is going to be a long night 😴😴😴😴 https://t.co/jbhBh3ik3c]]></document>
		<document><![CDATA[God @TheGlennClose is fabulous 😊❤😍 https://t.co/ja5sZNrT0R]]></document>
		<document><![CDATA[@JoGoodhewMP Heard your news today. I am very sad to see you go, thank you for ALWAYS being so lovely to me. Wishing you all the best xxxx]]></document>
		<document><![CDATA[When you go to Burger King with friends and run into this awesome stud 😆😍 I just met @joeboxerparker 😂😄 https://t.co/OZVov7LJtz]]></document>
		<document><![CDATA[@nikkikaye Awww they are sooo cute 😍😍😍😍]]></document>
		<document><![CDATA[@ShaynnaBlaze This is my bro's house on the market, what do you think?, gonna delete this tweet a bit later 
https://t.co/MOXB4fsQjz]]></document>
		<document><![CDATA[The awesome feeling knowing it's Monday tomorrow and I don't have to go to work #wellingtonanniversary]]></document>
		<document><![CDATA[@WendyWings u serious???, I would be going fucking mad]]></document>
		<document><![CDATA[@pukeko65 Couldn't agree more.]]></document>
		<document><![CDATA[@jamileeross @NZNationalParty @pmbillenglish I see my friend Rachel 😊]]></document>
		<document><![CDATA[I would love to meet @TwoPaddocks !!! Would love some acting advice and what it was like working with @anjelicahuston 😊]]></document>
		<document><![CDATA[Such a fabulous article. When I grow up, I want to be like #MerylStreep ❤❤ 
https://t.co/WuKqUAWXeE]]></document>
		<document><![CDATA[Completely out of subject but I wouldn't mind dating a cop, some are hot 😁😁 https://t.co/h71DwVnY9r]]></document>
		<document><![CDATA[@WendyWings Was trying not to laugh in front of the girls as to young for the sex talk 😂😂such a crack up. God I miss that puppy 😢]]></document>
		<document><![CDATA[@WendyWings 😂 Sent mum videos of Toby doing tricks but he is still learning. Didn't get 1 of him humping his bed. Lily thinks he's dancing 😂]]></document>
		<document><![CDATA[@WendyWings What a cutie https://t.co/ICBbo8hQXB]]></document>
		<document><![CDATA[@ShaynnaBlaze It really is 😢 the world is a scary place. Stay safe xXxX]]></document>
		<document><![CDATA[Probably one of my fav effects #Snapchat https://t.co/HkFvqRX4iv]]></document>
		<document><![CDATA[@JudithCollinsMP @sirmadbutcher @DaveLetele @MtSmartStadium Such a great pic 😊 loving the shoes JuCo x]]></document>
		<document><![CDATA[@clarecurranmp Its really sad. I was there 2 weeks ago window shopping at Bourke Street Mall. Kia kaha Melbourne xxx]]></document>
		<document><![CDATA[@pukeko65 @asteroid47 @mrsrosieb @Whafe Apparently it's not a terrorist attack,related to a suburb stabbing]]></document>
		<document><![CDATA[@asteroid47 @pukeko65 @mrsrosieb @Whafe Never been so happy to be in Wellington right now]]></document>
		<document><![CDATA[@pukeko65 @Whafe When I heard about the Xmas day terrorist attack for Mel, I was more careful when I went to town. Just horrible]]></document>
		<document><![CDATA[@Whafe Stay safe whil3 you are there.]]></document>
		<document><![CDATA[@ShaynnaBlaze Stay safe sweetie. Just heard the news about my fav Aussie city. Hard to imagine 2 weeks ago I was walking around the CBD xxx]]></document>
		<document><![CDATA[Lock up the bastard and throw away the key. Stay safe Melbourne ❤❤❤ https://t.co/lJvMz5BsAH]]></document>
		<document><![CDATA[Stay strong Melbourne. Hard to imagine I was walking around the CBD just 2 weeks ago. Such a horrible thing to happen]]></document>
		<document><![CDATA[@khloekardashian alone so I can moan without being judged lol. But I like to play sports with my friends]]></document>
		<document><![CDATA[@PatriciaHeaton @bonappetitmag That looks amazing and so healthy, I must have!!]]></document>
		<document><![CDATA[@RachelGlucinaNZ Are you in LA?, if so I want to go this year ☺😊]]></document>
		<document><![CDATA[Wellington takes the cake for the stinkiest summer ever! https://t.co/abYHa4Vq1O]]></document>
		<document><![CDATA[@KimCattrall Awwww Im very sorry to hear Kim. Sending love and prayers to you during this hard time. Stay strong xoxoxox]]></document>
		<document><![CDATA[@RachelGlucinaNZ omg so cute, want to get a puppy but to lazy to look after it lol. Met my nieces puppy Toby when I… https://t.co/lF3KhycYeP]]></document>
		<document><![CDATA[@JamesHalcrow And RT their own tweet that is sent to another person to get it liked/noticed  #pathetic]]></document>
		<document><![CDATA[@pukeko65 It is worse in person. I avoided some streets and the corner of Flinders Street as most are high on drugs, really bad]]></document>
		<document><![CDATA[Frozen yogurt ❤❤❤ #foodporn https://t.co/aVdhMNsuHV]]></document>
		<document><![CDATA[@toddmcclaymp @Davos @StevenCiobo @NZ_Global @MFATgovtNZ Wrap up warm Todd!]]></document>
		<document><![CDATA[@khloekardashian You'll probably not see this but your body is looking fabulous. I'm also trying 2 lose weight and become healthy. Lots of ❤]]></document>
		<document><![CDATA[@ILLUMlNATI @_JoshuaHibbard Agreed!!! #preach]]></document>
		<document><![CDATA[I survived the weather bomb and feels good #Wellington https://t.co/C0z3NONU8a]]></document>
		<document><![CDATA[@ParisJackson Its a terrible feeling and still hurts https://t.co/YvaJZoC57S]]></document>
		<document><![CDATA[@tauhenare I still wouldnt go there lol]]></document>
		<document><![CDATA[@ParisJackson I've gone through that too, it hurts so much and still hurts.]]></document>
		<document><![CDATA[@jonathanjj_nz @AJ_TayTay God to be 22 again, ffs 30 in 3 years https://t.co/hKYaCM69H7]]></document>
		<document><![CDATA[@radiomum I'm the same too, personally wouldn't get one myself but some tattoos are pretty 😊]]></document>
		<document><![CDATA[@mrsrosieb I met my nieces puppy while I visited them in Australia during Xmas/NY and fell in love with him https://t.co/gPuMFUvGK3]]></document>
		<document><![CDATA[@radiomum its cute!! You are happy with his tattoo?]]></document>
		<document><![CDATA[@WendyWings Am here if you wanna chat either here or by phone, remember that. Hugs to you Mama Streep xoxox]]></document>
		<document><![CDATA[Conflicting issue, i want to get a puppy yet I'm to lazy to look after it 😯😮😣😨]]></document>
		<document><![CDATA[@WendyWings Can I meet Peanut next time I come up 😄😄😊😊 missing my Toby so much https://t.co/osfpQVDxtO]]></document>
		<document><![CDATA[Wellington your summer sucks! https://t.co/06j6ogwwZR]]></document>
		<document><![CDATA[Am I the only one who slept right through that storm last night?. Good news is the sun is coming out 😄]]></document>
		<document><![CDATA[@agburb Thanks AB ☺ look forward to seeing you again when you come to Welly for conference xxx]]></document>
		<document><![CDATA[@agburb I know 😢😢😢 what is happening to my city]]></document>
		<document><![CDATA[@WendyWings I was 9 when I started to use the computer and crappy dial up internet. I remember this Barbie horse ga… https://t.co/yl11eGyYLQ]]></document>
		<document><![CDATA[@WendyWings remember this?? https://t.co/JhBZ2AGSot]]></document>
		<document><![CDATA[@WendyWings and not being able to call your friends lol]]></document>
		<document><![CDATA[@MarkMitchellMP @paulabennettmp Awwww cute dog 😍 my nieces in Melbourne have a cute puppy called Toby. Met him over… https://t.co/oqLElLSRVV]]></document>
		<document><![CDATA[@joshgwal You could be sisters 😃😂]]></document>
		<document><![CDATA[@WendyWings 😂😂😂😂😂😂😂 I remember the horrible dial up and no Facebook etc. Had to play outside or watch VHS films for… https://t.co/zV5qJ4DN5A]]></document>
		<document><![CDATA[Winds up to 160kmh, good God somebody get me out of this place 😣😣😣😥😥😥]]></document>
		<document><![CDATA[@MaureenPughMP My family are in Brisbane checking it out, looks fabulous!!!. Can't wait to go :) but will miss Melbourne though :(]]></document>
		<document><![CDATA[@MaureenPughMP Will be doing that during the year as family moving from Melbourne to Brisbane. I love the beach and heat 😀😬]]></document>
		<document><![CDATA[Happy 95th Birthday to you @BettyMWhite ❤❤❤❤❤ #bettywhite #happybirthdaybettywhite https://t.co/AW9SXV8ojx]]></document>
		<document><![CDATA[Crossing the road to the car and two guys toot the horn, whistling and waving at me https://t.co/0KvL1p8pe3]]></document>
		<document><![CDATA[Great to visit Waikanae beach today ❤❤ https://t.co/Yc00Nhr39z]]></document>
	</documents>
</author>