<author lang="en">
	<documents>
		<document><![CDATA[@saltcrone I have had to describe this same thing to my boyfriend]]></document>
		<document><![CDATA[@ScullyGlasses it's so fucking good and I'm only two episodes in]]></document>
		<document><![CDATA[Update: It is already making me cry.]]></document>
		<document><![CDATA[Finally started watching Jane the Virgin.]]></document>
		<document><![CDATA[@shut_up_tom HOLY SHIT THIS SHIRT]]></document>
		<document><![CDATA[@Peeardee @JeffreyVeregge @rthompson1138 @heyjenbartel yesss! come!]]></document>
		<document><![CDATA[@cerajoy step on me please]]></document>
		<document><![CDATA[@AndreaDemonakos great name.]]></document>
		<document><![CDATA[@AmberJadeBC right? why didn't the mayor just cancel today?]]></document>
		<document><![CDATA[@kristinhodgins They had buses, thankfully.]]></document>
		<document><![CDATA[@kristinhodgins I know! Harrumph.]]></document>
		<document><![CDATA[@kristinhodgins I kept checking the Langara site over and over again hoping they'd update it saying we were closed, but no.]]></document>
		<document><![CDATA[@kristinhodgins I wish! The trains weren't even running to Langara, they stopped at Oakridge. :(]]></document>
		<document><![CDATA[Ooh, and then we were trapped on the tracks for a while, between stations. Fun!]]></document>
		<document><![CDATA[I'm never going to get to work. https://t.co/r6BrtITtLi]]></document>
		<document><![CDATA[Only had to wait 45 minutes to get on a bus!]]></document>
		<document><![CDATA[This show continues to bonkers. https://t.co/N1Qloz4uMt]]></document>
		<document><![CDATA[@Mechaphil to be fair @KingImpulse suggested that one to me!]]></document>
		<document><![CDATA[@yourcatmommy this is so dumb]]></document>
		<document><![CDATA[@fuckclevernames I knew this had to exist]]></document>
		<document><![CDATA[@archivalistic it's true, though]]></document>
		<document><![CDATA[@KingImpulse But it was Ghost Fox Goddess (not to say that that's any better)]]></document>
		<document><![CDATA[@tehnakki I bought a ticket for the early show!]]></document>
		<document><![CDATA[@Kate_Farina there is no other option]]></document>
		<document><![CDATA[@theisb why the eyes, chris, that's my question]]></document>
		<document><![CDATA[@dyliep I'm getting my wine ready and my recapping pants ON]]></document>
		<document><![CDATA[Hey @CW_Riverdale y'all should have me over for a set visit before you finish shooting, the people of @comicsalliance demand it]]></document>
		<document><![CDATA[@dyliep Riverdale? Oh boy, I know!]]></document>
		<document><![CDATA[@MiaSteinberg @Miz_STP i would murder for that job]]></document>
		<document><![CDATA[Made a mix for @kellysue, @emmartian and @whoajordie's Pretty Deadly. It's weird and beautiful and chock full of mu… https://t.co/SWFEfvKv0h]]></document>
		<document><![CDATA[In which @thechrishaley gets real fired up and I get my knives out. https://t.co/XJLjLUs1eB]]></document>
		<document><![CDATA[Hey y'all, our panel at ECCC is going to give you the hope you need to fight. Plus we'll talk about Star Wars a lot. https://t.co/KvoEMfvRv3]]></document>
		<document><![CDATA[@brandonlgtaylor He looks so good in that suit]]></document>
		<document><![CDATA[@Peeardee @TychoBrahe @MyntyFresh this is amazing]]></document>
		<document><![CDATA[@saltcrone YUP and they lied when they said it wouldn't hurt coming out, it totally did]]></document>
		<document><![CDATA[@saltcrone it'll only be a couple days, worth it to not get pregnant!!]]></document>
		<document><![CDATA[@emxxdash thanks dude! IUD insertion HURTS]]></document>
		<document><![CDATA[Curled up with the Bachelor and a heating pad, I am a cliche but my uterus hurts]]></document>
		<document><![CDATA[Baby free for another 5 years. Bless this clinic for having heating pads.]]></document>
		<document><![CDATA[@HonestlyJon @JustPlainTweets this is amazing]]></document>
		<document><![CDATA[@saltcrone hang out with my parents if you get stuck in toronto]]></document>
		<document><![CDATA[@dyliep are you still sick and playing Stardew Valley?]]></document>
		<document><![CDATA[@dyliep uhhh I can't remember but I will look it up!]]></document>
		<document><![CDATA[@bigredrobot @ArchieComics *steals bad pun for next recap*]]></document>
		<document><![CDATA[@bigredrobot @ArchieComics No, I would never.]]></document>
		<document><![CDATA[@ArchieComics I'm ready for more Reggie]]></document>
		<document><![CDATA[Having my IUD replaced today so, uh, tell me it won't be that painful?]]></document>
		<document><![CDATA[@fuckclevernames It fucking pisses me off SO MUCH.]]></document>
		<document><![CDATA[Can we just stop making fun of shitty people's physical attributes? There are plenty of other reasons to make fun o… https://t.co/rWQA0gjj8Q]]></document>
		<document><![CDATA[@redgirl13 !! That's so awesome.]]></document>
		<document><![CDATA[@redgirl13 I missed this news! Where are you going next?]]></document>
		<document><![CDATA[@illusClaire ugh okay nevermind]]></document>
		<document><![CDATA[In case you missed it last week: https://t.co/uui3AZRu3z]]></document>
		<document><![CDATA[New earrings. https://t.co/tUCIgbaiuW]]></document>
		<document><![CDATA[Sharing these in the CA slack but I think we all need them. https://t.co/vmtWAPqHx9]]></document>
		<document><![CDATA[Fuck this sack of shit https://t.co/3WWbaybNTm]]></document>
		<document><![CDATA[@michael_deforge a dog also running on a treadmi]]></document>
		<document><![CDATA[@andnowtothemoon I need them to ditch Archie and get together]]></document>
		<document><![CDATA[@SmallLady0 you're an amazing woman and you are doing the toughest job. You've got this]]></document>
		<document><![CDATA[@hmwsgx @OldManKaidan accurate, also happy birthday!]]></document>
		<document><![CDATA[@KingImpulse you've done so much in one year!]]></document>
		<document><![CDATA[@VeraPapisova mine got shorter and lighter, and then came back in full force a few years later. Hormones mess things up, it's normal though]]></document>
		<document><![CDATA[Charlotte and Lou love each other, and you. https://t.co/3wAUWocJd4]]></document>
		<document><![CDATA[Drink some water. Make sure you eat. Take your meds. I've been really bad about this lately but we need to stay strong and healthy.]]></document>
		<document><![CDATA[@dyliep now you have kids!!!]]></document>
		<document><![CDATA[@kristinhodgins yes please! I'm almost human again]]></document>
		<document><![CDATA[@kristinhodgins It's so absurd]]></document>
		<document><![CDATA[@dyliep fuck my body is ready (to bone some aliens)]]></document>
		<document><![CDATA[@dyliep what can I say, I like the mustache but I also like slackers, it's a tough choice]]></document>
		<document><![CDATA[@dyliep okay but I have several friends who went Shane and said it was amazing! But, I should probably try Harvey for something different]]></document>
		<document><![CDATA[@dyliep Dang! I upgraded my coop and got a duck.]]></document>
		<document><![CDATA[@erin_braincandy @stormcrowtavern great place. I'm heading there later tonight!]]></document>
		<document><![CDATA[This look! https://t.co/9engv9WnBq]]></document>
		<document><![CDATA[@ElenaLoweski they're the best part of this show]]></document>
		<document><![CDATA[@ElenaLoweski that line made me like in my mouth a bit]]></document>
		<document><![CDATA[@dyliep I'm torn between Harvey and Shane]]></document>
		<document><![CDATA[@dyliep YES just finishing up my first winter!]]></document>
		<document><![CDATA[Evan's gone for the weekend and I'm still super sick, so if I stop tweeting for a few days know that the rabbits have eaten my remains]]></document>
		<document><![CDATA[Riverdale is wild, you guys. @theisb  and I are recapping it for CA, check out the first one here: https://t.co/6cz45LAO2h]]></document>
		<document><![CDATA[Laurel's back! Or is she? Check out our latest recap of Arrow! https://t.co/EoDCfF8jbc]]></document>
		<document><![CDATA[@nbspacegoat who wasn't?]]></document>
		<document><![CDATA[@nbspacegoat with Hercules??]]></document>
		<document><![CDATA[@navillusnosilla what even is this]]></document>
		<document><![CDATA[@navillusnosilla I put this on and then immediately turned it off]]></document>
		<document><![CDATA[@dervogelfamber ughhh people are so awful]]></document>
		<document><![CDATA[That's how I feel today]]></document>
		<document><![CDATA[I just watched the episode of Voyager where the Doc programs himself with the flu to develop empathy and then complains that he's dying]]></document>
		<document><![CDATA[@dervogelfamber NO WITNESSES]]></document>
		<document><![CDATA[@dervogelfamber the burbs are terrifying there is no one on the street!!]]></document>
		<document><![CDATA[Thread. https://t.co/5CzVosGx03]]></document>
		<document><![CDATA[@SamMaggs OMG this tiny sweet bun]]></document>
		<document><![CDATA[@gtaramarie but then you are deadname free!!]]></document>
		<document><![CDATA[@gtaramarie ohhh right, ughh]]></document>
		<document><![CDATA[@gtaramarie so you don't have to go to a bank or ATM]]></document>
		<document><![CDATA[@gtaramarie for sure. try to keep that stuff on your person and deal with it ASAP! if you can deposit it via a banking app, that helps too]]></document>
		<document><![CDATA[@gtaramarie constantly terrified i'm gonna lose them]]></document>
		<document><![CDATA[@gtaramarie I carry my cheques from CA around forever because I have to deposit US ones in via an actual person]]></document>
		<document><![CDATA[@gtaramarie You could also see if you can switch to direct deposit so it won't happen again!]]></document>
		<document><![CDATA[@gtaramarie It happens! Don't worry about it]]></document>
		<document><![CDATA[@gtaramarie Contact your boss, get them to cancel the cheque and reissue it]]></document>
	</documents>
</author>