<author lang="en">
	<documents>
		<document><![CDATA[Romanians standing up. https://t.co/rfC4q6oHKa]]></document>
		<document><![CDATA[That time CNN messed up Evans and Hill... https://t.co/889sNyldzC]]></document>
		<document><![CDATA[@MelissaBenoist Any shot this happened on Supergirl's Earth? Cause it doesn't seem to be in our timeline.… https://t.co/99jg0sEVDq]]></document>
		<document><![CDATA[@billprady @MSNBC Stop putting her on TV!]]></document>
		<document><![CDATA[Has anyone counted the number of ways and people in the world that have given Donald Trump the finger over the last two weeks?]]></document>
		<document><![CDATA[Come on @HouseGOP and @HouseDemocrats, stand up together. Don't be enemies...find your better angels. https://t.co/pMiIl56Lgo]]></document>
		<document><![CDATA[Reading #March3 by @repjohnlewis https://t.co/w9StcX3rEv]]></document>
		<document><![CDATA[Alternative facts are now being taught again in Texas public schools.  https://t.co/2x4FzqUyBo]]></document>
		<document><![CDATA[@nytimes If they have to ask themselves if they can trust Trump -- the answer is NO!]]></document>
		<document><![CDATA[@JJohnsonLaw I hope this is a promise. Can't they just formally turn Fox into what it's always been their private propaganda network?]]></document>
		<document><![CDATA[@AmandaMarcotte Not a problem. Watched @NancyPelosi 'a Town Hall &amp; was jealous. Can't get my TX senators to clear their VM &amp; she's on CNN.]]></document>
		<document><![CDATA[How timely. #NoBanNoWall https://t.co/M1jBRv8BHh]]></document>
		<document><![CDATA[@Newseum @projo I kind of love how you have a front row seat to everything happening this month. Your 1st Amend front is everything!]]></document>
		<document><![CDATA[We started at Nasty Women, then Bad Hombres and now Bad Dudes. Is this the new Defcon system? #NoBanNoWall… https://t.co/ab544dyDAP]]></document>
		<document><![CDATA[@WhitfordBradley I'd be totally okay if he picked up his toys and went home to Trump Tower. #SecondPlacePresident]]></document>
		<document><![CDATA[@nytimestravel I'm just going to go out on a limb and say that tweeting international travel articles right now is -- awkward. #NoBanNoWall]]></document>
		<document><![CDATA[Who saves the world? -- #women #NoBanNoWall https://t.co/O3hMhVEgW6]]></document>
		<document><![CDATA[@qhardy @dbfarber @YahooNews Nike and Starbucks have spoken up against the ban... 😒Nothing from Goldman Sachs though.]]></document>
		<document><![CDATA[Who saves the world? -- #Women https://t.co/9NgTCnZEXl]]></document>
		<document><![CDATA[Proud of you @chuckschumer #NoBanNoWall https://t.co/4ZHMh6W4Xk]]></document>
		<document><![CDATA[😒He knows nothing about Canada. https://t.co/Ldg12QZpZX]]></document>
		<document><![CDATA[#SecondPlacePresident is weak, so they talk about conflict and war? https://t.co/8oDkEu3mOl]]></document>
		<document><![CDATA[#NotFreedom #BigBrother #secondplacepresident https://t.co/JgEprgTqB2]]></document>
		<document><![CDATA[Silent + Full VM boxes + Turning away constituents from their offices this week = Failure to do their jobs https://t.co/tpUc8hdjdr]]></document>
		<document><![CDATA["McCaul praised the executive order on CNN on FRIDAY, later clarifying his position on SUNDAY." #NoBanNoWall… https://t.co/xmjioQRbaj]]></document>
		<document><![CDATA[Red state resistance! #NoBanNoWall #NoSessions https://t.co/WDmNX4r9Zf]]></document>
		<document><![CDATA[@janersm I wish I could focus on something else, but it's all I can get my brain to do to do my homework and breathe. 😬Enjoy the awards!]]></document>
		<document><![CDATA[BS. This is a Muslim ban. #SecondPlacePresident has no idea what he is doing. #NoBanNoWall #impeach https://t.co/d4C1bGqtCQ]]></document>
		<document><![CDATA[@ananavarro @JJohnsonLaw @thehill He clearly missed the point of the movie about a family separated and what they go thru to be together.]]></document>
		<document><![CDATA[Better yet, go impeach the #secondplacepresident #abuseofpower]]></document>
		<document><![CDATA[#SecondPlacePresident This is America. Peaceful. Compassionate. Welcoming. https://t.co/zR4rC7yKye]]></document>
		<document><![CDATA[Thank you to all Congressional and State leaders who showed up at airports all weekend. ❤Now please go repeal and prevent. #NoBanNoWall]]></document>
		<document><![CDATA[Thank you @CoryBooker, @ChrisMurphyCT and @SenWarren for having active social media communication. My senators don't even clear their VM. 😕]]></document>
		<document><![CDATA[Is Google addressing the issue with their state reps? More businesses need to come forward to protect employees fro… https://t.co/1EeyOjIGeo]]></document>
		<document><![CDATA[We need more businesses to come forward and talk to their reps to get the ban repealed and protect their employees.… https://t.co/3gtnqH4hDL]]></document>
		<document><![CDATA[@ChrisMurphyCT @SenSasse Have any more of the @SenateGOP besides @SenJohnMcCain &amp; @LindseyGrahamSC found the strength to do what is right?]]></document>
		<document><![CDATA[@SenJohnMcCain and @LindseyGrahamSC Thank you for speaking out. Any more @SenateGOP willing to do the right thing? #NoBanNoWall]]></document>
		<document><![CDATA[John McCain, Lindsey Graham lead in GOP criticism of Trump ban, many others stay mum Thanks!  https://t.co/Ep7ASvTjNp]]></document>
		<document><![CDATA[@KikkiPlanet @Danny_Concannon I'm past that point. 😬I can also recommend Cointreau in chocolate chip cookies.]]></document>
		<document><![CDATA[https://t.co/hDxY763Tfm Worth the read! A Conservative parent's response to Dan Patrick]]></document>
		<document><![CDATA[@dsantat I find myself getting worked up about ads and fluff stories.]]></document>
		<document><![CDATA[@nytimes It's not enough. #NoBanNoWall]]></document>
		<document><![CDATA[NOT GOOD ENOUGH! #NoBanNoWall https://t.co/bZHope0FVv]]></document>
		<document><![CDATA[@SenSchumer This is a no vote. The executive office is leading us away from democracy. It's abuse of power.]]></document>
		<document><![CDATA[@DanaStodgel Action near you... https://t.co/rMatRt1bg6]]></document>
		<document><![CDATA[White House discussing asking foreign visitors for social media info and cell phone contacts - CNN. #NoBanNoWall  https://t.co/KtYxON3OZ1]]></document>
		<document><![CDATA[@SenBobCasey Ready to impeach for abuse of power?]]></document>
		<document><![CDATA[@HlLLARY @Ciocia They are pro-birth. Nothing about the way they govern about anything else makes them pro-life.]]></document>
		<document><![CDATA[@LindseyGrahamSC  @SenJohnMcCain  @marcorubio The world is upside down. Trump is creating enemies of our allies.… https://t.co/srcF77gvDE]]></document>
		<document><![CDATA[@KDbyProxy @MrBlifil @jdawsey1 @jessesingal @juliettekayyem Homeland Security/@RepMcCaul were inside in this decisi… https://t.co/hOCB474LMK]]></document>
		<document><![CDATA[#fowllanguage https://t.co/lGgmWi1A3m]]></document>
		<document><![CDATA[@SenateDems @HouseDemocrats  Can we start the impeachment process? Russian interference, Nat'l Sec Council, Ban... #treason #abuseofpower]]></document>
		<document><![CDATA[I really wish I was a fly on the wall in the offices of the Supreme Court justices this week.]]></document>
		<document><![CDATA[Reading March 3 by @repjohnlewis Hoping that the power of the people propels us to a better future. #scaredkids… https://t.co/ll7vvEpnz2]]></document>
		<document><![CDATA[And this happens while we protest at the airports... Such a shitstorm. #NoMuslimBan #NoWar https://t.co/93W1nyoSaN]]></document>
		<document><![CDATA[I visited a National Park today. It was all I could do NOT to hug a ranger. #resist]]></document>
		<document><![CDATA[America is for everyone. Thanks @NatlParkService! I needed a presidential pick-me-up. https://t.co/dCkVayMdda]]></document>
		<document><![CDATA[@Sandra38359497 @BillWeirCNN Then there's the idea that they might make the journey only to get sent back.]]></document>
		<document><![CDATA[@BillWeirCNN I support taking more refugees, but given our scary political landscape, I wonder if they fear getting sent here.]]></document>
		<document><![CDATA[I'm excited to see @ScandalABC take over the feed. It's something besides sad/scary political news. @shondarhimes YOU are the fixer.]]></document>
		<document><![CDATA[@LindseyGrahamSC During the election, I didn't think we had much in common. But today our brains are in sink--maybe--DeVos vote Y or N?]]></document>
		<document><![CDATA[@JulianCastro Agreed. Running a country where millions of people are your boss is very different than only being accountable to yourself.]]></document>
		<document><![CDATA[@Leslieks @MrDane1982 We traded healthcare for a wall big enough to memorialize those who will die without ACA.]]></document>
		<document><![CDATA[@AP As a past Illinois citizen who voted for Rod, I'm fine with Obama leaving him in prison.]]></document>
		<document><![CDATA[Dear #California, please plant more -- everything. https://t.co/qE4zZ8h61M]]></document>
		<document><![CDATA[https://t.co/a6AGKpcd27 #ThanksRepublicans]]></document>
		<document><![CDATA[@JJohnsonLaw @marcushjohnson It shouldn't be a surprise that the guy who lies has followers whose truths are based on hypocrisy.]]></document>
		<document><![CDATA[@RepMcGovern It's like we traded health care for a wall... Maybe we can use it to memorialize all the people who will die without ACA?]]></document>
		<document><![CDATA[@StephenKing @Ciocia Love you Mr. King, but this week is scarier than all of your books.]]></document>
		<document><![CDATA[@goldengateblond Exactly! 👍]]></document>
		<document><![CDATA[@DebraMessing My family came through Ellis Island from Italy in early 20th century. #weareALLimmigrants https://t.co/XFFzIwZyom]]></document>
		<document><![CDATA[@ddale8 @Ciocia Is there an Office of Hate with a weekly list of crimes against minorities, women and LGBTQ people?]]></document>
		<document><![CDATA[@SalihSarikaya I'm not sure words like bang or boom should describe products from a company that have in the past caught fire...]]></document>
		<document><![CDATA[@Richard_Schiff @ShaunKing Same showdown is happening in Texas. Our new sheriff just made our county a sanctuary. Gov. is making threats.]]></document>
		<document><![CDATA[Why does someone with disabilities or mental illness = lazy on Twitter? The real issue is the harassment that goes on. #staystrong]]></document>
		<document><![CDATA[I don't think it's hiding anything. I think it's just open bigotry. https://t.co/kEdElJZSuS]]></document>
		<document><![CDATA[What is up with this @SenWarren? https://t.co/K3k83yjiI5]]></document>
		<document><![CDATA[@JulianCastro Want to have that conversation with @GregAbbott_TX ?]]></document>
		<document><![CDATA[@juliehdavis @NPRinskeep So is this misdirection really about purging voter rolls?]]></document>
		<document><![CDATA[@nytimes Misdirection! Focus on gag rule, DACA, health care, racist immigration policies, funding cuts that hurt the vulnerable.]]></document>
		<document><![CDATA[@AltNatParkSer Hopefully they're mad at the state of the country...]]></document>
		<document><![CDATA[@jenrobinegan No, I'm doing it online through Texas Women's University. More flexible with work and personal life.]]></document>
		<document><![CDATA[@jaketapper And it would be sad that if that many votes could be orchestrated that they weren't in the states needed for Clinton to win...]]></document>
		<document><![CDATA[There's a list of references for this info, but since a bit comes from gov't websites it's no longer reliable. Thanks to #alternativefacts]]></document>
		<document><![CDATA[2016's coral bleaching is expected to impact 38% of the world's coral reefs, killing over 4,630 square miles of reefs. #facts per @NWF]]></document>
		<document><![CDATA[Hey @realDonaldTrump per @NWF In 1910 @GlacierNPS was home to more an estimated 150 glaciers. It's now at 25 as of Dec. 2016. #facts]]></document>
		<document><![CDATA[Hey @realDonaldTrump Did you know average sea level is expected to rise 1 - 6 feet before the end of this century? #facts]]></document>
		<document><![CDATA[Per @NWF If everyone in the world lived the way people do in the U.S., it would take 4 Earths to provide enough resources for everyone! @EPA]]></document>
		<document><![CDATA[Per the @NWF US is the second largest contributor to CO2 in our atmosphere, though it is home to just 4.4% of the world’s population. @EPA]]></document>
		<document><![CDATA[I guess I need to take the government off my list as acceptable sources for my schoolwork. https://t.co/DofVgkAPsj]]></document>
		<document><![CDATA[@ananavarro Funny how they got that many illegal votes, except in the states they needed to win. 🤥#trumplies]]></document>
		<document><![CDATA[@MichaelSkolnik @jenrobinegan It's gotten better. I've read 3 Wash Post articles and a NYT post all using "lie" or "whopper" today.]]></document>
		<document><![CDATA[@michaelaWat @nytimes But I think it's important that "lie" is being used in the story versus "misstatement."]]></document>
		<document><![CDATA[I have read three articles by the Washington Post calling The White House to the mat for lying. 💯]]></document>
		<document><![CDATA[@Lin_Manuel My son and I started to listen to Aristotle and Dante today. He erupted in joy when he heard your voice. #5thgrader 👍]]></document>
		<document><![CDATA[It's an organizational challenge.]]></document>
		<document><![CDATA[I survived my first week of graduate school. Here's hoping I didn't miss any assignments!]]></document>
		<document><![CDATA[Ha! I pointed out to my kiddo that our H-E-B was sold out when we were there the morning of. So proud! https://t.co/xjBMp3Me2P]]></document>
		<document><![CDATA[@GuyEndoreKaiser @Ciocia I hope it's because all the women at CNN were busy demonstrating.😬]]></document>
		<document><![CDATA[@nytimes He's trying to turn attention away from the Woman's March. Don't let him.]]></document>
	</documents>
</author>