<author lang="en">
	<documents>
		<document><![CDATA[@tristandross @AbiWilks @femmenistfatale she's a dork]]></document>
		<document><![CDATA[pivotal moment in my life this]]></document>
		<document><![CDATA[@bain3z Used to go out with a girl from Birmingham who constantly said "Chhyyyyyz". Did my head in.]]></document>
		<document><![CDATA[@bnmrsl still thinking about this]]></document>
		<document><![CDATA[@tristandross @karlusss my exact words to her were "like, an i Robot type situation"]]></document>
		<document><![CDATA[this was after explaining that i'd sleep with a robot if i could, but only if it was completely sentient.]]></document>
		<document><![CDATA[tried explaining the word cuck to someone yesterday]]></document>
		<document><![CDATA[Wait, there's a stand giving out free cheese balls, suddenly feel less like I'm wasting my time on this earth!!!]]></document>
		<document><![CDATA[Can't wait to start going grey, but these powerful Asiatic genes don't falter, baby! ✊✊✊]]></document>
		<document><![CDATA[Friend of mine, I beseech you: step into my DMs. They're always open.]]></document>
		<document><![CDATA[@bnmrsl It's stuff like this that makes @bnmrsl twitter's best heel]]></document>
		<document><![CDATA[@clonmacart really the nicest beach i've ever seen. proper unspoilt vistas and the sea just going on forever. i cant remember the name]]></document>
		<document><![CDATA[@clonmacart when i went to portugal with my ex girlfriend a year or so ago, we took two hours to a beach so beautiful i literally cried]]></document>
		<document><![CDATA[i know i need a small VACATION]]></document>
		<document><![CDATA[david hockney phoning it in and doing a logo for the sun....mmmmm just lovely]]></document>
		<document><![CDATA[@joolsd me, newly single, staring out the windows of my now too big bedroom as the blares in the background]]></document>
		<document><![CDATA[They'll soon see how badly that works out!!!!!]]></document>
		<document><![CDATA[Something galling about seeing ppl on south east housing co-op give moving in with their GFs as the reason their room is up for grabs]]></document>
		<document><![CDATA[@charlesfare @KirbyAfua @cgoodhart89 @BeeBabs "they" "that" "their"...shudder]]></document>
		<document><![CDATA[@KirbyAfua @cgoodhart89 @BeeBabs once had someone say to me "i love it when they do that to their hair" about some random kid they saw]]></document>
		<document><![CDATA[@tristandross now that's paper!]]></document>
		<document><![CDATA[@SamDiss i'm on a two kit kat/one nutigrain a day habit, i'm gonna gain a stone by the time i have my first appraisal]]></document>
		<document><![CDATA[@joe_bish oh god yeah, this was when they opened a chilangos in camden - i would just suddenly find myself there every lunchtime, haunting]]></document>
		<document><![CDATA[@joe_bish i've always been a disgusting gluttonous pig, but the abundance of free food is turning me into something much, much worse]]></document>
		<document><![CDATA[i do have to stop eating sweets and fast food. I've just shoved a pack of haribo in my mouth 3 jelly babies at a time]]></document>
		<document><![CDATA[@paulgibbins @joeabriggs @bnmrsl @YouTube big pop for this]]></document>
		<document><![CDATA[@paulgibbins @joeabriggs @bnmrsl @YouTube fuck off did he?]]></document>
		<document><![CDATA[keep sending me wrestling promos - the more melodrama and pathos the better]]></document>
		<document><![CDATA[@joeabriggs @bnmrsl @YouTube honestly one of the most moving pieces of pop culture i've ever seen]]></document>
		<document><![CDATA[@Kingkeir what's that?]]></document>
		<document><![CDATA[this also is good https://t.co/wQYVsqJr61]]></document>
		<document><![CDATA[sometimes i think, "nerds talk about wrestling so much, get a life". then i watch stuff like this and i understand  https://t.co/Sqyjz0pzcI]]></document>
		<document><![CDATA[@tristandross pal, as you can clearly see my DMs are wide open!]]></document>
		<document><![CDATA[I saw @tristandross on his way to work this morning and I thumped him in the arm!]]></document>
		<document><![CDATA[@bnmrsl alright tex!]]></document>
		<document><![CDATA[Sir, I kindly ask that you step in my to DMs! 🎩]]></document>
		<document><![CDATA[ba ba multicoloured sheep is such an old ass lie to peddle in 2017. do kids even still sing in school anymore anyway?]]></document>
		<document><![CDATA[@GavinHJackson @AbiWilks i saw stan in the street today and thumped him on the arm]]></document>
		<document><![CDATA[@AbiWilks who?]]></document>
		<document><![CDATA[@CharlotteBHC @williamwasteman definitely doing it on purpose to be be provocative]]></document>
		<document><![CDATA[fuck it i;m having the last two kit kats fuck off]]></document>
		<document><![CDATA[@fudwedding the malice in this is palpable, can tell this comes from a real place]]></document>
		<document><![CDATA[@karlusss we'll have to read the book, available now for 12.99, to find out! (i might actually)]]></document>
		<document><![CDATA[@charlesfare @karlusss @theipaper like...what did he expect in the end?]]></document>
		<document><![CDATA[@karlusss @theipaper seems so strange to me that someone who has suffered from heroin addiction would move in with habitual drug users]]></document>
		<document><![CDATA[they call this "mallet pop"

https://t.co/obqVRTJF7n]]></document>
		<document><![CDATA[@bnmrsl @tristandross You know that's exactly what I'd like]]></document>
		<document><![CDATA[@tristandross @bnmrsl Show me]]></document>
		<document><![CDATA[Nourish me with an egg]]></document>
		<document><![CDATA[@bain3z why does he look like he's about to drop the most fire Balami set]]></document>
		<document><![CDATA[@mmegannnolan they're delicious]]></document>
		<document><![CDATA[office supply of kit kats running low. nutrigrain and popcorn have already gone.]]></document>
		<document><![CDATA[@bain3z i'm listening to Boat Club!]]></document>
		<document><![CDATA[guaranteed fave from my boy Bainesy on this one if he sees it.]]></document>
		<document><![CDATA[your boyfriend went through a balearic pop phase in 2009.]]></document>
		<document><![CDATA[@bnmrsl can you explain the rose west slade connection to me please]]></document>
		<document><![CDATA[@joshuaolusa great show though]]></document>
		<document><![CDATA[@AbiWilks i dont work from home, but constantly yes]]></document>
		<document><![CDATA[@bain3z @LowQualityRegen @bnmrsl yeah i saw him in woolwich town centre like two weekends ago, just sort of walking around]]></document>
		<document><![CDATA[you go back to a lad's house and he's got loads of hajime sorayama prints on his wall. How much sex do u give him?… https://t.co/0aGNxIcdMD]]></document>
		<document><![CDATA[@bnmrsl went back to the weird run down bit of london i grew up in 2 weeks ago, saw keith from The Office wandering around the town centre]]></document>
		<document><![CDATA[@CharlotteBHC Please don't hurt me Charlotte!! 🤐]]></document>
		<document><![CDATA[San Junipero episode of Black Mirror is schmaltzy meaningless nonsense. https://t.co/oGtESpDgyf]]></document>
		<document><![CDATA[@mmegannnolan this is very much how i live my life actually !]]></document>
		<document><![CDATA[Everyone in The Walking Dead is a sociopath and an idiot https://t.co/oGtESpURpN]]></document>
		<document><![CDATA[@bnmrsl just watched this clip, absolutely baffled]]></document>
		<document><![CDATA[hot dogs for lunch today!!]]></document>
		<document><![CDATA[Screen capping a tweet before it's deleted is the new "in before the lock!"]]></document>
		<document><![CDATA[@SamDiss what a lovely shop]]></document>
		<document><![CDATA[@NyeBeverage @jackpitt89 @ghostbiggie @mttmcgrth You look lovely in this picture, but it also looks like a picture… https://t.co/bheggiwkKj]]></document>
		<document><![CDATA[@bain3z i'm trying to break into weird twitter, but the People love Classic Charles]]></document>
		<document><![CDATA[@jmsclee i was hungry for milk i think]]></document>
		<document><![CDATA[@ucrazyutaraptor @CharlotteBHC think i've only had soup twice in the four months since]]></document>
		<document><![CDATA[honestly some of my best work, yet u cunts still retweet the fucking soup thing. this should be on 5k]]></document>
		<document><![CDATA[@peatreebojangle also, it's a banana, which has slightly racist connotations in this context??]]></document>
		<document><![CDATA[@bain3z @fudwedding @bnmrsl yeah this is why i try not to slag them off in public tbf]]></document>
		<document><![CDATA[@charlesfare @joe_bish like, there's no way you could say that's not the grimmest most disgusting thing for someone to do or even make up.]]></document>
		<document><![CDATA[@joe_bish as if!]]></document>
		<document><![CDATA[Fucking despairing stuff Jesus Christ. What a horrible planet.]]></document>
		<document><![CDATA[Terrifying looking guy as well, felt so bad for her. Went into the shops to get her some food etc, but she'd left by the time I got out.]]></document>
		<document><![CDATA[People are fucking awful! Just saw a guy offering homeless woman sex in exchange for money. Told him off, for whatever good that does. UGH!]]></document>
		<document><![CDATA[From righteous anger to thirsting over TV presenters. my brand is versatile, baby!]]></document>
		<document><![CDATA[If I see that guy's, or anyone's, Jaguar again I'm going to piss on it, key it and shit on it.]]></document>
		<document><![CDATA[On the phone complaining about a phone bill outside my office and a guy in his jaguar locks his car as I walk by it. Fuck off with that!!]]></document>
		<document><![CDATA[@keewa @poundstoremike It's quite quiet, no one really talks much. It's near where the kettle is.]]></document>
		<document><![CDATA[@vesticular how much is a coffee in a primark cafe?]]></document>
		<document><![CDATA[@vesticular nice to get a bit of culture]]></document>
		<document><![CDATA[i just want to be loved, fuck sakes]]></document>
		<document><![CDATA[i hope someone gets me in this valentines thing!!]]></document>
		<document><![CDATA[[Valentine] @charlesfare's Valentine should be @bnmrsl! Who should be yours?
via https://t.co/wUwgi2lFu2 https://t.co/kodsziQnGg]]></document>
		<document><![CDATA[geezer from stranger things seems like an intense fellow eh]]></document>
		<document><![CDATA[@Ankaman616 @LowQualityRegen thickness/warmth of the dj. goes from about 5 up to 15. get to know]]></document>
		<document><![CDATA[choose life. choose banter. choose outdated pop culture references. choose Ruddles. choose Monzo. choose a cushy media job. choose cutters c]]></document>
		<document><![CDATA[@Ankaman616 @FUERTESKNIGHT i read that more than two is like bad for your neck, my ex would put lots on our bed and they served no purpose!]]></document>
		<document><![CDATA[Sandra Bullock is the step mother of the woman from the cover of Blink 182's Enema of the State's son.]]></document>
		<document><![CDATA[@FUERTESKNIGHT @Ankaman616 asking for a lot here]]></document>
		<document><![CDATA[pronouncing random things in french accents]]></document>
		<document><![CDATA[the three hour New Edition biopic on BET has the little brother from stranger things in it!]]></document>
		<document><![CDATA[@NoChorus I am no longer allows to talk about food bloggers]]></document>
		<document><![CDATA[Just seen that pengest munch lad in dalston]]></document>
	</documents>
</author>