<author lang="en">
	<documents>
		<document><![CDATA[Back to catching babies
#year2placement #midwifelife https://t.co/mEoDRxDg1p]]></document>
		<document><![CDATA[Just posted a photo https://t.co/Of7HJ4PQCn]]></document>
		<document><![CDATA[@Aircoach oh no wait, its not just me. The people at terminal 2 are an irritant to him too. Give this lad the weekend off to chill out]]></document>
		<document><![CDATA[Well that's some welcome home, driver says "ah jesus christ" after asking where I'm stopping. You stay classy @Aircoach ya hear! 😐😠]]></document>
		<document><![CDATA[2 more sleeps 😍🎉 @ Warrenpoint Harbour https://t.co/yI1af5oe1U]]></document>
		<document><![CDATA[@HailoIreland hi, I've sent you a dm with details of my trip last night. Can you please advise how long this should take to resolve? Thank u]]></document>
		<document><![CDATA[@8RadioIreland @DanceKatieKim What was the name of the Joe Tex song? Twas lovely but memory is failing me here]]></document>
		<document><![CDATA[@Ryanair Is the website acting up tonight? Trying to book flights and cant get beyond picking flight times???]]></document>
		<document><![CDATA[2 tickets for Ham Sandwich 22nd Dec in The Academy. €50 face value @Ticket_Fairy @Ham_Sandwich @academydublin #ticketfairy #hamsandwich]]></document>
		<document><![CDATA[In Bruges 
#Bruges #AllTheChocolate #wafflesgalore… https://t.co/mJvjbcdcIC]]></document>
		<document><![CDATA[@graeme_farley you should dress like this]]></document>
		<document><![CDATA[Ah Mick 🐶 @ Liverpool https://t.co/LQUC0cyAHi]]></document>
		<document><![CDATA[Saved the best for last
#beatles https://t.co/T4aEv6U2nm]]></document>
		<document><![CDATA[Fresh pair of old favourites 
#kickers https://t.co/pYxJaHX8yZ]]></document>
		<document><![CDATA[Sorry Coldplay fans https://t.co/bK8KuKLzuO]]></document>
		<document><![CDATA[@HailoIreland thank you for the swift reply! :)]]></document>
		<document><![CDATA[@HailoIreland 3 separate charges of €1 on my account over the past few days. Any ideas why? Can someone dm to check this out please. Thank u]]></document>
		<document><![CDATA[#loafsoftheday https://t.co/au9sQR5Yjp]]></document>
		<document><![CDATA[#Berlin @ East Side Gallery https://t.co/iFKbWcMUQt]]></document>
		<document><![CDATA[#Berlin @ East Side Gallery https://t.co/iFKbWcMUQt]]></document>
		<document><![CDATA[Watching #BrayAirDisplay from the balcony, should've lit up the bbq and got some beers in. Sure theres always tomorrow #AnyExcuseForACoors]]></document>
		<document><![CDATA[@Theberryandrye hi, tryin to text from Irish number but wont deliver. Can u give me the full number with international dialling code pls. ☺]]></document>
		<document><![CDATA[@IrishRail Evening! Ive a group travelling to Carrick on Shannon this week looking to book tickets, any discount codes on offer? #chancer :)]]></document>
		<document><![CDATA[Just one more exam to go
 #midwifelife #ucd #terribletiredaltogether https://t.co/kU76YRDbJd]]></document>
		<document><![CDATA[Stomach churning @ The Blackpool Tower https://t.co/JhYp48m1wL]]></document>
		<document><![CDATA[The smile is fake, I was terrified 😂 @ The Blackpool Tower https://t.co/hWM3Y1cp9X]]></document>
		<document><![CDATA[Ehhhh someone needs to look up the definition of free @ Stephen's… https://t.co/1vllUfGXHX]]></document>
		<document><![CDATA[One little card makes it all worth it 😊
#midwifelife https://t.co/KANScoUyjs]]></document>
		<document><![CDATA[@daniellebyrneee 😂😂😂 always looking out for me and my dodgy digestive system xxx]]></document>
		<document><![CDATA[@daniellebyrneee when u r still awake at 1am and u r up again at 5.30am but you cant sleep for the 1st day back nerves #studentmidwifelife 😢]]></document>
		<document><![CDATA[@JimJimNugent @NobbyFM104 lads I'm devo! Cuddle mugs arent dishwasher safe ive just found out tonight. Any chance of a new 1 #Cheeky 😉]]></document>
		<document><![CDATA[Congratulations, it's twins! 
#SiameseTwins #JoinedAtTheFace https://t.co/Nnp1JcSooz]]></document>
		<document><![CDATA[FREE family passes to Tayto Park with Sunday World &amp; https://t.co/18nRaA97Fa.
Enter here! https://t.co/AXCozX6GHi
 https://t.co/AXCozX6GHi]]></document>
		<document><![CDATA[Just posted a photo https://t.co/PFlCWHHJVA]]></document>
		<document><![CDATA[Possessed by the happy doughnut spirit #krispykreme #liverpool… https://t.co/HxoAjJI6lO]]></document>
		<document><![CDATA[#glendalough @ Glendalough https://t.co/FxwHL2IOjN]]></document>
		<document><![CDATA[Hey @NandosIRE how come nursing staff get a discount but midwives don't? #NoEpiduralForYou]]></document>
		<document><![CDATA[Two buses, two trains, one plane (sitting with Johnny Vegas) and one… https://t.co/jCR9FSCwF0]]></document>
		<document><![CDATA[Yes I will. Thank you for all sugary donations x @ Liverpool https://t.co/NX9H580QSN]]></document>
		<document><![CDATA[ET phone home
#telefonsanta #chq #christmasmarket2015… https://t.co/vIg14lKHu5]]></document>
		<document><![CDATA[Leo Varadkar. Irish Minister for Health: Approve life-saving medication for cystic fibrosis patients ... https://t.co/O0RBJ9YdYZ via @Change]]></document>
		<document><![CDATA[@Boojum_Dublin now open from 11:30 to 22:00 EVERYDAY! #boojumtime https://t.co/dkYL7EomEd]]></document>
		<document><![CDATA[@thecoralband @graeme_farley hey twitter slag, my Whatsapp aren't going to you. Deal with it x]]></document>
		<document><![CDATA[@graeme_farley gway outta that, is it booked? :O]]></document>
		<document><![CDATA[@Meteor_Mobile I cant get thru to speak to anyone as my phone number is no longer recognised as a meteor customer. Can u do this for me?]]></document>
		<document><![CDATA[@Meteor_Mobile can you advise how i get a sim network unlock code pls. i am no longer a meteor customer, the phone is locked to meteor thks]]></document>
		<document><![CDATA[@meteor Hi can you pls advise on how to get a SIM unlock code. I cannot call as i am no longer a meteor customer but phone is meteor locked]]></document>
		<document><![CDATA[@Gary0306 @TheNotoriousMMA that's a cracker of a costume Gary 👍😂]]></document>
		<document><![CDATA[Win tickets to Saturday @metro_festival with @nialler9 https://t.co/TCZnTIlWHF]]></document>
		<document><![CDATA[If your body was a slice of pizza . . .
#pizzanipples https://t.co/jc0JoNxuFI]]></document>
		<document><![CDATA[@thetrainline @graeme_farley thanks Fran, ya legend! I'll send you a postcard from Blackpool 😄]]></document>
		<document><![CDATA[@graeme_farley @thetrainline ive deleted everything trainline related off my phone 😊]]></document>
		<document><![CDATA[@thetrainline no problem.  I'll get him to contact you later this afternoon. Thanks so much for your help 👍]]></document>
		<document><![CDATA[@thetrainline Thanks!! I've filled in those details but it was booked by my boyfriend so should i get him to call/email/tweet you?]]></document>
		<document><![CDATA[@thetrainline is it possible to get a mobile train ticket reset? I have downloaded the ticket already but now have a new device.Thanks a mil]]></document>
		<document><![CDATA[@thetrainline Hi Ive downloaded tickets to a device but I now have a different device. Can i get a printed ticket at the station instead?]]></document>
		<document><![CDATA[The Department of Health &amp; The Health Services Executive: Final year Nursing and Midwifery Students r... https://t.co/IL1sLObt5x via @Change]]></document>
		<document><![CDATA[The Department of Health &amp; The Health Services Executive: Final year Nursing and Midwifery Students r... https://t.co/IL1sLObt5x via @Change]]></document>
		<document><![CDATA[@ciara_YBridge hi. yes, follow me and I'll DM my details :)]]></document>
		<document><![CDATA[2 tickets for Leon 
Bridges Friday 25th Sep in the Olympia. Face value #ticketfairy @Ticket_Fairy #Leonbridges @leonbridges @olympiatheatre]]></document>
		<document><![CDATA[2 tickets for Leon 
Bridges Friday 25th Sep in the Olympia. Face value #ticketfairy @Ticket_Fairy #Leonbridges @leonbridges @olympiatheatre]]></document>
		<document><![CDATA[@MizJordo you think you're ready for anything but then the red wedding just comes and slaps you in the face doesn't it 😂😂😂 😢😢😢]]></document>
		<document><![CDATA[Ferry cross the Mersey 🎵🎶 https://t.co/sKccFq171p]]></document>
		<document><![CDATA[@dublinbusnews no problem, thanks for the update. Good luck with it!]]></document>
		<document><![CDATA[@dublinbusnews hey, good evening. I'm assuming the strike affects the nitelink service too but just looking for confirmation. Thanks!]]></document>
		<document><![CDATA[Wise words from Roald Dahl x https://t.co/ZtHAwza45w]]></document>
		<document><![CDATA[Drunken Snow White https://t.co/Didbge9qvd]]></document>
		<document><![CDATA[@paulfitz101 @QPARKIRELAND @ParkMagic got the email earlier, already booked in. Thanks! 👍😊😉]]></document>
		<document><![CDATA[@QPARKIRELAND @ParkMagic Fantastic, will do! Thanks a million, go treat yourself to an ice cream for lunch 😊]]></document>
		<document><![CDATA[@QPARKIRELAND @ParkMagic any promo codes going spare? Im booking in for a few days at the end of the month #cheeky #IfYaDontAskYaDontGet 😁😎]]></document>
		<document><![CDATA[On bank holiday Monday I ate all the junk food but I was still hungry https://t.co/JHOfA0gsdm]]></document>
		<document><![CDATA[kitchen62 have the bathroom of my dreams, lunch wasn't too bad either 😜 http://t.co/72juQjiQWK]]></document>
		<document><![CDATA[@TheParlourTV cheers, I can't private message you til you follow me 😊]]></document>
		<document><![CDATA[Me, every single day 😂 http://t.co/ZsfpIi5jSL]]></document>
		<document><![CDATA[@sarellfor it's all yours. 😊]]></document>
		<document><![CDATA[1 ticket for Death from Above 1979 next Friday the 20th February. Face value #ticketfairy @Ticket_Fairy #dfa1979 @dfa1979 @academydublin]]></document>
		<document><![CDATA[If I were a duvet cover . . . http://t.co/BrqjcS0WSQ]]></document>
		<document><![CDATA[@MizJordo oh hey!! 👋👸💗😃😝😆😉😚]]></document>
		<document><![CDATA[@ucas_online Hi, I've submitted my app but have now realized that I have not added modules for FETAC course. Can this be added now?]]></document>
		<document><![CDATA[@Meteor_Mobile thanks Julie. Is there a cut off time for the courier to deliver? Just need to know what time to give up for today.]]></document>
		<document><![CDATA[@Meteor_Mobile the 2nd reply confirmed that my sim card(!?!) was on the way. not feeling very confident that I'll ever see this new phone.]]></document>
		<document><![CDATA[@Meteor_Mobile I've received 2 replies this morning from my mail on Friday. The first told me my order hadn't gone out yet, the second . . .]]></document>
		<document><![CDATA[@Meteor_Mobile I've forwarded all of my previous emails to this address but I'm guessing I won't get a reply until tomorrow???]]></document>
		<document><![CDATA[@Meteor_Mobile tried that, was on hold listening to Christmas music for 6 minutes both times and then cut off.]]></document>
		<document><![CDATA[@Meteor_Mobile still waiting on this order. Anyway of you guys checking up on it? What time would the courier deliver until?]]></document>
		<document><![CDATA[@Meteor_Mobile order was going to be delayed due to new year. Not great service!]]></document>
		<document><![CDATA[@Meteor_Mobile as per my first reply: I'm out around on Monday. Waste of my day today. This should have been communicated earlier if the . .]]></document>
		<document><![CDATA[@Meteor_Mobile is it possible to cancel this order and I'll just go to a shop instead?]]></document>
		<document><![CDATA[@Meteor_Mobile so I've to wait until Monday? I called the helpline twice today and wasn't told this either time. I won't be around on Monday]]></document>
		<document><![CDATA[@Meteor_Mobile can you confirm an online order placed on Wednesday evening will be delivered today?]]></document>
		<document><![CDATA[#Love is . . . a tiny mucky puppy paw print http://t.co/zXnCzSEmNd]]></document>
		<document><![CDATA[Where was @DustinOfficial this year? #ToyShow]]></document>
		<document><![CDATA[Tesco mean business, my entire face hurts after this. Don't know if I'm happy or sad about it :) :( http://t.co/BdN4Mqg2wH]]></document>
		<document><![CDATA[Just posted a photo http://t.co/2Ys2WsY9Tw]]></document>
		<document><![CDATA[It's bank holiday bitches! http://t.co/mUWIdY0xnc]]></document>
		<document><![CDATA[Went mad and treated myself to one of those jazzy looking Australian watches http://t.co/K9ktIsjC7d]]></document>
		<document><![CDATA[It's motherfuckin' TEA TIME http://t.co/d6k6qZoEyD]]></document>
		<document><![CDATA[2 tickets for @george_ezra tonight in @theacademy . Face value #ticketfairy @Ticket_Fairy  #GeorgeEzra #petan]]></document>
		<document><![CDATA[2 tickets for George Ezra next Monday the 13th in the Academy. Face value #ticketfairy @Ticket_Fairy #GeorgeEzra #petan]]></document>
		<document><![CDATA[There is only one way to achieve happiness on this terrestrial ball, and that is to have either a clear conscience or none at all-Ogden Nash]]></document>
	</documents>
</author>