<author lang="en">
	<documents>
		<document><![CDATA[Just don’t go there https://t.co/jmQ8daohbk]]></document>
		<document><![CDATA[The Trump/ May presser https://t.co/1WMh4NRHSm https://t.co/wZOJen8PLc]]></document>
		<document><![CDATA[Mocking the Donald https://t.co/oJzq7qv40p https://t.co/qUntbbX3r8]]></document>
		<document><![CDATA[Songs for politicians – 1 https://t.co/bzbOfgVHsl https://t.co/ziBbTx0oBc]]></document>
		<document><![CDATA[Cartoon for Today – 25/1/2017 https://t.co/sbbuj0aIYc https://t.co/RYhnPMgqBU]]></document>
		<document><![CDATA[Cartoon for Today – 24/01/2017 https://t.co/qTtOGIy086 https://t.co/vOIPiXWcJD]]></document>
		<document><![CDATA[The appalling language of political deceit – 1 https://t.co/q15x4vWuGB]]></document>
		<document><![CDATA[On the attendance at the inauguration https://t.co/Xtblsfq4Av]]></document>
		<document><![CDATA[Trump’s speech to CIA staff https://t.co/b6W13WFu5m https://t.co/9EFkeprBjA]]></document>
		<document><![CDATA[Cartoon for Today – 21 Jan 2017 https://t.co/UpAneHnpPG https://t.co/6jyFfSkldg]]></document>
		<document><![CDATA[Cartoon for today – 20 Jan 2017 https://t.co/0HNaxvNNgJ https://t.co/fEQKbCygXZ]]></document>
		<document><![CDATA[Teresa May – Brexit Speech in full https://t.co/8N5q8tg5hB]]></document>
		<document><![CDATA[Cartoon for today- Sunday https://t.co/mIQWziVZCr https://t.co/IPy4Y0VOTh]]></document>
		<document><![CDATA[Cartoon for Today https://t.co/rt3vBqvlNk https://t.co/Dz8SF3zBue]]></document>
		<document><![CDATA[A Song for Christmas 3 https://t.co/Q3K9JGF8yP https://t.co/8W8XQfBB9B]]></document>
		<document><![CDATA[Bile spews again at DomPost https://t.co/dIjv5dJ09A]]></document>
		<document><![CDATA[A Song for Christmas 2 https://t.co/qiPKw40E70 https://t.co/CcMsK59Aey]]></document>
		<document><![CDATA[Music for Christmas Season https://t.co/1gDslJknEG https://t.co/qdbSsx1I2E]]></document>
		<document><![CDATA[A Song for Christmas 1 https://t.co/HNSNetQ5kG https://t.co/FIiWXbK2aL]]></document>
		<document><![CDATA[A Christmas Carol https://t.co/eXH55kBylL]]></document>
		<document><![CDATA[Merry Christmas https://t.co/m7eyHOul8G https://t.co/ZKJJI4xZXI]]></document>
		<document><![CDATA[Cartoon for Today – 13/11/2016 https://t.co/Ivl1c7SMnr https://t.co/ssxDpVRDbL]]></document>
		<document><![CDATA[RIP Leonard Cohen https://t.co/6YJD48swS6 https://t.co/fwCL3LkMM8]]></document>
		<document><![CDATA[Cartoon for today https://t.co/yDGbmCzQpL https://t.co/qKzqNkNL9M]]></document>
		<document><![CDATA[Dylan wins Nobel Prize https://t.co/h7EE4ijXVZ]]></document>
		<document><![CDATA[The druggies carnival https://t.co/wHO8RplPOC]]></document>
		<document><![CDATA[The Labour/Green MOU https://t.co/9ZpDBR8zLw https://t.co/rOrscH2B0b]]></document>
		<document><![CDATA[A reality check https://t.co/FhL1ZWmU1i]]></document>
		<document><![CDATA[Cartoon for today – Monday 06/06/2016 https://t.co/7lHZTJFfpd https://t.co/eiufAcXk5k]]></document>
		<document><![CDATA[RIP – Dave Swarbrick https://t.co/7ZgRyZ5foR]]></document>
		<document><![CDATA[Late Night Music https://t.co/gRlttybxq8 https://t.co/wDuT8EMuB5]]></document>
		<document><![CDATA[Listen to the Man https://t.co/AiPsObVkze https://t.co/wfScezU3yB]]></document>
		<document><![CDATA[Dog Whistle Politics https://t.co/YXxz8uBE4d https://t.co/jaNSbGR45s]]></document>
		<document><![CDATA[Cartton for Today – 22/05/2016 https://t.co/E1rN0mT49Y https://t.co/fQaCAIJ31F]]></document>
		<document><![CDATA[Today is World Whisky Day https://t.co/4h0ES6Tlrl]]></document>
		<document><![CDATA[Cartoon for Today – 16/05/2016 https://t.co/rTEfzVoaz5 https://t.co/S1AsWwViO3]]></document>
		<document><![CDATA[Cartoon for today – 14/05/2016 https://t.co/zBuQYKPpaO https://t.co/1SnLFYk90b]]></document>
		<document><![CDATA[Cartoon for today -04/05/2016 https://t.co/luhf8tMxls https://t.co/gbjOkv4TxC]]></document>
		<document><![CDATA[Music from WW2 https://t.co/FHnWH2ZTuv https://t.co/PjzZFbVDYd]]></document>
		<document><![CDATA[ANZAC Day 2016 – the closing https://t.co/qWWDTdAAMm https://t.co/pj8pl7nKs1]]></document>
		<document><![CDATA[Lest We Forget – Kipling’s Recessional https://t.co/jwt82PT0q8 https://t.co/Da5edln7KO]]></document>
		<document><![CDATA[Music Hall Scene from Oh What A Lovely War https://t.co/obxNXc04zb]]></document>
		<document><![CDATA[Quotation for Sunday 22 April 2016 https://t.co/WFlaYydsAT]]></document>
		<document><![CDATA[Watkins not impressed with Little’s Niue ‘scandal’ https://t.co/ms0rp8bIoy]]></document>
		<document><![CDATA[Music for St George’s Day https://t.co/ZXlLUQGy6d https://t.co/BWpmRHg3Sh]]></document>
		<document><![CDATA[Preparing for ANZAC Day https://t.co/T85aOm8oYG https://t.co/YRcfnCyaAQ]]></document>
		<document><![CDATA[The Dinosaur’s Lament https://t.co/O0LLDGU7ZL https://t.co/nSVcSxCn01]]></document>
		<document><![CDATA[Meanwhile in a parallel universe https://t.co/O121YXGvjU]]></document>
		<document><![CDATA[Once upon a time…. https://t.co/218bXQCIC5]]></document>
		<document><![CDATA[Preparing for ANZAC Day 2016 https://t.co/ueq3g5Di9Y]]></document>
		<document><![CDATA[A little touch of Melly https://t.co/4CzmHPd1GN https://t.co/LX2k7hFkTn]]></document>
		<document><![CDATA[Music for St George’s Day (1) – 23 April https://t.co/6WIUk9CY2k https://t.co/eInZ6OAE4P]]></document>
		<document><![CDATA[AFSAD – 17 April 2016 – Blaydon Races https://t.co/uUp5pEpXO4 https://t.co/vDHYrpXqZC]]></document>
		<document><![CDATA[Are we soon to see a dead mallard? https://t.co/0qa97NIUE7]]></document>
		<document><![CDATA[Jazz today – Charley Patton – Spoonful Blues https://t.co/eJEoQYdxNu https://t.co/s3PKcsxlVt]]></document>
		<document><![CDATA[Some very unpleasant things https://t.co/r1j99PghDW]]></document>
		<document><![CDATA[Some very pleasant things https://t.co/xpdHiNqhvc]]></document>
		<document><![CDATA[A folk song a day https://t.co/AE9XEU7f5f https://t.co/lSWywwT94u]]></document>
		<document><![CDATA[Easter Sunday -Easter Festival Overture https://t.co/Qgv5oBfUlz https://t.co/CmtShJXwT0]]></document>
		<document><![CDATA[The Flag Referendum – Part 3 https://t.co/4139uv1DuG]]></document>
		<document><![CDATA[A morning tune https://t.co/d9gsMFC6Ud https://t.co/OMz8FO6RjU]]></document>
		<document><![CDATA[Easter Hymn – Regina Coeli from Cavelleria Rusticana https://t.co/UevLfapk1j https://t.co/St12Wx4HjN]]></document>
		<document><![CDATA[The flag referendum -Part 2 https://t.co/cDheHJrSds]]></document>
		<document><![CDATA[The flag referendum – Part 1 https://t.co/laJ13Nj3QZ]]></document>
		<document><![CDATA[Music for Easter – Handel’s Messiah https://t.co/zQvBoehFhb https://t.co/mEKXE2JSeK]]></document>
		<document><![CDATA[Easter – 100 Years since the Easter Rising of 1916 https://t.co/wAXT0eMKSJ]]></document>
		<document><![CDATA[Quotation for Today – Sunday – 25 October https://t.co/fCiTqKUO2Z]]></document>
		<document><![CDATA[Cartoon for Today – Sunday 25 October https://t.co/AgtA5dKvya https://t.co/O795sUZeer]]></document>
		<document><![CDATA[Quotation for Today – Saturday, October 17 2015 https://t.co/Arf4yBrxYb]]></document>
		<document><![CDATA[Quotation for Today – Thursday 15 October 2015 https://t.co/88HxKsmzeb]]></document>
		<document><![CDATA[Cartoon for Today – Monday 12 October 2015 https://t.co/3CIBTXsBvf http://t.co/4G8C3lxT1s]]></document>
		<document><![CDATA[Phil Goff commences campaign to become Auckland Mayor https://t.co/ttxf0XaFGY http://t.co/G5z1K2tnrg]]></document>
		<document><![CDATA[Sunday Folk (4) – 11 October 2015 https://t.co/ZpQhGciChT]]></document>
		<document><![CDATA[Sunday Folk (3) – Oct 11, 2015 https://t.co/X2L6Tltmlm]]></document>
		<document><![CDATA[Sunday Folk 2 – Oct 11, 2015 https://t.co/t4cyg3sTC3]]></document>
		<document><![CDATA[Quotation for Today – Sunday 11 October https://t.co/6HeclI6GMW]]></document>
		<document><![CDATA[The Light Dawns – Reality Bites #89 https://t.co/idR4Wxaftx http://t.co/oEeJQH0PPT]]></document>
		<document><![CDATA[Cartoon for Today – Sunday 11 October https://t.co/pcvEZSYWf1 http://t.co/4D5A5zMXeV]]></document>
		<document><![CDATA[Cameron attacks Corbyn https://t.co/C7f1dN2Xep]]></document>
		<document><![CDATA[Cartoon for Today – Thursday 8th October https://t.co/m2EJSqYCX7 http://t.co/eclzIHxkyo]]></document>
		<document><![CDATA[artoon for Todat – Tuesday, 6 October 2015 https://t.co/auPYA3mVU6 http://t.co/VxsReIepBo]]></document>
		<document><![CDATA[Cartoon for Today – Monday, 5 October 2015 https://t.co/uLsrZiUtT7 http://t.co/Z4ZjBumXdk]]></document>
		<document><![CDATA[Quotation for Today, Monday 5 October 2015 https://t.co/YfUx7HgkXZ]]></document>
		<document><![CDATA[A Question to Everyone https://t.co/LAawxo12mq]]></document>
		<document><![CDATA[A Titan Dies – Denis Healey, RIP https://t.co/iAzfbZBySL]]></document>
		<document><![CDATA[Cartoon for Today – Sunday 4 October 2015 https://t.co/cUpwQQwx6z http://t.co/YSdSeJVYho]]></document>
		<document><![CDATA[Quotation for Today – Sunday 4 October, 2015 https://t.co/qfXp2FKvcs]]></document>
		<document><![CDATA[Saturday Jazz – 03/10/2015 – George Melly – Anything Goes https://t.co/pV8sunw7Ih]]></document>
		<document><![CDATA[Saturday Jazz – 03/10/2015 – Leadbelly – Goodnight Irene https://t.co/ou0IgwtHQH]]></document>
		<document><![CDATA[Saturday Jazz – 03/10/2015 – Stable Roof Jazz and Blues Band https://t.co/mywdHUNpti]]></document>
		<document><![CDATA[Saturday Jazz – Acker Bilk – Stranger on the Shore https://t.co/fYRMbHOTAy]]></document>
		<document><![CDATA[Quotation for Today – Saturday 3 October 2015 https://t.co/JpBqZYtYdF]]></document>
		<document><![CDATA[Cartoon for Today – Saturday 3 October 2015 https://t.co/UMGH8MfCOp http://t.co/rvQT1zkHvG]]></document>
		<document><![CDATA[The PLT media frenzy continues https://t.co/GG63fn8ZYj]]></document>
		<document><![CDATA[Quotation for Today – Thursday 1 October https://t.co/0zmdlG0Lbb]]></document>
		<document><![CDATA[Sound familiar https://t.co/Iaayca3k6s]]></document>
		<document><![CDATA[Quotation for Today – Wednesday 30th September https://t.co/mqiD5JKIyW]]></document>
		<document><![CDATA[Cartton for Today – Wednesday 30th September https://t.co/5nlYZZySFP http://t.co/FVpiDBbVFQ]]></document>
		<document><![CDATA[Quotation for Today – Tuesday 29 September https://t.co/fIq0ce78TV]]></document>
		<document><![CDATA[Cartoon for Today – Tuesday 29 September https://t.co/ahD6laiwvy http://t.co/pvR08pAypC]]></document>
	</documents>
</author>